spine	classification	golden_pages	golden_fragments	golden_first	golden_last	golden_sha	historical_pages	historical_fragments	historical_first	historical_last	historical_sha	current_pages	current_fragments	current_first	current_last	current_sha
0	UNCHANGED	1	0	-	-	e3b0c44298fc1c14	1	0	-	-	e3b0c44298fc1c14	1	0	-	-	e3b0c44298fc1c14
1	UNCHANGED	1	1	19.25,29.00,4.35,22.10|46.09|abfbd10d	19.25,29.00,4.35,22.10|46.09|abfbd10d	cab0f027f7f89a6f	1	1	19.25,29.00,4.35,22.10|46.09|abfbd10d	19.25,29.00,4.35,22.10|46.09|abfbd10d	cab0f027f7f89a6f	1	1	19.25,29.00,4.35,22.10|46.09|abfbd10d	19.25,29.00,4.35,22.10|46.09|abfbd10d	cab0f027f7f89a6f
2	UNCHANGED	1	1	19.25,29.00,4.35,22.10|46.09|abfbd10d	19.25,29.00,4.35,22.10|46.09|abfbd10d	cab0f027f7f89a6f	1	1	19.25,29.00,4.35,22.10|46.09|abfbd10d	19.25,29.00,4.35,22.10|46.09|abfbd10d	cab0f027f7f89a6f	1	1	19.25,29.00,4.35,22.10|46.09|abfbd10d	19.25,29.00,4.35,22.10|46.09|abfbd10d	cab0f027f7f89a6f
3	UNCHANGED	1	1	19.25,29.00,4.35,22.10|46.09|abfbd10d	19.25,29.00,4.35,22.10|46.09|abfbd10d	cab0f027f7f89a6f	1	1	19.25,29.00,4.35,22.10|46.09|abfbd10d	19.25,29.00,4.35,22.10|46.09|abfbd10d	cab0f027f7f89a6f	1	1	19.25,29.00,4.35,22.10|46.09|abfbd10d	19.25,29.00,4.35,22.10|46.09|abfbd10d	cab0f027f7f89a6f
4	CURRENT_SOURCE_ONLY	12	26	130.59,29.85,17.69,23.21|47.80|0eb7ee7e	164.64,543.80,60.72,19.12|558.80|0b539352	7a2d43bb5d1e21f8	12	26	130.59,29.85,17.69,23.21|47.80|0eb7ee7e	164.64,543.80,60.72,19.12|558.80|0b539352	7a2d43bb5d1e21f8	12	26	129.10,29.85,18.19,24.99|48.77|0eb7ee7e	164.40,543.80,61.20,21.42|560.02|0b539352	50c475d6380acc39
5	CURRENT_SOURCE_ONLY	16	30	130.59,29.85,17.69,23.21|47.80|0eb7ee7e	127.67,543.80,134.66,19.12|558.80|04f5ac78	ffb6122ecc5b1a15	16	30	130.59,29.85,17.69,23.21|47.80|0eb7ee7e	127.67,543.80,134.66,19.12|558.80|04f5ac78	ffb6122ecc5b1a15	16	30	129.10,29.85,18.19,24.99|48.77|0eb7ee7e	129.25,543.80,131.50,21.42|560.02|04f5ac78	5e5fce8ab35edb09
6	CURRENT_SOURCE_ONLY	19	33	130.59,29.85,17.69,23.21|47.80|0eb7ee7e	164.64,543.80,60.72,19.12|558.80|f43252d7	ca5e78faf538bf79	19	33	130.59,29.85,17.69,23.21|47.80|0eb7ee7e	164.64,543.80,60.72,19.12|558.80|f43252d7	ca5e78faf538bf79	19	33	129.10,29.85,18.19,24.99|48.77|0eb7ee7e	164.40,543.80,61.20,21.42|560.02|f43252d7	6f516fd90d032acb
7	CURRENT_SOURCE_ONLY	10	24	130.59,29.85,17.69,23.21|47.80|0eb7ee7e	164.64,543.80,60.72,19.12|558.80|6634b282	59974dd47f2542b2	10	24	130.59,29.85,17.69,23.21|47.80|0eb7ee7e	164.64,543.80,60.72,19.12|558.80|6634b282	59974dd47f2542b2	10	24	129.10,29.85,18.19,24.99|48.77|0eb7ee7e	164.40,543.80,61.20,21.42|560.02|6634b282	0eb028d29a27b741
8	CURRENT_SOURCE_ONLY	15	29	130.59,29.85,17.69,23.21|47.80|0eb7ee7e	164.64,543.80,60.72,19.12|558.80|6634b282	461ee4fbfd5dc403	15	29	130.59,29.85,17.69,23.21|47.80|0eb7ee7e	164.64,543.80,60.72,19.12|558.80|6634b282	461ee4fbfd5dc403	15	29	129.10,29.85,18.19,24.99|48.77|0eb7ee7e	164.40,543.80,61.20,21.42|560.02|6634b282	f44baa2325279633
9	UNCHANGED	8	264	175.45,208.61,39.10,29.32|229.27|668ca8fa	37.66,715.70,161.50,22.10|732.20|65afb2ac	3ebf43a5cc1111f0	8	264	175.45,208.61,39.10,29.32|229.27|668ca8fa	37.66,715.70,161.50,22.10|732.20|65afb2ac	3ebf43a5cc1111f0	8	264	175.45,208.61,39.10,29.32|229.27|668ca8fa	37.66,715.70,161.50,22.10|732.20|65afb2ac	3ebf43a5cc1111f0
10	UNCHANGED	5	130	126.58,208.61,136.85,29.32|229.27|afd55096	294.25,129.30,76.50,22.10|145.73|c0d1b778	5764e88c9423e9e8	5	130	126.58,208.61,136.85,29.32|229.27|afd55096	294.25,129.30,76.50,22.10|145.73|c0d1b778	5764e88c9423e9e8	5	130	126.58,208.61,136.85,29.32|229.27|afd55096	294.25,129.30,76.50,22.10|145.73|c0d1b778	5764e88c9423e9e8
11	UNCHANGED	3	88	136.35,208.61,117.30,29.32|229.27|fa5d77af	183.75,737.90,187.00,22.10|754.33|8dd84b6e	7a036c13a5599357	3	88	136.35,208.61,117.30,29.32|229.27|fa5d77af	183.75,737.90,187.00,22.10|754.33|8dd84b6e	7a036c13a5599357	3	88	136.35,208.61,117.30,29.32|229.27|fa5d77af	183.75,737.90,187.00,22.10|754.33|8dd84b6e	7a036c13a5599357
12	UNCHANGED	4	90	155.90,208.61,78.20,29.32|229.27|5a2e57ce	183.75,401.30,187.00,22.10|417.73|2d49cd75	3ad99a69d0986451	4	90	155.90,208.61,78.20,29.32|229.27|5a2e57ce	183.75,401.30,187.00,22.10|417.73|2d49cd75	3ad99a69d0986451	4	90	155.90,208.61,78.20,29.32|229.27|5a2e57ce	183.75,401.30,187.00,22.10|417.73|2d49cd75	3ad99a69d0986451
13	UNCHANGED	1	1	19.25,29.00,4.35,22.10|46.09|abfbd10d	19.25,29.00,4.35,22.10|46.09|abfbd10d	cab0f027f7f89a6f	1	1	19.25,29.00,4.35,22.10|46.09|abfbd10d	19.25,29.00,4.35,22.10|46.09|abfbd10d	cab0f027f7f89a6f	1	1	19.25,29.00,4.35,22.10|46.09|abfbd10d	19.25,29.00,4.35,22.10|46.09|abfbd10d	cab0f027f7f89a6f
14	UNCHANGED	1	5	164.02,146.87,61.97,33.28|171.52|f202e4c8	103.20,213.43,183.60,33.28|237.95|1e0eb510	de2eb00b5f195453	1	5	164.02,146.87,61.97,33.28|171.52|f202e4c8	103.20,213.43,183.60,33.28|237.95|1e0eb510	de2eb00b5f195453	1	5	164.02,146.87,61.97,33.28|171.52|f202e4c8	103.20,213.43,183.60,33.28|237.95|1e0eb510	de2eb00b5f195453
15	HISTORICAL_AND_CURRENT_SOURCE	23	848	19.25,257.49,340.00,22.10|274.39|6c5c8508	37.66,409.80,177.65,22.10|426.30|4a74da37	f75828eb40b1a3e8	23	847	19.25,257.49,340.00,22.10|274.39|6c5c8508	37.66,321.40,177.65,22.10|337.90|4a74da37	65398a3830cc2a72	24	852	19.25,257.49,340.00,22.10|274.39|6c5c8508	37.66,255.10,177.65,22.10|271.60|4a74da37	62a3f6d9df3cc11c
16	UNCHANGED	2	40	164.02,146.87,61.97,33.28|171.52|3d5245c8	37.66,188.80,258.40,22.10|205.30|e12b3302	32fa8190ce4f23a1	2	40	164.02,146.87,61.97,33.28|171.52|3d5245c8	37.66,188.80,258.40,22.10|205.30|e12b3302	32fa8190ce4f23a1	2	40	164.02,146.87,61.97,33.28|171.52|3d5245c8	37.66,188.80,258.40,22.10|205.30|e12b3302	32fa8190ce4f23a1
17	HISTORICAL_AND_CURRENT_SOURCE	16	589	19.25,257.49,337.49,22.10|274.59|391c3e45	37.66,454.00,48.45,22.10|470.50|2e0d98ef	da4c1490739bca29	16	589	19.25,257.49,333.24,22.10|274.59|391c3e45	37.66,431.90,48.45,22.10|448.40|2e0d98ef	b1f48bab6e69ab04	17	595	19.25,257.49,342.21,23.80|275.51|391c3e45	37.66,321.40,48.45,22.10|337.90|2e0d98ef	56d837b8f94ea5b4
18	UNCHANGED	1	7	164.02,146.87,61.97,33.28|171.52|d9a00705	37.66,313.90,261.21,22.10|330.40|4a31766f	5f9ea5344b4bccc7	1	7	164.02,146.87,61.97,33.28|171.52|d9a00705	37.66,313.90,261.21,22.10|330.40|4a31766f	5f9ea5344b4bccc7	1	7	164.02,146.87,61.97,33.28|171.52|d9a00705	37.66,313.90,261.21,22.10|330.40|4a31766f	5f9ea5344b4bccc7
19	HISTORICAL_AND_CURRENT_SOURCE	22	823	19.25,257.49,337.49,22.10|274.59|9f16f1b1	37.66,542.40,215.18,22.10|558.90|1b657007	75819c64fe1923b3	22	820	19.25,257.49,337.49,22.10|274.59|9f16f1b1	37.66,431.90,215.18,22.10|448.40|1b657007	040c12ec6f6bb3c7	23	835	19.25,257.49,346.46,23.80|275.51|9f16f1b1	37.66,586.60,215.18,22.10|603.10|1b657007	4d190f8c45f69ba4
20	UNCHANGED	1	15	164.02,146.87,61.97,33.28|171.52|c5ca50bf	37.66,490.70,193.80,22.10|507.20|ff032817	1f5bb39ed7f2355f	1	15	164.02,146.87,61.97,33.28|171.52|c5ca50bf	37.66,490.70,193.80,22.10|507.20|ff032817	1f5bb39ed7f2355f	1	15	164.02,146.87,61.97,33.28|171.52|c5ca50bf	37.66,490.70,193.80,22.10|507.20|ff032817	1f5bb39ed7f2355f
21	HISTORICAL_AND_CURRENT_SOURCE	14	517	19.25,257.49,303.55,22.10|274.59|c02273d0	37.66,498.20,290.70,22.10|514.70|1f9c0ff8	6d4bce5c96117f0d	14	516	19.25,257.49,303.55,22.10|274.59|c02273d0	37.66,476.10,290.70,22.10|492.60|1f9c0ff8	125301bd6abcf049	15	521	19.25,257.49,311.81,23.80|275.51|c02273d0	37.66,343.50,290.70,22.10|360.00|1f9c0ff8	1896cc6269cc73fc
22	UNCHANGED	1	14	164.02,146.87,61.97,33.28|171.52|a3931705	37.66,468.60,48.45,22.10|485.10|bc81da20	4f10f6fc7a4c9232	1	14	164.02,146.87,61.97,33.28|171.52|a3931705	37.66,468.60,48.45,22.10|485.10|bc81da20	4f10f6fc7a4c9232	1	14	164.02,146.87,61.97,33.28|171.52|a3931705	37.66,468.60,48.45,22.10|485.10|bc81da20	4f10f6fc7a4c9232
23	HISTORICAL_AND_CURRENT_SOURCE	28	991	19.25,257.49,337.02,22.10|274.59|2b23d450	37.66,321.40,209.95,22.10|337.90|07f96915	d587fc800eff3e2a	28	988	19.25,257.49,337.02,22.10|274.59|2b23d450	37.66,210.90,209.95,22.10|227.40|07f96915	1b0cfe17937f566b	29	1005	19.25,257.49,346.46,23.80|275.51|2b23d450	37.66,233.00,209.95,22.10|249.50|07f96915	6375c52108b4e34c
24	UNCHANGED	1	8	164.02,146.87,61.97,33.28|171.52|adf144d0	37.66,358.10,258.40,22.10|374.60|6232697a	64b295e29640483c	1	8	164.02,146.87,61.97,33.28|171.52|adf144d0	37.66,358.10,258.40,22.10|374.60|6232697a	64b295e29640483c	1	8	164.02,146.87,61.97,33.28|171.52|adf144d0	37.66,358.10,258.40,22.10|374.60|6232697a	64b295e29640483c
25	HISTORICAL_AND_CURRENT_SOURCE	14	489	19.25,257.49,337.25,22.10|274.59|fef9cbef	37.66,321.40,96.90,22.10|337.90|6b9cb9e7	f74a0dd36535893c	14	487	19.25,257.49,337.25,22.10|274.59|fef9cbef	37.66,255.10,96.90,22.10|271.60|6b9cb9e7	3d3de6ec01fa55c4	15	494	19.25,257.49,346.46,23.80|275.51|fef9cbef	37.66,188.80,96.90,22.10|205.30|6b9cb9e7	1cb0b710af5ba561
26	UNCHANGED	1	9	164.02,146.87,61.97,33.28|171.52|837fb4fa	37.66,380.20,129.20,22.10|396.70|bd9fe5e8	5172973abf2b5f91	1	9	164.02,146.87,61.97,33.28|171.52|837fb4fa	37.66,380.20,129.20,22.10|396.70|bd9fe5e8	5172973abf2b5f91	1	9	164.02,146.87,61.97,33.28|171.52|837fb4fa	37.66,380.20,129.20,22.10|396.70|bd9fe5e8	5172973abf2b5f91
27	HISTORICAL_AND_CURRENT_SOURCE	14	502	19.25,257.49,337.25,22.10|274.59|a044aa87	37.66,498.20,290.70,22.10|514.70|21be26c8	433a54911e597e4a	14	501	19.25,257.49,337.25,22.10|274.59|a044aa87	37.66,476.10,290.70,22.10|492.60|21be26c8	c3a52754864aae1f	15	509	19.25,257.49,346.46,23.80|275.51|a044aa87	37.66,476.10,290.70,22.10|492.60|21be26c8	5f0d4166c001461a
28	UNCHANGED	1	8	164.02,146.87,61.97,33.28|171.52|1a82d0d0	37.66,358.10,129.20,22.10|374.60|6b6324c9	b2c1a6a97863a82c	1	8	164.02,146.87,61.97,33.28|171.52|1a82d0d0	37.66,358.10,129.20,22.10|374.60|6b6324c9	b2c1a6a97863a82c	1	8	164.02,146.87,61.97,33.28|171.52|1a82d0d0	37.66,358.10,129.20,22.10|374.60|6b6324c9	b2c1a6a97863a82c
29	HISTORICAL_AND_CURRENT_SOURCE	13	442	19.25,257.49,303.78,22.10|274.59|a7dea468	37.66,785.50,96.90,22.10|802.00|eeed701e	fd571c294e7ce51f	13	443	19.25,257.49,303.78,22.10|274.59|a7dea468	37.66,785.50,96.90,22.10|802.00|eeed701e	b34f94f43401eb9b	14	450	19.25,257.49,311.81,23.80|275.51|a7dea468	37.66,520.30,96.90,22.10|536.80|eeed701e	ae5b54f882a415b2
30	UNCHANGED	1	5	164.02,146.87,61.97,33.28|171.52|60bdccd2	103.20,213.43,183.60,33.28|237.95|07ffb2c7	8fe1e69c5e6bd3cc	1	5	164.02,146.87,61.97,33.28|171.52|60bdccd2	103.20,213.43,183.60,33.28|237.95|07ffb2c7	8fe1e69c5e6bd3cc	1	5	164.02,146.87,61.97,33.28|171.52|60bdccd2	103.20,213.43,183.60,33.28|237.95|07ffb2c7	8fe1e69c5e6bd3cc
31	HISTORICAL_AND_CURRENT_SOURCE	12	414	19.25,257.49,320.17,22.10|274.59|6c8ed029	37.66,12.00,177.65,22.10|28.50|f6878b05	92abf2972fac2ae9	11	409	19.25,257.49,349.86,22.10|274.59|986a5b5c	37.66,697.10,177.65,22.10|713.60|f6878b05	82a92e4d4f477287	12	414	19.25,257.49,329.14,23.80|275.51|6c8ed029	37.66,542.40,177.65,22.10|558.90|f6878b05	d9ad73f61d8ec07b
32	UNCHANGED	1	5	164.02,146.87,61.97,33.28|171.52|5b110e6e	103.20,213.43,183.60,33.28|237.95|5e4ec501	b916b9dd5f75cb17	1	5	164.02,146.87,61.97,33.28|171.52|5b110e6e	103.20,213.43,183.60,33.28|237.95|5e4ec501	b916b9dd5f75cb17	1	5	164.02,146.87,61.97,33.28|171.52|5b110e6e	103.20,213.43,183.60,33.28|237.95|5e4ec501	b916b9dd5f75cb17
33	HISTORICAL_AND_CURRENT_SOURCE	10	310	19.25,257.49,337.49,22.10|274.59|1f051d79	37.66,78.30,290.70,22.10|94.80|47e1ed86	8515b0c8f22e03bf	10	309	19.25,257.49,337.49,22.10|274.59|1f051d79	37.66,78.30,290.70,22.10|94.80|47e1ed86	88f9597c07a8fed3	10	317	19.25,257.49,346.46,23.80|275.51|1f051d79	37.66,630.80,290.70,22.10|647.30|47e1ed86	8137b751aa6c932a
34	UNCHANGED	1	5	153.69,146.87,82.62,33.28|171.52|213e31e6	103.20,213.43,183.60,33.28|237.95|3dd8233d	ceb7aefc7e027b80	1	5	153.69,146.87,82.62,33.28|171.52|213e31e6	103.20,213.43,183.60,33.28|237.95|3dd8233d	ceb7aefc7e027b80	1	5	153.69,146.87,82.62,33.28|171.52|213e31e6	103.20,213.43,183.60,33.28|237.95|3dd8233d	ceb7aefc7e027b80
35	HISTORICAL_AND_CURRENT_SOURCE	11	380	19.25,257.49,337.25,22.10|274.59|528b30fd	37.66,520.30,113.05,22.10|536.80|d6c7592a	3a0b4dc1d6d77a7e	11	377	19.25,257.49,337.25,22.10|274.59|528b30fd	37.66,476.10,113.05,22.10|492.60|d6c7592a	dbfa3127c56a6ab6	12	385	19.25,257.49,346.46,23.80|275.51|528b30fd	37.66,277.20,113.05,22.10|293.70|d6c7592a	3bf94092741afba5
36	UNCHANGED	1	5	153.69,146.87,82.62,33.28|171.52|a811e262	103.20,213.43,183.60,33.28|237.95|55889c97	e04427ccc1b4fcae	1	5	153.69,146.87,82.62,33.28|171.52|a811e262	103.20,213.43,183.60,33.28|237.95|55889c97	e04427ccc1b4fcae	1	5	153.69,146.87,82.62,33.28|171.52|a811e262	103.20,213.43,183.60,33.28|237.95|55889c97	e04427ccc1b4fcae
37	HISTORICAL_AND_CURRENT_SOURCE	8	274	19.25,257.49,349.11,22.10|274.59|c884bae8	37.66,542.40,306.85,22.10|558.90|038413d3	bf4254f2f8f921ce	8	273	19.25,257.49,349.11,22.10|274.59|c884bae8	37.66,542.40,306.85,22.10|558.90|038413d3	ae0b320a123577bd	9	279	19.25,257.49,340.76,23.80|275.51|59b4e8a9	37.66,210.90,306.85,22.10|227.40|038413d3	c44626d98e634b3d
38	UNCHANGED	1	6	153.69,146.87,82.62,33.28|171.52|8e58381f	37.66,313.90,258.40,22.10|330.40|c2a731e7	1b74dccb8d2686c1	1	6	153.69,146.87,82.62,33.28|171.52|8e58381f	37.66,313.90,258.40,22.10|330.40|c2a731e7	1b74dccb8d2686c1	1	6	153.69,146.87,82.62,33.28|171.52|8e58381f	37.66,313.90,258.40,22.10|330.40|c2a731e7	1b74dccb8d2686c1
39	HISTORICAL_AND_CURRENT_SOURCE	12	432	19.25,257.49,337.25,22.10|274.59|eb2f3863	37.66,365.60,32.30,22.10|382.10|21d793dc	e91db06e1ccb6a0c	12	429	19.25,257.49,337.25,22.10|274.59|eb2f3863	37.66,277.20,32.30,22.10|293.70|21d793dc	5eb8fb5d6035308b	12	433	19.25,257.49,346.46,23.80|275.51|eb2f3863	37.66,785.50,32.30,22.10|802.00|21d793dc	d0520e17c4d3e217
40	UNCHANGED	1	12	153.69,146.87,82.62,33.28|171.52|597cb1f7	37.66,402.30,193.80,22.10|418.80|2c2b8c46	75a77db97ce02140	1	12	153.69,146.87,82.62,33.28|171.52|597cb1f7	37.66,402.30,193.80,22.10|418.80|2c2b8c46	75a77db97ce02140	1	12	153.69,146.87,82.62,33.28|171.52|597cb1f7	37.66,402.30,193.80,22.10|418.80|2c2b8c46	75a77db97ce02140
41	HISTORICAL_AND_CURRENT_SOURCE	13	482	19.25,257.49,320.17,22.10|274.59|0a0657d4	37.66,697.10,258.40,22.10|713.60|3aad480e	6d60cc74548cff7b	13	476	19.25,257.49,349.86,22.10|274.59|e595e81e	37.66,586.60,258.40,22.10|603.10|3aad480e	86c1eae5666c5c8c	14	487	19.25,257.49,329.14,23.80|275.51|0a0657d4	37.66,630.80,258.40,22.10|647.30|3aad480e	77c839d958266c91
42	UNCHANGED	1	5	153.69,146.87,82.62,33.28|171.52|da8bb676	103.20,213.43,183.60,33.28|237.95|503cb708	b22615d5dffd7bca	1	5	153.69,146.87,82.62,33.28|171.52|da8bb676	103.20,213.43,183.60,33.28|237.95|503cb708	b22615d5dffd7bca	1	5	153.69,146.87,82.62,33.28|171.52|da8bb676	103.20,213.43,183.60,33.28|237.95|503cb708	b22615d5dffd7bca
43	HISTORICAL_AND_CURRENT_SOURCE	10	364	19.25,257.49,337.02,22.10|274.59|3a9364b9	37.66,675.00,161.50,22.10|691.50|aee5b1c1	76d6f2f83216b520	10	365	19.25,257.49,337.02,22.10|274.59|3a9364b9	37.66,675.00,161.50,22.10|691.50|aee5b1c1	4fcdc2f716d5e56a	11	368	19.25,257.49,346.46,23.80|275.51|3a9364b9	37.66,299.30,161.50,22.10|315.80|aee5b1c1	4d514e2e241a8c1a
44	UNCHANGED	1	5	153.69,146.87,82.62,33.28|171.52|64e52e93	103.20,213.43,183.60,33.28|237.95|6b7c6ee1	d31a54ca327283d2	1	5	153.69,146.87,82.62,33.28|171.52|64e52e93	103.20,213.43,183.60,33.28|237.95|6b7c6ee1	d31a54ca327283d2	1	5	153.69,146.87,82.62,33.28|171.52|64e52e93	103.20,213.43,183.60,33.28|237.95|6b7c6ee1	d31a54ca327283d2
45	HISTORICAL_AND_CURRENT_SOURCE	15	540	19.25,257.49,320.40,22.10|274.59|1bf116d3	37.66,343.50,80.75,22.10|360.00|1ee57857	22697a65fb9acd6c	15	542	19.25,257.49,350.09,22.10|274.59|ab3fce33	37.66,343.50,80.75,22.10|360.00|1ee57857	4752cf48b68d305d	16	550	19.25,257.49,329.14,23.80|275.51|1bf116d3	37.66,387.70,80.75,22.10|404.20|1ee57857	68df48d351f11ff5
46	UNCHANGED	2	37	112.38,146.87,165.24,33.28|171.52|9a484323	37.66,166.70,290.70,22.10|183.20|d5c22c70	06b9cd069f0932ee	2	37	112.38,146.87,165.24,33.28|171.52|9a484323	37.66,166.70,290.70,22.10|183.20|d5c22c70	06b9cd069f0932ee	2	37	112.38,146.87,165.24,33.28|171.52|9a484323	37.66,166.70,290.70,22.10|183.20|d5c22c70	06b9cd069f0932ee
47	HISTORICAL_AND_CURRENT_SOURCE	41	1505	19.25,257.49,337.49,22.10|274.59|735f2bbd	37.66,741.30,64.60,22.10|757.80|2001c869	3781c9d4f5c6de03	41	1501	19.25,257.49,337.49,22.10|274.59|735f2bbd	37.66,741.30,64.60,22.10|757.80|2001c869	a2dfbbd544339a36	43	1513	19.25,257.49,346.46,23.80|275.51|735f2bbd	37.66,763.40,64.60,22.10|779.90|2001c869	6300a6889e80e107
48	UNCHANGED	1	18	153.69,146.87,82.62,33.28|171.52|321fe3d0	37.66,579.10,290.70,22.10|595.60|1d7cdcca	991d63f725b35b1a	1	18	153.69,146.87,82.62,33.28|171.52|321fe3d0	37.66,579.10,290.70,22.10|595.60|1d7cdcca	991d63f725b35b1a	1	18	153.69,146.87,82.62,33.28|171.52|321fe3d0	37.66,579.10,290.70,22.10|595.60|1d7cdcca	991d63f725b35b1a
49	HISTORICAL_AND_CURRENT_SOURCE	17	587	19.25,257.49,337.49,22.10|274.59|772c96a6	37.66,365.60,80.75,22.10|382.10|2a688f71	3586bd8ca4976c09	17	585	19.25,257.49,337.49,22.10|274.59|772c96a6	37.66,321.40,80.75,22.10|337.90|2a688f71	6f77c75e39fa0a65	18	596	19.25,257.49,346.46,23.80|275.51|772c96a6	37.66,365.60,80.75,22.10|382.10|2a688f71	0432cab3d4730c39
50	UNCHANGED	1	5	153.69,146.87,82.62,33.28|171.52|78f6976d	103.20,213.43,183.60,33.28|237.95|88f2ac92	1e05f358cf4b0847	1	5	153.69,146.87,82.62,33.28|171.52|78f6976d	103.20,213.43,183.60,33.28|237.95|88f2ac92	1e05f358cf4b0847	1	5	153.69,146.87,82.62,33.28|171.52|78f6976d	103.20,213.43,183.60,33.28|237.95|88f2ac92	1e05f358cf4b0847
51	HISTORICAL_AND_CURRENT_SOURCE	10	313	19.25,257.49,347.98,22.10|274.59|e6354951	37.66,34.10,48.45,22.10|50.60|4e12d435	b4f915b6f1759d38	9	310	19.25,257.49,343.73,22.10|274.59|e6354951	37.66,807.50,48.45,22.10|824.00|4e12d435	fe834046e399b1a1	10	320	19.25,257.49,322.31,23.80|275.51|84659b5f	37.66,586.60,48.45,22.10|603.10|4e12d435	5921b0bdbaab4339
52	UNCHANGED	1	5	143.36,146.87,103.28,33.28|171.52|8484ad27	103.20,213.43,183.60,33.28|237.95|174b75cb	616c3d5d607cd10a	1	5	143.36,146.87,103.28,33.28|171.52|8484ad27	103.20,213.43,183.60,33.28|237.95|174b75cb	616c3d5d607cd10a	1	5	143.36,146.87,103.28,33.28|171.52|8484ad27	103.20,213.43,183.60,33.28|237.95|174b75cb	616c3d5d607cd10a
53	HISTORICAL_AND_CURRENT_SOURCE	13	451	19.25,257.49,337.49,22.10|274.59|92edab6f	37.66,122.50,290.70,22.10|139.00|5c2cff48	691f45152ba74e6c	13	450	19.25,257.49,337.49,22.10|274.59|92edab6f	37.66,122.50,290.70,22.10|139.00|5c2cff48	336a1ea36ab392ae	13	457	19.25,257.49,346.46,23.80|275.51|92edab6f	37.66,763.40,290.70,22.10|779.90|5c2cff48	f4708ed5bc54aa0b
54	UNCHANGED	1	5	143.36,146.87,103.28,33.28|171.52|ef3cf970	103.20,213.43,183.60,33.28|237.95|ffe733d7	44ca42796c2f51c7	1	5	143.36,146.87,103.28,33.28|171.52|ef3cf970	103.20,213.43,183.60,33.28|237.95|ffe733d7	44ca42796c2f51c7	1	5	143.36,146.87,103.28,33.28|171.52|ef3cf970	103.20,213.43,183.60,33.28|237.95|ffe733d7	44ca42796c2f51c7
55	HISTORICAL_AND_CURRENT_SOURCE	19	653	19.25,257.49,337.25,22.10|274.59|3ce38a29	37.66,365.60,64.60,22.10|382.10|56f86e8a	4345c99603de8230	19	651	19.25,257.49,337.25,22.10|274.59|3ce38a29	37.66,255.10,64.60,22.10|271.60|56f86e8a	bcc65b4629f29dd3	20	663	19.25,257.49,346.46,23.80|275.51|3ce38a29	37.66,255.10,64.60,22.10|271.60|56f86e8a	e8e8c0855d744131
56	UNCHANGED	1	5	143.36,146.87,103.28,33.28|171.52|2345e80f	103.20,213.43,183.60,33.28|237.95|9b5a188b	f86e51e2ab28d27a	1	5	143.36,146.87,103.28,33.28|171.52|2345e80f	103.20,213.43,183.60,33.28|237.95|9b5a188b	f86e51e2ab28d27a	1	5	143.36,146.87,103.28,33.28|171.52|2345e80f	103.20,213.43,183.60,33.28|237.95|9b5a188b	f86e51e2ab28d27a
57	HISTORICAL_AND_CURRENT_SOURCE	14	471	19.25,257.49,337.25,22.10|274.59|1ea9ac33	37.66,409.80,113.05,22.10|426.30|be24e42e	767c61808df33d69	14	469	19.25,257.49,337.25,22.10|274.59|1ea9ac33	37.66,343.50,113.05,22.10|360.00|be24e42e	48ef1af607ec267e	15	477	19.25,257.49,346.46,23.80|275.51|1ea9ac33	37.66,78.30,113.05,22.10|94.80|be24e42e	ec3eb9747ad61c2c
58	UNCHANGED	1	5	143.36,146.87,103.28,33.28|171.52|95c8c325	103.20,213.43,183.60,33.28|237.95|23d6bd5e	55f9719203b52014	1	5	143.36,146.87,103.28,33.28|171.52|95c8c325	103.20,213.43,183.60,33.28|237.95|23d6bd5e	55f9719203b52014	1	5	143.36,146.87,103.28,33.28|171.52|95c8c325	103.20,213.43,183.60,33.28|237.95|23d6bd5e	55f9719203b52014
59	HISTORICAL_AND_CURRENT_SOURCE	15	510	19.25,257.49,337.49,22.10|274.59|f94ee5ca	37.66,233.00,113.05,22.10|249.50|8edacb9f	0700e267c84a2b99	15	507	19.25,257.49,337.49,22.10|274.59|f94ee5ca	37.66,144.60,113.05,22.10|161.10|8edacb9f	0ebee2f63dab422f	16	519	19.25,257.49,346.46,23.80|275.51|f94ee5ca	37.66,255.10,113.05,22.10|271.60|8edacb9f	e0396a5647229dc7
60	UNCHANGED	1	5	143.36,146.87,103.28,33.28|171.52|8bd3db78	103.20,213.43,183.60,33.28|237.95|8537833e	ac927cfe7b81ada1	1	5	143.36,146.87,103.28,33.28|171.52|8bd3db78	103.20,213.43,183.60,33.28|237.95|8537833e	ac927cfe7b81ada1	1	5	143.36,146.87,103.28,33.28|171.52|8bd3db78	103.20,213.43,183.60,33.28|237.95|8537833e	ac927cfe7b81ada1
61	HISTORICAL_AND_CURRENT_SOURCE	16	541	19.25,257.49,337.72,22.10|274.59|e5575ab6	37.66,343.50,113.05,22.10|360.00|1d77731e	2c922347c08103e5	16	541	19.25,257.49,333.47,22.10|274.59|e5575ab6	37.66,299.30,113.05,22.10|315.80|1d77731e	33186e72fce04c3d	17	553	19.25,257.49,342.21,23.80|275.51|e5575ab6	37.66,343.50,113.05,22.10|360.00|1d77731e	e095015f9fbab565
62	UNCHANGED	1	5	143.36,146.87,103.28,33.28|171.52|b4e4b52b	103.20,213.43,183.60,33.28|237.95|42eeaeba	0b25117843b58475	1	5	143.36,146.87,103.28,33.28|171.52|b4e4b52b	103.20,213.43,183.60,33.28|237.95|42eeaeba	0b25117843b58475	1	5	143.36,146.87,103.28,33.28|171.52|b4e4b52b	103.20,213.43,183.60,33.28|237.95|42eeaeba	0b25117843b58475
63	HISTORICAL_AND_CURRENT_SOURCE	13	427	19.25,257.49,320.40,22.10|274.59|af8d0f4f	37.66,365.60,258.40,22.10|382.10|9e9da15d	e69e13a865428524	13	428	19.25,257.49,350.09,22.10|274.59|b5070288	37.66,343.50,258.40,22.10|360.00|9e9da15d	91128637578fc518	14	437	19.25,257.49,329.14,23.80|275.51|af8d0f4f	37.66,210.90,258.40,22.10|227.40|9e9da15d	3b6563f4fe816740
64	UNCHANGED	1	8	143.36,146.87,103.28,33.28|171.52|22a1a1f8	37.66,358.10,242.25,22.10|374.60|86874776	ae4dcbb538320ece	1	8	143.36,146.87,103.28,33.28|171.52|22a1a1f8	37.66,358.10,242.25,22.10|374.60|86874776	ae4dcbb538320ece	1	8	143.36,146.87,103.28,33.28|171.52|22a1a1f8	37.66,358.10,242.25,22.10|374.60|86874776	ae4dcbb538320ece
65	HISTORICAL_AND_CURRENT_SOURCE	13	380	19.25,257.49,337.49,22.10|274.59|4b48fad4	37.66,34.10,64.60,22.10|50.60|1b4eb842	90097ab9b58ecd55	13	380	19.25,257.49,337.49,22.10|274.59|4b48fad4	37.66,34.10,64.60,22.10|50.60|1b4eb842	b03995027f5e67ab	13	388	19.25,257.49,346.46,23.80|275.51|4b48fad4	37.66,719.20,64.60,22.10|735.70|1b4eb842	a7fb6ec93aa8aa6e
66	UNCHANGED	1	5	143.36,146.87,103.28,33.28|171.52|b12f8706	103.20,213.43,183.60,33.28|237.95|32ff55df	2de2f967f7c086cf	1	5	143.36,146.87,103.28,33.28|171.52|b12f8706	103.20,213.43,183.60,33.28|237.95|32ff55df	2de2f967f7c086cf	1	5	143.36,146.87,103.28,33.28|171.52|b12f8706	103.20,213.43,183.60,33.28|237.95|32ff55df	2de2f967f7c086cf
67	HISTORICAL_AND_CURRENT_SOURCE	20	686	19.25,257.49,337.25,22.10|274.59|abbc4608	37.66,719.20,161.50,22.10|735.70|5b804aca	a2888212327571bd	20	681	19.25,257.49,337.25,22.10|274.59|abbc4608	37.66,586.60,161.50,22.10|603.10|5b804aca	b3008ec95df5d681	22	689	19.25,257.49,346.46,23.80|275.51|abbc4608	37.66,12.00,161.50,22.10|28.50|5b804aca	3759ad95dd766426
68	UNCHANGED	1	5	143.36,146.87,103.28,33.28|171.52|5697aded	103.20,213.43,183.60,33.28|237.95|917412dc	bab4277ee4874b98	1	5	143.36,146.87,103.28,33.28|171.52|5697aded	103.20,213.43,183.60,33.28|237.95|917412dc	bab4277ee4874b98	1	5	143.36,146.87,103.28,33.28|171.52|5697aded	103.20,213.43,183.60,33.28|237.95|917412dc	bab4277ee4874b98
69	HISTORICAL_AND_CURRENT_SOURCE	16	553	19.25,257.49,320.40,22.10|274.59|712da70c	37.66,210.90,161.50,22.10|227.40|45431a1f	33bc57d91cc615c0	16	551	19.25,257.49,350.09,22.10|274.59|c4eba1b8	37.66,210.90,161.50,22.10|227.40|45431a1f	09962b26b6a8282e	17	560	19.25,257.49,329.14,23.80|275.51|712da70c	37.66,365.60,161.50,22.10|382.10|45431a1f	cb159ba72ec83951
70	UNCHANGED	1	10	153.69,146.87,82.62,33.28|171.52|f1fe7422	37.66,380.20,226.10,22.10|396.70|80a4eb31	3a3711f48f3e3219	1	10	153.69,146.87,82.62,33.28|171.52|f1fe7422	37.66,380.20,226.10,22.10|396.70|80a4eb31	3a3711f48f3e3219	1	10	153.69,146.87,82.62,33.28|171.52|f1fe7422	37.66,380.20,226.10,22.10|396.70|80a4eb31	3a3711f48f3e3219
71	HISTORICAL_AND_CURRENT_SOURCE	10	343	19.25,257.49,337.49,22.10|274.59|441cc0fc	69.47,741.30,227.04,22.10|758.65|6a875916	4d44afdd22de32d1	10	343	19.25,257.49,337.49,22.10|274.59|441cc0fc	69.47,741.30,227.04,22.10|758.65|6a875916	08a727e21ab23d04	11	347	19.25,257.49,346.46,23.80|275.51|441cc0fc	69.47,476.10,227.04,22.10|493.45|6a875916	2b65e3c41336a457
72	UNCHANGED	1	11	143.36,146.87,103.28,33.28|171.52|cbea83c8	37.66,424.40,290.70,22.10|440.90|54726239	1856625cfb8f5d0d	1	11	143.36,146.87,103.28,33.28|171.52|cbea83c8	37.66,424.40,290.70,22.10|440.90|54726239	1856625cfb8f5d0d	1	11	143.36,146.87,103.28,33.28|171.52|cbea83c8	37.66,424.40,290.70,22.10|440.90|54726239	1856625cfb8f5d0d
73	HISTORICAL_AND_CURRENT_SOURCE	13	438	19.25,257.49,337.25,22.10|274.59|2b643c7e	37.66,719.20,311.00,22.10|735.70|0b6268f1	fa19faea95f09de9	13	435	19.25,257.49,337.25,22.10|274.59|2b643c7e	37.66,652.90,311.00,22.10|669.40|0b6268f1	a7c8a3b852ae16c6	14	446	19.25,257.49,346.46,23.80|275.51|2b643c7e	37.66,608.70,311.00,22.10|625.20|0b6268f1	63cb6914bb1ef8a1
74	UNCHANGED	1	5	143.36,146.87,103.28,33.28|171.52|5349bec1	103.20,213.43,183.60,33.28|237.95|cd98206b	8115bb12d2e44f54	1	5	143.36,146.87,103.28,33.28|171.52|5349bec1	103.20,213.43,183.60,33.28|237.95|cd98206b	8115bb12d2e44f54	1	5	143.36,146.87,103.28,33.28|171.52|5349bec1	103.20,213.43,183.60,33.28|237.95|cd98206b	8115bb12d2e44f54
75	HISTORICAL_AND_CURRENT_SOURCE	10	331	19.25,257.49,337.49,22.10|274.59|d7b9763d	37.66,431.90,209.95,22.10|448.40|c11d43b4	57f75ea015ef3a1d	10	330	19.25,257.49,337.49,22.10|274.59|d7b9763d	37.66,409.80,209.95,22.10|426.30|c11d43b4	df3a5ea3dc30378c	11	335	19.25,257.49,346.46,23.80|275.51|d7b9763d	37.66,122.50,209.95,22.10|139.00|c11d43b4	f55e186bd5dcd93f
76	UNCHANGED	1	9	143.36,146.87,103.28,33.28|171.52|71719c32	37.66,358.10,277.40,22.10|374.79|5b482bc5	c5d9df3a1423a491	1	9	143.36,146.87,103.28,33.28|171.52|71719c32	37.66,358.10,277.40,22.10|374.79|5b482bc5	c5d9df3a1423a491	1	9	143.36,146.87,103.28,33.28|171.52|71719c32	37.66,358.10,277.40,22.10|374.79|5b482bc5	c5d9df3a1423a491
77	HISTORICAL_AND_CURRENT_SOURCE	9	286	19.25,257.49,337.25,22.10|274.59|a689428c	37.66,454.00,209.95,22.10|470.50|d692a46d	0586a87f889fa2f9	9	284	19.25,257.49,337.25,22.10|274.59|a689428c	37.66,387.70,209.95,22.10|404.20|d692a46d	56747798dd42b8bc	10	288	19.25,257.49,346.46,23.80|275.51|a689428c	37.66,34.10,209.95,22.10|50.60|d692a46d	acd119dde5006106
78	UNCHANGED	1	5	143.36,146.87,103.28,33.28|171.52|3b9a4979	103.20,213.43,183.60,33.28|237.95|15507404	c2b52e046aed4ded	1	5	143.36,146.87,103.28,33.28|171.52|3b9a4979	103.20,213.43,183.60,33.28|237.95|15507404	c2b52e046aed4ded	1	5	143.36,146.87,103.28,33.28|171.52|3b9a4979	103.20,213.43,183.60,33.28|237.95|15507404	c2b52e046aed4ded
79	HISTORICAL_AND_CURRENT_SOURCE	13	414	19.25,257.49,337.25,22.10|274.59|972efb60	37.66,387.70,161.50,22.10|404.20|d51bea4b	6a9dcb1b09c133e5	13	409	19.25,257.49,337.25,22.10|274.59|972efb60	37.66,255.10,161.50,22.10|271.60|d51bea4b	47d59f7e7c1e8755	14	416	19.25,257.49,346.46,23.80|275.51|972efb60	37.66,233.00,161.50,22.10|249.50|d51bea4b	45043f8feb29a075
80	UNCHANGED	1	5	143.36,146.87,103.28,33.28|171.52|b5cc3e58	103.20,213.43,183.60,33.28|237.95|e206bae6	7356d56587da11f7	1	5	143.36,146.87,103.28,33.28|171.52|b5cc3e58	103.20,213.43,183.60,33.28|237.95|e206bae6	7356d56587da11f7	1	5	143.36,146.87,103.28,33.28|171.52|b5cc3e58	103.20,213.43,183.60,33.28|237.95|e206bae6	7356d56587da11f7
81	HISTORICAL_AND_CURRENT_SOURCE	13	438	19.25,257.49,337.25,22.10|274.59|9cb22254	37.66,564.50,209.95,22.10|581.00|8300745f	b11b072318bb2577	13	437	19.25,257.49,337.25,22.10|274.59|9cb22254	37.66,564.50,209.95,22.10|581.00|8300745f	fa5f180598e7611d	14	452	19.25,257.49,346.46,23.80|275.51|9cb22254	37.66,656.20,209.95,22.10|672.70|8300745f	4e47c5b750180d36
82	UNCHANGED	1	10	143.36,146.87,103.28,33.28|171.52|f08001a3	37.66,380.20,48.45,22.10|396.70|4e12d435	c554f1a4b478f5eb	1	10	143.36,146.87,103.28,33.28|171.52|f08001a3	37.66,380.20,48.45,22.10|396.70|4e12d435	c554f1a4b478f5eb	1	10	143.36,146.87,103.28,33.28|171.52|f08001a3	37.66,380.20,48.45,22.10|396.70|4e12d435	c554f1a4b478f5eb
83	HISTORICAL_AND_CURRENT_SOURCE	12	400	19.25,257.49,337.25,22.10|274.59|f260509e	37.66,564.50,290.70,22.10|581.00|070d981c	6897171a0cf472d8	12	398	19.25,257.49,337.25,22.10|274.59|f260509e	37.66,498.20,290.70,22.10|514.70|070d981c	ebb7be8cc4bf1c60	13	409	19.25,257.49,346.46,23.80|275.51|f260509e	37.66,454.00,290.70,22.10|470.50|070d981c	bb1f545e7251eee0
84	UNCHANGED	1	5	143.36,146.87,103.28,33.28|171.52|04b004df	103.20,213.43,183.60,33.28|237.95|1fc0461b	8814a7cc2cd7786a	1	5	143.36,146.87,103.28,33.28|171.52|04b004df	103.20,213.43,183.60,33.28|237.95|1fc0461b	8814a7cc2cd7786a	1	5	143.36,146.87,103.28,33.28|171.52|04b004df	103.20,213.43,183.60,33.28|237.95|1fc0461b	8814a7cc2cd7786a
85	HISTORICAL_AND_CURRENT_SOURCE	21	691	19.25,257.49,151.66,22.10|274.59|521e3963	37.66,122.50,193.80,22.10|139.00|d6d89c05	289d53bf679cf91a	21	689	19.25,257.49,151.66,22.10|274.59|521e3963	37.66,56.20,193.80,22.10|72.70|d6d89c05	7df64448310812ee	22	699	19.25,257.49,155.91,23.80|275.51|521e3963	37.66,299.30,193.80,22.10|315.80|d6d89c05	b0e446cec90c6901
86	UNCHANGED	1	5	143.36,146.87,103.28,33.28|171.52|a4184b68	103.20,213.43,183.60,33.28|237.95|dd419948	d5ea0538bffbc374	1	5	143.36,146.87,103.28,33.28|171.52|a4184b68	103.20,213.43,183.60,33.28|237.95|dd419948	d5ea0538bffbc374	1	5	143.36,146.87,103.28,33.28|171.52|a4184b68	103.20,213.43,183.60,33.28|237.95|dd419948	d5ea0538bffbc374
87	HISTORICAL_AND_CURRENT_SOURCE	20	641	19.25,257.49,337.49,22.10|274.59|14b28147	37.66,100.40,242.25,22.10|116.90|91953821	58c33ea52d75242e	20	639	19.25,257.49,337.49,22.10|274.59|14b28147	37.66,12.00,242.25,22.10|28.50|91953821	f13d2ee51e799ea5	20	646	19.25,257.49,346.46,23.80|275.51|14b28147	37.66,498.20,242.25,22.10|514.70|91953821	981701e9bf3266d9
88	UNCHANGED	1	9	143.36,146.87,103.28,33.28|171.52|deec3113	37.66,380.20,48.45,22.10|396.70|f99a77d2	a4c458dfc98d0494	1	9	143.36,146.87,103.28,33.28|171.52|deec3113	37.66,380.20,48.45,22.10|396.70|f99a77d2	a4c458dfc98d0494	1	9	143.36,146.87,103.28,33.28|171.52|deec3113	37.66,380.20,48.45,22.10|396.70|f99a77d2	a4c458dfc98d0494
89	HISTORICAL_AND_CURRENT_SOURCE	12	392	19.25,257.49,349.11,22.10|274.59|58830021	37.66,144.60,226.10,22.10|161.10|84a004ca	53b122191cc7f966	12	390	19.25,257.49,349.11,22.10|274.59|58830021	37.66,100.40,226.10,22.10|116.90|84a004ca	dacf999e05483c9e	12	400	19.25,257.49,340.76,23.80|275.51|08f9c1f4	37.66,807.60,226.10,22.10|824.10|84a004ca	066f0e7808a19e5e
90	UNCHANGED	1	8	153.69,146.87,82.62,33.28|171.52|aa5ba2a7	37.66,358.10,113.05,22.10|374.60|954a2eff	5078f07ff3689983	1	8	153.69,146.87,82.62,33.28|171.52|aa5ba2a7	37.66,358.10,113.05,22.10|374.60|954a2eff	5078f07ff3689983	1	8	153.69,146.87,82.62,33.28|171.52|aa5ba2a7	37.66,358.10,113.05,22.10|374.60|954a2eff	5078f07ff3689983
91	HISTORICAL_AND_CURRENT_SOURCE	20	693	19.25,257.49,337.49,22.10|274.59|76146feb	37.66,56.20,113.05,22.10|72.70|c5a2e40c	b00cdb131c67f69d	19	688	19.25,257.49,337.49,22.10|274.59|76146feb	37.66,807.60,113.05,22.10|824.10|c5a2e40c	3d16691c8b274eec	21	706	19.25,257.49,346.46,23.80|275.51|76146feb	37.66,365.60,113.05,22.10|382.10|c5a2e40c	ddb5b60ee9a6d2f2
92	UNCHANGED	1	5	143.36,146.87,103.28,33.28|171.52|b49b6e41	103.20,213.43,183.60,33.28|237.95|2fdc3014	37c049a16f08e9d2	1	5	143.36,146.87,103.28,33.28|171.52|b49b6e41	103.20,213.43,183.60,33.28|237.95|2fdc3014	37c049a16f08e9d2	1	5	143.36,146.87,103.28,33.28|171.52|b49b6e41	103.20,213.43,183.60,33.28|237.95|2fdc3014	37c049a16f08e9d2
93	HISTORICAL_AND_CURRENT_SOURCE	14	505	19.25,257.49,348.88,22.10|274.59|babb4e4a	37.66,520.30,161.50,22.10|536.80|47e6b58c	210a6a7069a0dfe3	14	503	19.25,257.49,348.88,22.10|274.59|babb4e4a	37.66,498.20,161.50,22.10|514.70|47e6b58c	ebf570f574f226f1	15	511	19.25,257.49,340.76,23.80|275.51|484da847	37.66,586.60,161.50,22.10|603.10|47e6b58c	03f31f28eacb3bb6
94	UNCHANGED	1	9	143.36,146.87,103.28,33.28|171.52|ec344bbf	37.66,358.10,129.20,22.10|374.60|3f397004	4b259b93d1717bdc	1	9	143.36,146.87,103.28,33.28|171.52|ec344bbf	37.66,358.10,129.20,22.10|374.60|3f397004	4b259b93d1717bdc	1	9	143.36,146.87,103.28,33.28|171.52|ec344bbf	37.66,358.10,129.20,22.10|374.60|3f397004	4b259b93d1717bdc
95	HISTORICAL_AND_CURRENT_SOURCE	16	572	19.25,257.49,337.72,22.10|274.59|3f1f9da6	37.66,498.20,242.25,22.10|514.70|e21ab316	3b711d77e7d9b105	16	569	19.25,257.49,337.72,22.10|274.59|3f1f9da6	37.66,476.10,242.25,22.10|492.60|e21ab316	153aab71195c250c	17	577	19.25,257.49,346.46,23.80|275.51|3f1f9da6	37.66,277.20,242.25,22.10|293.70|e21ab316	0e41c08a49633516
96	UNCHANGED	1	5	143.36,146.87,103.28,33.28|171.52|89f69caf	103.20,213.43,183.60,33.28|237.95|72e318fd	111622df839743f6	1	5	143.36,146.87,103.28,33.28|171.52|89f69caf	103.20,213.43,183.60,33.28|237.95|72e318fd	111622df839743f6	1	5	143.36,146.87,103.28,33.28|171.52|89f69caf	103.20,213.43,183.60,33.28|237.95|72e318fd	111622df839743f6
97	HISTORICAL_AND_CURRENT_SOURCE	13	433	19.25,257.49,337.02,22.10|274.59|2a5f4318	37.66,188.80,258.40,22.10|205.30|7b0dded3	4f747190309a8d32	13	432	19.25,257.49,337.02,22.10|274.59|2a5f4318	37.66,122.50,258.40,22.10|139.00|7b0dded3	13924bf1f29cf5c7	14	444	19.25,257.49,346.46,23.80|275.51|2a5f4318	37.66,144.60,258.40,22.10|161.10|7b0dded3	9e90c7189cdd1d57
98	UNCHANGED	1	5	143.36,146.87,103.28,33.28|171.52|1a587e90	103.20,213.43,183.60,33.28|237.95|3536a021	f36a0a04d81c8008	1	5	143.36,146.87,103.28,33.28|171.52|1a587e90	103.20,213.43,183.60,33.28|237.95|3536a021	f36a0a04d81c8008	1	5	143.36,146.87,103.28,33.28|171.52|1a587e90	103.20,213.43,183.60,33.28|237.95|3536a021	f36a0a04d81c8008
99	HISTORICAL_AND_CURRENT_SOURCE	12	393	19.25,257.49,326.86,22.10|274.59|eeab3c1e	37.66,100.40,274.55,22.10|116.90|4e4da819	ff61630db4fae0d8	12	389	19.25,257.49,328.56,22.10|274.59|eeab3c1e	37.66,34.10,274.55,22.10|50.60|4e4da819	e85b3f33d06ea00f	12	401	19.25,257.49,337.23,23.80|275.51|eeab3c1e	37.66,785.50,274.55,22.10|802.00|4e4da819	1dd2200e22e67705
100	UNCHANGED	1	9	143.36,146.87,103.28,33.28|171.52|439984cb	37.66,358.10,113.50,22.10|374.60|0ef0ef65	d972114521581a72	1	9	143.36,146.87,103.28,33.28|171.52|439984cb	37.66,358.10,113.50,22.10|374.60|0ef0ef65	d972114521581a72	1	9	143.36,146.87,103.28,33.28|171.52|439984cb	37.66,358.10,113.50,22.10|374.60|0ef0ef65	d972114521581a72
101	HISTORICAL_AND_CURRENT_SOURCE	16	554	19.25,257.49,134.81,22.10|274.59|860e9cdb	37.66,78.30,32.30,22.10|94.80|002c2b82	a3bb8502a69acc81	16	554	19.25,257.49,134.81,22.10|274.59|860e9cdb	37.66,34.10,32.30,22.10|50.60|002c2b82	317153bc2ffe212b	17	562	19.25,257.49,138.58,23.80|275.51|860e9cdb	37.66,100.40,32.30,22.10|116.90|002c2b82	9a5d24f309d913c3
102	UNCHANGED	1	5	143.36,146.87,103.28,33.28|171.52|4bbe2bda	103.20,213.43,183.60,33.28|237.95|10cc567e	ca27ff1006e48af7	1	5	143.36,146.87,103.28,33.28|171.52|4bbe2bda	103.20,213.43,183.60,33.28|237.95|10cc567e	ca27ff1006e48af7	1	5	143.36,146.87,103.28,33.28|171.52|4bbe2bda	103.20,213.43,183.60,33.28|237.95|10cc567e	ca27ff1006e48af7
103	HISTORICAL_AND_CURRENT_SOURCE	14	476	19.25,257.49,337.49,22.10|274.59|8e46fb7d	37.66,564.50,145.35,22.10|581.00|48adaa95	c822fc54ee3d053c	14	474	19.25,257.49,337.49,22.10|274.59|8e46fb7d	37.66,498.20,145.35,22.10|514.70|48adaa95	f3605beb4128d8bb	15	485	19.25,257.49,346.46,23.80|275.51|8e46fb7d	37.66,564.50,145.35,22.10|581.00|48adaa95	3ee29a3a7790bf54
104	UNCHANGED	1	5	143.36,146.87,103.28,33.28|171.52|2640d483	103.20,213.43,183.60,33.28|237.95|7e5fe299	1925be3a4d7086de	1	5	143.36,146.87,103.28,33.28|171.52|2640d483	103.20,213.43,183.60,33.28|237.95|7e5fe299	1925be3a4d7086de	1	5	143.36,146.87,103.28,33.28|171.52|2640d483	103.20,213.43,183.60,33.28|237.95|7e5fe299	1925be3a4d7086de
105	HISTORICAL_AND_CURRENT_SOURCE	13	442	19.25,257.49,337.49,22.10|274.59|989e306f	37.66,233.00,80.75,22.10|249.50|2a688f71	749ba2b82546d947	13	440	19.25,257.49,333.24,22.10|274.59|989e306f	37.66,210.90,80.75,22.10|227.40|2a688f71	3f5eae0f4f268c85	14	446	19.25,257.49,342.21,23.80|275.51|989e306f	37.66,144.60,80.75,22.10|161.10|2a688f71	0051c68e265f728a
106	UNCHANGED	1	8	143.36,146.87,103.28,33.28|171.52|0fcc29e2	37.66,358.10,32.30,22.10|374.60|457a5316	32ca34b15f4053ef	1	8	143.36,146.87,103.28,33.28|171.52|0fcc29e2	37.66,358.10,32.30,22.10|374.60|457a5316	32ca34b15f4053ef	1	8	143.36,146.87,103.28,33.28|171.52|0fcc29e2	37.66,358.10,32.30,22.10|374.60|457a5316	32ca34b15f4053ef
107	HISTORICAL_AND_CURRENT_SOURCE	14	473	19.25,257.49,320.64,22.10|274.59|287f5912	37.66,255.10,193.80,22.10|271.60|d5b7cc9b	36c08b19731013ce	14	468	19.25,257.49,350.32,22.10|274.59|364e7257	37.66,166.70,193.80,22.10|183.20|d5b7cc9b	ed76b835784992ca	15	472	19.25,257.49,329.14,23.80|275.51|287f5912	37.66,12.00,193.80,22.10|28.50|d5b7cc9b	818274907f5a447c
108	UNCHANGED	1	5	143.36,146.87,103.28,33.28|171.52|4a6d8c01	103.20,213.43,183.60,33.28|237.95|5f51d3ca	b3a3e57f72883080	1	5	143.36,146.87,103.28,33.28|171.52|4a6d8c01	103.20,213.43,183.60,33.28|237.95|5f51d3ca	b3a3e57f72883080	1	5	143.36,146.87,103.28,33.28|171.52|4a6d8c01	103.20,213.43,183.60,33.28|237.95|5f51d3ca	b3a3e57f72883080
109	HISTORICAL_AND_CURRENT_SOURCE	15	528	19.25,257.49,349.11,22.10|274.59|b6a83d5b	37.66,498.20,129.20,22.10|514.70|9b681972	874fee4775d10cde	15	525	19.25,257.49,349.11,22.10|274.59|b6a83d5b	37.66,409.80,129.20,22.10|426.30|9b681972	b8e47d5487261ce1	16	538	19.25,257.49,324.89,23.80|275.51|3e92a7dc	37.66,431.90,129.20,22.10|448.40|9b681972	2966952a8ce1480e
110	UNCHANGED	1	7	153.69,146.87,82.62,33.28|171.52|b06dafb2	37.66,336.00,161.50,22.10|352.50|cd0a983d	83ce0b3cba2398dd	1	7	153.69,146.87,82.62,33.28|171.52|b06dafb2	37.66,336.00,161.50,22.10|352.50|cd0a983d	83ce0b3cba2398dd	1	7	153.69,146.87,82.62,33.28|171.52|b06dafb2	37.66,336.00,161.50,22.10|352.50|cd0a983d	83ce0b3cba2398dd
111	HISTORICAL_AND_CURRENT_SOURCE	25	758	19.25,257.49,315.41,22.10|274.59|659be91f	37.66,277.20,80.75,22.10|293.70|7332cd14	8fdc8fe26a75eb2a	25	757	19.25,257.49,315.41,22.10|274.59|659be91f	37.66,277.20,80.75,22.10|293.70|7332cd14	d9dc64ea01df4ae3	25	765	19.25,257.49,323.44,23.80|275.51|659be91f	37.66,763.40,80.75,22.10|779.90|7332cd14	617987a1576d1ecd
112	UNCHANGED	1	7	143.36,146.87,103.28,33.28|171.52|399d64f0	37.66,336.00,274.55,22.10|352.50|a8972cd7	9588fcb2374d6415	1	7	143.36,146.87,103.28,33.28|171.52|399d64f0	37.66,336.00,274.55,22.10|352.50|a8972cd7	9588fcb2374d6415	1	7	143.36,146.87,103.28,33.28|171.52|399d64f0	37.66,336.00,274.55,22.10|352.50|a8972cd7	9588fcb2374d6415
113	HISTORICAL_AND_CURRENT_SOURCE	17	622	19.25,257.49,320.17,22.10|274.59|5b0c769e	37.66,697.10,96.90,22.10|713.60|6bcfd443	5c460621b423be2b	17	620	19.25,257.49,349.86,22.10|274.59|d83f8e40	37.66,675.00,96.90,22.10|691.50|6bcfd443	efd926b087f54a79	18	629	19.25,257.49,329.14,23.80|275.51|5b0c769e	37.66,586.60,96.90,22.10|603.10|6bcfd443	1187a911ccd4cf93
114	UNCHANGED	1	5	143.36,146.87,103.28,33.28|171.52|1f13b24b	103.20,213.43,183.60,33.28|237.95|f5c8d2f2	911dfb8cfacbe15f	1	5	143.36,146.87,103.28,33.28|171.52|1f13b24b	103.20,213.43,183.60,33.28|237.95|f5c8d2f2	911dfb8cfacbe15f	1	5	143.36,146.87,103.28,33.28|171.52|1f13b24b	103.20,213.43,183.60,33.28|237.95|f5c8d2f2	911dfb8cfacbe15f
115	HISTORICAL_AND_CURRENT_SOURCE	15	485	19.25,257.49,349.34,22.10|274.59|a577967c	37.66,56.20,80.75,22.10|72.70|1e1276bc	070c1bf606701a8a	15	484	19.25,257.49,349.34,22.10|274.59|a577967c	37.66,56.20,80.75,22.10|72.70|1e1276bc	e982b8b21231f0dc	16	498	19.25,257.49,340.76,23.80|275.51|f92ceb21	37.66,188.80,80.75,22.10|205.30|1e1276bc	c504d466eabc337e
116	UNCHANGED	1	5	143.36,146.87,103.28,33.28|171.52|00ddd8f8	103.20,213.43,183.60,33.28|237.95|295a44ac	e413f506c84f6a5f	1	5	143.36,146.87,103.28,33.28|171.52|00ddd8f8	103.20,213.43,183.60,33.28|237.95|295a44ac	e413f506c84f6a5f	1	5	143.36,146.87,103.28,33.28|171.52|00ddd8f8	103.20,213.43,183.60,33.28|237.95|295a44ac	e413f506c84f6a5f
117	HISTORICAL_AND_CURRENT_SOURCE	17	575	19.25,257.49,320.40,22.10|274.59|86b78805	37.66,34.10,290.64,22.10|50.60|d127ec63	b914e5fc93cfc29a	16	572	19.25,257.49,350.09,22.10|274.59|6c137743	37.66,807.60,290.64,22.10|824.10|d127ec63	81e02af96d88398f	18	584	19.25,257.49,329.14,23.80|275.51|86b78805	37.66,34.10,290.64,22.10|50.60|d127ec63	6aba59def232be97
118	UNCHANGED	1	5	143.36,146.87,103.28,33.28|171.52|9aef70bf	103.20,213.43,183.60,33.28|237.95|47434297	43a2847aa025b253	1	5	143.36,146.87,103.28,33.28|171.52|9aef70bf	103.20,213.43,183.60,33.28|237.95|47434297	43a2847aa025b253	1	5	143.36,146.87,103.28,33.28|171.52|9aef70bf	103.20,213.43,183.60,33.28|237.95|47434297	43a2847aa025b253
119	HISTORICAL_AND_CURRENT_SOURCE	16	565	19.25,257.49,337.25,22.10|274.59|d437c184	37.66,564.50,274.55,22.10|581.00|a4759d8c	b4537de9d458f6ed	16	562	19.25,257.49,337.25,22.10|274.59|d437c184	37.66,476.10,274.55,22.10|492.60|a4759d8c	de43bb06339c0762	17	574	19.25,257.49,346.46,23.80|275.51|d437c184	37.66,697.10,274.55,22.10|713.60|a4759d8c	c1a4d37c5d873a85
120	UNCHANGED	1	5	143.36,146.87,103.28,33.28|171.52|690f1c3b	103.20,213.43,183.60,33.28|237.95|a47078c3	6385714ea3fd919a	1	5	143.36,146.87,103.28,33.28|171.52|690f1c3b	103.20,213.43,183.60,33.28|237.95|a47078c3	6385714ea3fd919a	1	5	143.36,146.87,103.28,33.28|171.52|690f1c3b	103.20,213.43,183.60,33.28|237.95|a47078c3	6385714ea3fd919a
121	HISTORICAL_AND_CURRENT_SOURCE	14	456	19.25,257.49,337.49,22.10|274.59|be0a004e	37.66,100.40,80.75,22.10|116.90|a7df058d	0376059ff991ebfb	14	452	19.25,257.49,337.49,22.10|274.59|be0a004e	37.66,56.20,80.75,22.10|72.70|a7df058d	6bfe111eb787ade8	15	461	19.25,257.49,346.46,23.80|275.51|be0a004e	37.66,78.30,80.75,22.10|94.80|a7df058d	5789154bbeb1d62d
122	UNCHANGED	1	5	143.36,146.87,103.28,33.28|171.52|f80963da	103.20,213.43,183.60,33.28|237.95|e49ae8db	db80735a14da675f	1	5	143.36,146.87,103.28,33.28|171.52|f80963da	103.20,213.43,183.60,33.28|237.95|e49ae8db	db80735a14da675f	1	5	143.36,146.87,103.28,33.28|171.52|f80963da	103.20,213.43,183.60,33.28|237.95|e49ae8db	db80735a14da675f
123	HISTORICAL_AND_CURRENT_SOURCE	15	512	19.25,257.49,337.49,22.10|274.59|34b10134	37.66,498.20,258.40,22.10|514.70|79388fbe	874d160105061b0c	15	509	19.25,257.49,337.49,22.10|274.59|34b10134	37.66,454.00,258.40,22.10|470.50|79388fbe	c0908e9218237e07	16	516	19.25,257.49,346.46,23.80|275.51|34b10134	37.66,476.10,258.40,22.10|492.60|79388fbe	67ec514e93d76546
124	UNCHANGED	1	5	143.36,146.87,103.28,33.28|171.52|9bc56859	103.20,213.43,183.60,33.28|237.95|c559fc02	a0f8f95016346537	1	5	143.36,146.87,103.28,33.28|171.52|9bc56859	103.20,213.43,183.60,33.28|237.95|c559fc02	a0f8f95016346537	1	5	143.36,146.87,103.28,33.28|171.52|9bc56859	103.20,213.43,183.60,33.28|237.95|c559fc02	a0f8f95016346537
125	HISTORICAL_AND_CURRENT_SOURCE	19	644	19.25,257.49,337.49,22.10|274.59|8b1774c6	37.66,454.00,193.80,22.10|470.50|fd1bdfb5	42ba66f14d7cbbfc	19	640	19.25,257.49,337.49,22.10|274.59|8b1774c6	37.66,409.80,193.80,22.10|426.30|fd1bdfb5	3246e2d0aaaafd10	21	655	19.25,257.49,346.46,23.80|275.51|8b1774c6	37.66,122.50,193.80,22.10|139.00|fd1bdfb5	684832789efa7a21
126	UNCHANGED	1	13	143.36,146.87,103.28,33.28|171.52|cb937cd1	37.66,424.40,196.29,22.10|440.90|dc311311	a013478917740ab4	1	13	143.36,146.87,103.28,33.28|171.52|cb937cd1	37.66,424.40,196.29,22.10|440.90|dc311311	a013478917740ab4	1	13	143.36,146.87,103.28,33.28|171.52|cb937cd1	37.66,424.40,196.29,22.10|440.90|dc311311	a013478917740ab4
127	HISTORICAL_AND_CURRENT_SOURCE	13	455	19.25,257.49,337.25,22.10|274.59|32dbdd93	37.66,608.70,32.30,22.10|625.20|59b7127a	9a883e7eb4687a61	13	455	19.25,257.49,337.25,22.10|274.59|32dbdd93	37.66,608.70,32.30,22.10|625.20|59b7127a	03f184dca076053a	14	457	19.25,257.49,346.46,23.80|275.51|32dbdd93	37.66,454.00,32.30,22.10|470.50|59b7127a	182bb8ac47eab241
128	UNCHANGED	1	5	143.36,146.87,103.28,33.28|171.52|c10538e4	103.20,213.43,183.60,33.28|237.95|3adfc638	c563850435d01ee5	1	5	143.36,146.87,103.28,33.28|171.52|c10538e4	103.20,213.43,183.60,33.28|237.95|3adfc638	c563850435d01ee5	1	5	143.36,146.87,103.28,33.28|171.52|c10538e4	103.20,213.43,183.60,33.28|237.95|3adfc638	c563850435d01ee5
129	HISTORICAL_AND_CURRENT_SOURCE	9	295	19.25,257.49,320.40,22.10|274.59|2a588886	37.66,476.10,161.50,22.10|492.60|77499cd3	cbe6fa00d43d9050	9	293	19.25,257.49,350.09,22.10|274.59|951b0d05	37.66,431.90,161.50,22.10|448.40|77499cd3	ed269edc881589bd	10	301	19.25,257.49,329.14,23.80|275.51|2a588886	37.66,233.00,161.50,22.10|249.50|77499cd3	9ff0fe657135e417
130	UNCHANGED	1	5	153.69,146.87,82.62,33.28|171.52|ffe091f8	103.20,213.43,183.60,33.28|237.95|c80a7546	681b10124986eff9	1	5	153.69,146.87,82.62,33.28|171.52|ffe091f8	103.20,213.43,183.60,33.28|237.95|c80a7546	681b10124986eff9	1	5	153.69,146.87,82.62,33.28|171.52|ffe091f8	103.20,213.43,183.60,33.28|237.95|c80a7546	681b10124986eff9
131	HISTORICAL_AND_CURRENT_SOURCE	13	424	19.25,257.49,320.64,22.10|274.59|0f1a120f	37.66,210.90,258.40,22.10|227.40|adccca2d	6306a46ac95d30e0	13	423	19.25,257.49,350.32,22.10|274.59|982e322c	37.66,210.90,258.40,22.10|227.40|adccca2d	971042cf9528ce5c	14	430	19.25,257.49,329.14,23.80|275.51|0f1a120f	37.66,166.70,258.40,22.10|183.20|adccca2d	73ab52e648cbd302
132	UNCHANGED	1	1	19.25,29.00,4.35,22.10|46.09|abfbd10d	19.25,29.00,4.35,22.10|46.09|abfbd10d	cab0f027f7f89a6f	1	1	19.25,29.00,4.35,22.10|46.09|abfbd10d	19.25,29.00,4.35,22.10|46.09|abfbd10d	cab0f027f7f89a6f	1	1	19.25,29.00,4.35,22.10|46.09|abfbd10d	19.25,29.00,4.35,22.10|46.09|abfbd10d	cab0f027f7f89a6f
133	UNCHANGED	1	18	143.36,146.87,103.28,33.28|171.52|1e6cb6d5	37.66,557.00,145.35,22.10|573.50|037cfc3d	d06925e0145752fc	1	18	143.36,146.87,103.28,33.28|171.52|1e6cb6d5	37.66,557.00,145.35,22.10|573.50|037cfc3d	d06925e0145752fc	1	18	143.36,146.87,103.28,33.28|171.52|1e6cb6d5	37.66,557.00,145.35,22.10|573.50|037cfc3d	d06925e0145752fc
134	HISTORICAL_AND_CURRENT_SOURCE	12	395	19.25,257.49,349.11,22.10|274.59|a819ac28	37.66,233.00,161.50,22.10|249.50|cf7d3321	70fc80d7d96993bd	12	394	19.25,257.49,349.11,22.10|274.59|a819ac28	37.66,188.80,161.50,22.10|205.30|cf7d3321	da2b53d41518c9fe	13	406	19.25,257.49,340.76,23.80|275.51|730a8e17	37.66,277.20,161.50,22.10|293.70|cf7d3321	a262c95e3a0817de
135	UNCHANGED	1	12	143.36,146.87,103.28,33.28|171.52|a3a2b123	37.66,446.50,274.55,22.10|463.00|04e58d82	cbc94ad5757f58ea	1	12	143.36,146.87,103.28,33.28|171.52|a3a2b123	37.66,446.50,274.55,22.10|463.00|04e58d82	cbc94ad5757f58ea	1	12	143.36,146.87,103.28,33.28|171.52|a3a2b123	37.66,446.50,274.55,22.10|463.00|04e58d82	cbc94ad5757f58ea
136	HISTORICAL_AND_CURRENT_SOURCE	23	786	19.25,257.49,348.88,22.10|274.59|d7d8e715	37.66,365.60,32.30,22.10|382.10|af1aef19	9f1e9c70a4f474ad	23	785	19.25,257.49,348.88,22.10|274.59|d7d8e715	37.66,343.50,32.30,22.10|360.00|af1aef19	8727c2d96bbc5400	25	801	19.25,257.49,340.76,23.80|275.51|ae15f326	37.66,78.30,32.30,22.10|94.80|af1aef19	8308e2bdb8b69e47
137	UNCHANGED	1	5	143.36,146.87,103.28,33.28|171.52|2ff2fca6	103.20,213.43,183.60,33.28|237.95|8455c64f	2d61e84a265b32f3	1	5	143.36,146.87,103.28,33.28|171.52|2ff2fca6	103.20,213.43,183.60,33.28|237.95|8455c64f	2d61e84a265b32f3	1	5	143.36,146.87,103.28,33.28|171.52|2ff2fca6	103.20,213.43,183.60,33.28|237.95|8455c64f	2d61e84a265b32f3
138	HISTORICAL_AND_CURRENT_SOURCE	22	786	19.25,257.49,349.11,22.10|274.59|b432c0cf	37.66,520.30,193.80,22.10|536.80|e4bb3043	a948a8f22474ce5f	22	784	19.25,257.49,349.11,22.10|274.59|b432c0cf	37.66,498.20,193.80,22.10|514.70|e4bb3043	b63102929be3254a	24	806	19.25,257.49,340.76,23.80|275.51|1adab91e	37.66,343.50,193.80,22.10|360.00|e4bb3043	dec130159949a3df
139	UNCHANGED	1	8	143.36,146.87,103.28,33.28|171.52|b831c1a3	37.66,358.10,242.25,22.10|374.60|9d14e1f3	05d43cf7c46979d9	1	8	143.36,146.87,103.28,33.28|171.52|b831c1a3	37.66,358.10,242.25,22.10|374.60|9d14e1f3	05d43cf7c46979d9	1	8	143.36,146.87,103.28,33.28|171.52|b831c1a3	37.66,358.10,242.25,22.10|374.60|9d14e1f3	05d43cf7c46979d9
140	HISTORICAL_AND_CURRENT_SOURCE	21	709	19.25,257.49,337.49,22.10|274.59|97f71e6d	37.66,56.20,32.30,22.10|72.70|9d3a355c	56ad39a80814d5a6	21	704	19.25,257.49,337.49,22.10|274.59|97f71e6d	37.66,12.00,32.30,22.10|28.50|9d3a355c	1c8f1163fb109d44	22	714	19.25,257.49,346.46,23.80|275.51|97f71e6d	37.66,188.80,32.30,22.10|205.30|9d3a355c	2b9b8cc7167f6cc1
141	UNCHANGED	1	9	143.36,146.87,103.28,33.28|171.52|ac36dd8b	37.66,358.10,64.60,22.10|374.60|7f6d75d4	44a2032f95cd682d	1	9	143.36,146.87,103.28,33.28|171.52|ac36dd8b	37.66,358.10,64.60,22.10|374.60|7f6d75d4	44a2032f95cd682d	1	9	143.36,146.87,103.28,33.28|171.52|ac36dd8b	37.66,358.10,64.60,22.10|374.60|7f6d75d4	44a2032f95cd682d
142	HISTORICAL_AND_CURRENT_SOURCE	12	425	19.25,257.49,337.95,22.10|274.59|41302f36	37.66,763.40,290.70,22.10|779.90|314da22b	38603548d0556cc9	12	421	19.25,257.49,333.70,22.10|274.59|41302f36	37.66,675.00,290.70,22.10|691.50|314da22b	01624896dc78040e	13	424	19.25,257.49,342.21,23.80|275.51|41302f36	37.66,564.50,290.70,22.10|581.00|314da22b	d9f06a79dc6e347e
143	UNCHANGED	1	5	143.36,146.87,103.28,33.28|171.52|bc0a6d03	103.20,213.43,183.60,33.28|237.95|d99d2fe0	04a3df8987c3b3f9	1	5	143.36,146.87,103.28,33.28|171.52|bc0a6d03	103.20,213.43,183.60,33.28|237.95|d99d2fe0	04a3df8987c3b3f9	1	5	143.36,146.87,103.28,33.28|171.52|bc0a6d03	103.20,213.43,183.60,33.28|237.95|d99d2fe0	04a3df8987c3b3f9
144	HISTORICAL_AND_CURRENT_SOURCE	9	299	19.25,257.49,332.26,22.10|274.59|7d4cf1cc	37.66,719.10,226.10,22.10|735.60|290bf7b0	eb9c997441b77886	9	298	19.25,257.49,332.26,22.10|274.59|7d4cf1cc	37.66,697.00,226.10,22.10|713.50|290bf7b0	63328cca71f2e625	10	305	19.25,257.49,340.76,23.80|275.51|7d4cf1cc	37.66,454.00,226.10,22.10|470.50|290bf7b0	b763214b75397c82
145	UNCHANGED	1	10	143.36,146.87,103.28,33.28|171.52|ee54818e	37.66,402.30,274.55,22.10|418.80|e4eec38d	f6774de9cf91d140	1	10	143.36,146.87,103.28,33.28|171.52|ee54818e	37.66,402.30,274.55,22.10|418.80|e4eec38d	f6774de9cf91d140	1	10	143.36,146.87,103.28,33.28|171.52|ee54818e	37.66,402.30,274.55,22.10|418.80|e4eec38d	f6774de9cf91d140
146	HISTORICAL_AND_CURRENT_SOURCE	15	486	19.25,257.49,320.64,22.10|274.59|0fef24a8	37.66,299.20,209.95,22.10|315.70|30510f82	dc4e93ac1238eed7	15	482	19.25,257.49,350.32,22.10|274.59|42a767f7	37.66,188.80,209.95,22.10|205.30|30510f82	596943934fc67a00	16	495	19.25,257.49,329.14,23.80|275.51|0fef24a8	37.66,372.30,209.95,22.10|388.80|30510f82	e893efb135a43d00
147	UNCHANGED	1	7	143.36,146.87,103.28,33.28|171.52|632edbb2	37.66,313.90,306.85,22.10|330.40|b826f343	e57dcb4b11fa6453	1	7	143.36,146.87,103.28,33.28|171.52|632edbb2	37.66,313.90,306.85,22.10|330.40|b826f343	e57dcb4b11fa6453	1	7	143.36,146.87,103.28,33.28|171.52|632edbb2	37.66,313.90,306.85,22.10|330.40|b826f343	e57dcb4b11fa6453
148	HISTORICAL_AND_CURRENT_SOURCE	13	431	19.25,257.49,337.49,22.10|274.59|07b6518a	37.66,520.30,145.35,22.10|536.80|8eaef8ea	493f2ec9915ea6fb	13	431	19.25,257.49,333.24,22.10|274.59|07b6518a	37.66,520.30,145.35,22.10|536.80|8eaef8ea	d5710947f6256c64	14	433	19.25,257.49,342.21,23.80|275.51|07b6518a	37.66,343.50,145.35,22.10|360.00|8eaef8ea	1b9d1bd6d3fa0084
149	UNCHANGED	1	7	143.36,146.87,103.28,33.28|171.52|49ac4c47	37.66,313.90,177.65,22.10|330.40|f64c5b0c	a86f19f09bd594ff	1	7	143.36,146.87,103.28,33.28|171.52|49ac4c47	37.66,313.90,177.65,22.10|330.40|f64c5b0c	a86f19f09bd594ff	1	7	143.36,146.87,103.28,33.28|171.52|49ac4c47	37.66,313.90,177.65,22.10|330.40|f64c5b0c	a86f19f09bd594ff
150	HISTORICAL_AND_CURRENT_SOURCE	12	411	19.25,257.49,320.64,22.10|274.59|30e11dd1	37.66,675.00,306.85,22.10|691.50|c1276ed8	4ff359f94dfd6c0f	12	409	19.25,257.49,350.32,22.10|274.59|2d8f6a31	37.66,630.80,306.85,22.10|647.30|c1276ed8	7d18350bc66a0f73	13	424	19.25,257.49,329.14,23.80|275.51|30e11dd1	37.66,675.00,306.85,22.10|691.50|c1276ed8	571d6a729a26aee2
151	UNCHANGED	1	5	153.69,146.87,82.62,33.28|171.52|4bc9670f	103.20,213.43,183.60,33.28|237.95|ae1ec9c4	217628754ba42aba	1	5	153.69,146.87,82.62,33.28|171.52|4bc9670f	103.20,213.43,183.60,33.28|237.95|ae1ec9c4	217628754ba42aba	1	5	153.69,146.87,82.62,33.28|171.52|4bc9670f	103.20,213.43,183.60,33.28|237.95|ae1ec9c4	217628754ba42aba
152	HISTORICAL_AND_CURRENT_SOURCE	14	466	19.25,257.49,337.25,22.10|274.59|44fd58ee	37.66,454.00,258.40,22.10|470.50|559a9044	2fa663161b453cdf	14	464	19.25,257.49,337.25,22.10|274.59|44fd58ee	37.66,431.90,258.40,22.10|448.40|559a9044	e6a93a72103514b7	15	469	19.25,257.49,346.46,23.80|275.51|44fd58ee	37.66,210.90,258.40,22.10|227.40|559a9044	f96d942e41170133
153	UNCHANGED	1	5	143.36,146.87,103.28,33.28|171.52|0e2d5ba4	103.20,213.43,183.60,33.28|237.95|1c0111df	a22438023c122bb7	1	5	143.36,146.87,103.28,33.28|171.52|0e2d5ba4	103.20,213.43,183.60,33.28|237.95|1c0111df	a22438023c122bb7	1	5	143.36,146.87,103.28,33.28|171.52|0e2d5ba4	103.20,213.43,183.60,33.28|237.95|1c0111df	a22438023c122bb7
154	HISTORICAL_AND_CURRENT_SOURCE	16	574	19.25,257.49,337.49,22.10|274.59|1cd826ad	37.66,719.20,209.95,22.10|735.70|0a88d35b	1b68e397c7b0a813	16	574	19.25,257.49,337.49,22.10|274.59|1cd826ad	37.66,697.10,209.95,22.10|713.60|0a88d35b	64b1ec0f590bf686	18	586	19.25,257.49,346.46,23.80|275.51|1cd826ad	37.66,56.20,209.95,22.10|72.70|0a88d35b	f64c3791e6ecfabe
155	UNCHANGED	1	5	143.36,146.87,103.28,33.28|171.52|93ea7be8	103.20,213.43,183.60,33.28|237.95|f0bc1210	20cbf3120b312833	1	5	143.36,146.87,103.28,33.28|171.52|93ea7be8	103.20,213.43,183.60,33.28|237.95|f0bc1210	20cbf3120b312833	1	5	143.36,146.87,103.28,33.28|171.52|93ea7be8	103.20,213.43,183.60,33.28|237.95|f0bc1210	20cbf3120b312833
156	HISTORICAL_AND_CURRENT_SOURCE	14	471	19.25,257.49,337.72,22.10|274.59|c2711e21	37.66,100.40,32.30,22.10|116.90|002c2b82	3dc67e8b752dcb26	14	470	19.25,257.49,333.47,22.10|274.59|c2711e21	37.66,78.30,32.30,22.10|94.80|002c2b82	f85b16fa09c1c14c	15	478	19.25,257.49,342.21,23.80|275.51|c2711e21	37.66,56.20,32.30,22.10|72.70|002c2b82	fa5f3a04bb430c8f
157	UNCHANGED	1	5	143.36,146.87,103.28,33.28|171.52|1848e39e	103.20,213.43,183.60,33.28|237.95|8cdac459	899fb820946165d0	1	5	143.36,146.87,103.28,33.28|171.52|1848e39e	103.20,213.43,183.60,33.28|237.95|8cdac459	899fb820946165d0	1	5	143.36,146.87,103.28,33.28|171.52|1848e39e	103.20,213.43,183.60,33.28|237.95|8cdac459	899fb820946165d0
158	HISTORICAL_AND_CURRENT_SOURCE	15	509	19.25,257.49,337.49,22.10|274.59|393e9549	37.66,144.60,290.70,22.10|161.10|e045fa3d	0ea69acd8767bf6a	14	505	19.25,257.49,333.24,22.10|274.59|393e9549	37.66,807.60,290.70,22.10|824.10|e045fa3d	ffab078cb53f928b	16	520	19.25,257.49,342.21,23.80|275.51|393e9549	37.66,210.90,290.70,22.10|227.40|e045fa3d	d1cfc35272c90c81
159	UNCHANGED	1	9	143.36,146.87,103.28,33.28|171.52|5e0cf506	37.66,358.10,32.30,22.10|374.60|f384b6b9	6c57a9f597f6d7d5	1	9	143.36,146.87,103.28,33.28|171.52|5e0cf506	37.66,358.10,32.30,22.10|374.60|f384b6b9	6c57a9f597f6d7d5	1	9	143.36,146.87,103.28,33.28|171.52|5e0cf506	37.66,358.10,32.30,22.10|374.60|f384b6b9	6c57a9f597f6d7d5
160	HISTORICAL_AND_CURRENT_SOURCE	20	690	19.25,257.49,337.49,22.10|274.59|f81e3080	37.66,233.00,32.30,22.10|249.50|b0f34f59	728fc2411bba512a	20	688	19.25,257.49,337.49,22.10|274.59|f81e3080	37.66,166.70,32.30,22.10|183.20|b0f34f59	c01dd23be6fd2feb	21	702	19.25,257.49,346.46,23.80|275.51|f81e3080	37.66,719.20,32.30,22.10|735.70|b0f34f59	e71ea2afb8f4420e
161	UNCHANGED	1	5	143.36,146.87,103.28,33.28|171.52|be8ea875	103.20,213.43,183.60,33.28|237.95|3fd3e716	7e5bdfa702a04617	1	5	143.36,146.87,103.28,33.28|171.52|be8ea875	103.20,213.43,183.60,33.28|237.95|3fd3e716	7e5bdfa702a04617	1	5	143.36,146.87,103.28,33.28|171.52|be8ea875	103.20,213.43,183.60,33.28|237.95|3fd3e716	7e5bdfa702a04617
162	HISTORICAL_AND_CURRENT_SOURCE	18	606	19.25,257.49,337.25,22.10|274.59|52a4c103	37.66,34.10,290.70,22.10|50.60|2d06455f	072f94009497110f	18	605	19.25,257.49,337.25,22.10|274.59|52a4c103	37.66,12.00,290.70,22.10|28.50|2d06455f	2bc545b6b0ec2365	19	611	19.25,257.49,346.46,23.80|275.51|52a4c103	37.66,122.50,290.70,22.10|139.00|2d06455f	c5ef4f4f8e59734e
163	UNCHANGED	1	7	143.36,146.87,103.28,33.28|171.52|710ba4f9	37.66,336.00,177.65,22.10|352.50|448e7c05	9a4a65b95745890b	1	7	143.36,146.87,103.28,33.28|171.52|710ba4f9	37.66,336.00,177.65,22.10|352.50|448e7c05	9a4a65b95745890b	1	7	143.36,146.87,103.28,33.28|171.52|710ba4f9	37.66,336.00,177.65,22.10|352.50|448e7c05	9a4a65b95745890b
164	HISTORICAL_AND_CURRENT_SOURCE	20	623	19.25,257.49,337.25,22.10|274.59|efb78653	37.66,34.10,145.35,22.10|50.60|5048e1a7	977614b644e873e2	20	623	19.25,257.49,337.25,22.10|274.59|efb78653	37.66,34.10,145.35,22.10|50.60|5048e1a7	7fba049129db6811	20	629	19.25,257.49,346.46,23.80|275.51|efb78653	37.66,807.60,145.35,22.10|824.10|5048e1a7	75bb16750f4de79b
165	UNCHANGED	1	5	143.36,146.87,103.28,33.28|171.52|da1ed2db	103.20,213.43,183.60,33.28|237.95|3decebc4	920feaa5eaaa4561	1	5	143.36,146.87,103.28,33.28|171.52|da1ed2db	103.20,213.43,183.60,33.28|237.95|3decebc4	920feaa5eaaa4561	1	5	143.36,146.87,103.28,33.28|171.52|da1ed2db	103.20,213.43,183.60,33.28|237.95|3decebc4	920feaa5eaaa4561
166	HISTORICAL_AND_CURRENT_SOURCE	19	658	19.25,257.49,337.49,22.10|274.59|938ee02d	37.66,476.10,226.10,22.10|492.60|d0dc9796	1d3887adc89fbd1c	19	653	19.25,257.49,333.24,22.10|274.59|938ee02d	37.66,409.80,226.10,22.10|426.30|d0dc9796	8fe95ae913aa2d6b	20	667	19.25,257.49,342.21,23.80|275.51|938ee02d	37.66,763.40,226.10,22.10|779.90|d0dc9796	42d08ed2cf8a9483
167	UNCHANGED	1	8	143.36,146.87,103.28,33.28|171.52|e8dbc1ea	37.66,358.10,96.90,22.10|374.60|f4edf1b0	99e135c26af0f9c7	1	8	143.36,146.87,103.28,33.28|171.52|e8dbc1ea	37.66,358.10,96.90,22.10|374.60|f4edf1b0	99e135c26af0f9c7	1	8	143.36,146.87,103.28,33.28|171.52|e8dbc1ea	37.66,358.10,96.90,22.10|374.60|f4edf1b0	99e135c26af0f9c7
168	HISTORICAL_AND_CURRENT_SOURCE	28	1034	19.25,257.49,337.25,22.10|274.59|16d2e757	37.66,608.70,80.75,22.10|625.20|9f062c1c	f425348fc9eddec2	28	1035	19.25,257.49,337.25,22.10|274.59|16d2e757	37.66,608.70,80.75,22.10|625.20|9f062c1c	9a959c2f38affe84	29	1040	19.25,257.49,346.46,23.80|275.51|16d2e757	37.66,785.50,80.75,22.10|802.00|9f062c1c	b7ac45c56790971d
169	UNCHANGED	1	12	143.36,146.87,103.28,33.28|171.52|5dd4e714	37.66,446.50,96.90,22.10|463.00|a8115873	15f11b8946ff9e18	1	12	143.36,146.87,103.28,33.28|171.52|5dd4e714	37.66,446.50,96.90,22.10|463.00|a8115873	15f11b8946ff9e18	1	12	143.36,146.87,103.28,33.28|171.52|5dd4e714	37.66,446.50,96.90,22.10|463.00|a8115873	15f11b8946ff9e18
170	HISTORICAL_AND_CURRENT_SOURCE	10	339	19.25,257.49,337.49,22.10|274.59|a483feaa	37.66,431.90,209.95,22.10|448.40|aeb6eabb	62d8e02cdd24bdfd	10	339	19.25,257.49,333.24,22.10|274.59|a483feaa	37.66,431.90,209.95,22.10|448.40|aeb6eabb	83d79f591f533fd2	11	345	19.25,257.49,342.21,23.80|275.51|a483feaa	37.66,166.70,209.95,22.10|183.20|aeb6eabb	a2840aa428d6815b
171	UNCHANGED	1	11	153.69,146.87,82.62,33.28|171.52|18f4b391	37.66,424.40,274.55,22.10|440.90|2f2aea5a	3add58c033395cee	1	11	153.69,146.87,82.62,33.28|171.52|18f4b391	37.66,424.40,274.55,22.10|440.90|2f2aea5a	3add58c033395cee	1	11	153.69,146.87,82.62,33.28|171.52|18f4b391	37.66,424.40,274.55,22.10|440.90|2f2aea5a	3add58c033395cee
172	HISTORICAL_AND_CURRENT_SOURCE	13	433	19.25,257.49,337.72,22.10|274.59|bcaf7aca	37.66,255.10,32.30,22.10|271.60|002c2b82	b07e52b93417d0e8	13	432	19.25,257.49,337.72,22.10|274.59|bcaf7aca	37.66,210.90,32.30,22.10|227.40|002c2b82	06400d96dedb3a8c	14	439	19.25,257.49,346.46,23.80|275.51|bcaf7aca	37.66,100.40,32.30,22.10|116.90|002c2b82	08396cc22539b017
173	UNCHANGED	1	13	143.36,146.87,103.28,33.28|171.52|c4354988	37.66,424.40,258.40,22.10|440.90|25f196f4	b5db062b82212729	1	13	143.36,146.87,103.28,33.28|171.52|c4354988	37.66,424.40,258.40,22.10|440.90|25f196f4	b5db062b82212729	1	13	143.36,146.87,103.28,33.28|171.52|c4354988	37.66,424.40,258.40,22.10|440.90|25f196f4	b5db062b82212729
174	HISTORICAL_AND_CURRENT_SOURCE	12	427	19.25,257.49,337.49,22.10|274.59|7a5a8eb6	37.66,608.70,274.55,22.10|625.20|bba97072	147c510aed5a12b6	12	425	19.25,257.49,337.49,22.10|274.59|7a5a8eb6	37.66,586.60,274.55,22.10|603.10|bba97072	2f9a904ff9593196	13	430	19.25,257.49,346.46,23.80|275.51|7a5a8eb6	37.66,520.30,274.55,22.10|536.80|bba97072	3d66b7fb472c5947
175	UNCHANGED	1	5	143.36,146.87,103.28,33.28|171.52|02371482	103.20,213.43,183.60,33.28|237.95|bba366d1	9cc0a3300a13b037	1	5	143.36,146.87,103.28,33.28|171.52|02371482	103.20,213.43,183.60,33.28|237.95|bba366d1	9cc0a3300a13b037	1	5	143.36,146.87,103.28,33.28|171.52|02371482	103.20,213.43,183.60,33.28|237.95|bba366d1	9cc0a3300a13b037
176	HISTORICAL_AND_CURRENT_SOURCE	14	473	19.25,257.49,349.34,22.10|274.59|2b0eec9c	37.66,56.20,161.50,22.10|72.70|eecf43b7	4f70323a7ed495dc	13	468	19.25,257.49,349.34,22.10|274.59|2b0eec9c	37.66,763.40,161.50,22.10|779.90|eecf43b7	21235e2200af8eb8	15	482	19.25,257.49,324.89,23.80|275.51|3dc5523c	37.66,255.10,161.50,22.10|271.60|eecf43b7	bcd7c3f8d2edfa97
177	UNCHANGED	1	5	143.36,146.87,103.28,33.28|171.52|d5f77b56	103.20,213.43,183.60,33.28|237.95|83631666	473bf282f097cb40	1	5	143.36,146.87,103.28,33.28|171.52|d5f77b56	103.20,213.43,183.60,33.28|237.95|83631666	473bf282f097cb40	1	5	143.36,146.87,103.28,33.28|171.52|d5f77b56	103.20,213.43,183.60,33.28|237.95|83631666	473bf282f097cb40
178	HISTORICAL_AND_CURRENT_SOURCE	14	491	19.25,257.49,320.40,22.10|274.59|53809002	37.66,454.00,274.55,22.10|470.50|14c14487	9a72d1339cd100aa	14	488	19.25,257.49,350.09,22.10|274.59|c2926119	37.66,409.80,274.55,22.10|426.30|14c14487	ecf844c9bdbb8b15	15	503	19.25,257.49,329.14,23.80|275.51|53809002	37.66,564.50,274.55,22.10|581.00|14c14487	b3a45cf7bf9b1947
179	UNCHANGED	1	5	143.36,146.87,103.28,33.28|171.52|8e73abdb	103.20,213.43,183.60,33.28|237.95|799d6231	ca3f962336a6738f	1	5	143.36,146.87,103.28,33.28|171.52|8e73abdb	103.20,213.43,183.60,33.28|237.95|799d6231	ca3f962336a6738f	1	5	143.36,146.87,103.28,33.28|171.52|8e73abdb	103.20,213.43,183.60,33.28|237.95|799d6231	ca3f962336a6738f
180	HISTORICAL_AND_CURRENT_SOURCE	14	466	19.25,257.49,320.17,22.10|274.59|f7b7650e	37.66,12.00,290.70,22.10|28.50|c036c286	0e4fb3e239f4a761	13	460	19.25,257.49,349.86,22.10|274.59|a1cf7895	37.66,763.40,290.70,22.10|779.90|c036c286	5466c60b95230cee	15	474	19.25,257.49,329.14,23.80|275.51|f7b7650e	37.66,122.50,290.70,22.10|139.00|c036c286	2037540f34f7d73b
181	UNCHANGED	1	9	143.36,146.87,103.28,33.28|171.52|74835852	37.66,358.10,48.45,22.10|374.60|7c74f305	2621d24c776f02c8	1	9	143.36,146.87,103.28,33.28|171.52|74835852	37.66,358.10,48.45,22.10|374.60|7c74f305	2621d24c776f02c8	1	9	143.36,146.87,103.28,33.28|171.52|74835852	37.66,358.10,48.45,22.10|374.60|7c74f305	2621d24c776f02c8
182	HISTORICAL_AND_CURRENT_SOURCE	13	458	19.25,257.49,337.25,22.10|274.59|ad8ee473	37.66,763.40,145.35,22.10|779.90|24936ec5	b7f25668c1cefe00	13	454	19.25,257.49,337.25,22.10|274.59|ad8ee473	37.66,697.10,145.35,22.10|713.60|24936ec5	28b90274c8aa53fb	14	467	19.25,257.49,346.46,23.80|275.51|ad8ee473	37.66,807.60,145.35,22.10|824.10|24936ec5	4c63332381fbeadc
183	UNCHANGED	1	5	143.36,146.87,103.28,33.28|171.52|ff16f6b3	103.20,213.43,183.60,33.28|237.95|2e34c906	21838379972a8c42	1	5	143.36,146.87,103.28,33.28|171.52|ff16f6b3	103.20,213.43,183.60,33.28|237.95|2e34c906	21838379972a8c42	1	5	143.36,146.87,103.28,33.28|171.52|ff16f6b3	103.20,213.43,183.60,33.28|237.95|2e34c906	21838379972a8c42
184	HISTORICAL_AND_CURRENT_SOURCE	12	425	19.25,257.49,320.40,22.10|274.59|7443c933	37.66,476.10,32.30,22.10|492.60|002c2b82	378044ec208837d9	12	424	19.25,257.49,350.09,22.10|274.59|adaff7e9	37.66,431.90,32.30,22.10|448.40|002c2b82	0814fc9f705e0c96	13	431	19.25,257.49,329.14,23.80|275.51|7443c933	37.66,321.40,32.30,22.10|337.90|002c2b82	562463e1a27b7d64
185	UNCHANGED	1	5	143.36,146.87,103.28,33.28|171.52|e6378a18	103.20,213.43,183.60,33.28|237.95|8592f8e3	6df63628d0cedcd0	1	5	143.36,146.87,103.28,33.28|171.52|e6378a18	103.20,213.43,183.60,33.28|237.95|8592f8e3	6df63628d0cedcd0	1	5	143.36,146.87,103.28,33.28|171.52|e6378a18	103.20,213.43,183.60,33.28|237.95|8592f8e3	6df63628d0cedcd0
186	HISTORICAL_AND_CURRENT_SOURCE	14	490	19.25,257.49,337.49,22.10|274.59|4a9db08b	37.66,321.40,274.55,22.10|337.90|3ac0c5e9	7a12af155f3c2f09	14	491	19.25,257.49,337.49,22.10|274.59|4a9db08b	37.66,321.40,274.55,22.10|337.90|3ac0c5e9	ff9be53d103e4ea8	15	498	19.25,257.49,346.46,23.80|275.51|4a9db08b	37.66,255.10,274.55,22.10|271.60|3ac0c5e9	1ba6acfc4273b567
187	UNCHANGED	1	5	143.36,146.87,103.28,33.28|171.52|a6989007	103.20,213.43,183.60,33.28|237.95|330cdee0	eb4c423e165c086b	1	5	143.36,146.87,103.28,33.28|171.52|a6989007	103.20,213.43,183.60,33.28|237.95|330cdee0	eb4c423e165c086b	1	5	143.36,146.87,103.28,33.28|171.52|a6989007	103.20,213.43,183.60,33.28|237.95|330cdee0	eb4c423e165c086b
188	HISTORICAL_AND_CURRENT_SOURCE	11	385	19.25,257.49,337.25,22.10|274.59|cc8f1d06	37.66,564.50,177.65,22.10|581.00|e5a73187	c11db06f25a57065	11	385	19.25,257.49,337.25,22.10|274.59|cc8f1d06	37.66,564.50,177.65,22.10|581.00|e5a73187	fdb69a5adf2c62ca	12	396	19.25,257.49,346.46,23.80|275.51|cc8f1d06	37.66,608.70,177.65,22.10|625.20|e5a73187	60efa7e9618a1351
189	UNCHANGED	1	12	143.36,146.87,103.28,33.28|171.52|7e4e794a	37.66,424.40,96.90,22.10|440.90|5b577f87	b86595650b1470e1	1	12	143.36,146.87,103.28,33.28|171.52|7e4e794a	37.66,424.40,96.90,22.10|440.90|5b577f87	b86595650b1470e1	1	12	143.36,146.87,103.28,33.28|171.52|7e4e794a	37.66,424.40,96.90,22.10|440.90|5b577f87	b86595650b1470e1
190	HISTORICAL_AND_CURRENT_SOURCE	11	366	19.25,257.49,337.49,22.10|274.59|15379aa0	37.66,299.30,145.35,22.10|315.80|c0ec97a9	b5deb066df165110	11	365	19.25,257.49,333.24,22.10|274.59|15379aa0	37.66,255.10,145.35,22.10|271.60|c0ec97a9	95611d0135839148	12	373	19.25,257.49,342.21,23.80|275.51|15379aa0	37.66,233.00,145.35,22.10|249.50|c0ec97a9	d154f5861104f38d
191	UNCHANGED	1	6	153.69,146.87,82.62,33.28|171.52|d0520075	37.66,313.90,96.90,22.10|330.40|b367c37c	220391d10d1fd19c	1	6	153.69,146.87,82.62,33.28|171.52|d0520075	37.66,313.90,96.90,22.10|330.40|b367c37c	220391d10d1fd19c	1	6	153.69,146.87,82.62,33.28|171.52|d0520075	37.66,313.90,96.90,22.10|330.40|b367c37c	220391d10d1fd19c
192	HISTORICAL_AND_CURRENT_SOURCE	10	330	19.25,257.49,337.49,22.10|274.59|45b0c318	37.66,409.70,32.30,22.10|426.20|002c2b82	8f6f9943d8a7bac4	10	326	19.25,257.49,337.49,22.10|274.59|45b0c318	37.66,343.40,32.30,22.10|359.90|002c2b82	03b8739c328f4cb0	11	336	19.25,257.49,346.46,23.80|275.51|45b0c318	37.66,324.70,32.30,22.10|341.20|002c2b82	48f2b804a0872275
193	UNCHANGED	1	5	143.36,146.87,103.28,33.28|171.52|fc1287ec	103.20,213.43,183.60,33.28|237.95|4ade91be	1245f18e1f05e4fa	1	5	143.36,146.87,103.28,33.28|171.52|fc1287ec	103.20,213.43,183.60,33.28|237.95|4ade91be	1245f18e1f05e4fa	1	5	143.36,146.87,103.28,33.28|171.52|fc1287ec	103.20,213.43,183.60,33.28|237.95|4ade91be	1245f18e1f05e4fa
194	HISTORICAL_AND_CURRENT_SOURCE	10	344	19.25,257.49,320.64,22.10|274.59|96e0fecb	37.66,299.30,48.45,22.10|315.80|e6a07464	35f6f1f48abf525b	10	338	19.25,257.49,350.32,22.10|274.59|717c88e2	37.66,210.90,48.45,22.10|227.40|e6a07464	57b5c88f46674923	11	346	19.25,257.49,329.14,23.80|275.51|96e0fecb	37.66,34.10,48.45,22.10|50.60|e6a07464	9f856528e6c0c382
195	UNCHANGED	1	7	143.36,146.87,103.28,33.28|171.52|fc54198f	37.66,336.00,80.75,22.10|352.50|b1b2cfde	cbaa58bd71f4e87f	1	7	143.36,146.87,103.28,33.28|171.52|fc54198f	37.66,336.00,80.75,22.10|352.50|b1b2cfde	cbaa58bd71f4e87f	1	7	143.36,146.87,103.28,33.28|171.52|fc54198f	37.66,336.00,80.75,22.10|352.50|b1b2cfde	cbaa58bd71f4e87f
196	HISTORICAL_AND_CURRENT_SOURCE	14	519	19.25,257.49,349.11,22.10|274.59|33ab8a35	37.66,564.50,32.30,22.10|581.00|9bbb7845	f5164672c6d063a4	14	517	19.25,257.49,349.11,22.10|274.59|33ab8a35	37.66,476.10,32.30,22.10|492.60|9bbb7845	abb1e1e761996313	15	528	19.25,257.49,340.76,23.80|275.51|84cb4728	37.66,476.10,32.30,22.10|492.60|9bbb7845	9daf07531c70820f
197	UNCHANGED	1	5	143.36,146.87,103.28,33.28|171.52|53a9ec7d	103.20,213.43,183.60,33.28|237.95|c1d53e35	254664c744efa66a	1	5	143.36,146.87,103.28,33.28|171.52|53a9ec7d	103.20,213.43,183.60,33.28|237.95|c1d53e35	254664c744efa66a	1	5	143.36,146.87,103.28,33.28|171.52|53a9ec7d	103.20,213.43,183.60,33.28|237.95|c1d53e35	254664c744efa66a
198	HISTORICAL_AND_CURRENT_SOURCE	11	366	19.25,257.49,349.11,22.10|274.59|9bf2b87f	37.66,321.40,242.25,22.10|337.90|2922a12e	b3126d34b2543536	11	365	19.25,257.49,349.11,22.10|274.59|9bf2b87f	37.66,299.30,242.25,22.10|315.80|2922a12e	df701d75a88b3b4a	12	370	19.25,257.49,324.89,23.80|275.51|a046323d	37.66,233.00,242.25,22.10|249.50|2922a12e	c77558c761449011
199	UNCHANGED	1	5	143.36,146.87,103.28,33.28|171.52|c20ea760	103.20,213.43,183.60,33.28|237.95|470ce745	b3e2cff596540947	1	5	143.36,146.87,103.28,33.28|171.52|c20ea760	103.20,213.43,183.60,33.28|237.95|470ce745	b3e2cff596540947	1	5	143.36,146.87,103.28,33.28|171.52|c20ea760	103.20,213.43,183.60,33.28|237.95|470ce745	b3e2cff596540947
200	HISTORICAL_AND_CURRENT_SOURCE	13	450	19.25,257.49,337.49,22.10|274.59|30fbcfea	37.66,697.00,129.20,22.10|713.50|3c98a787	b1498f4d4cbebed2	13	448	19.25,257.49,337.49,22.10|274.59|30fbcfea	37.66,674.90,129.20,22.10|691.40|3c98a787	ce0670d0c5b35b6b	14	458	19.25,257.49,346.46,23.80|275.51|30fbcfea	37.66,754.80,129.20,22.10|771.30|3c98a787	2a2073cafa40c4b9
201	UNCHANGED	1	5	143.36,146.87,103.28,33.28|171.52|a9d3bf8e	103.20,213.43,183.60,33.28|237.95|4b4bb818	740278df54c8159d	1	5	143.36,146.87,103.28,33.28|171.52|a9d3bf8e	103.20,213.43,183.60,33.28|237.95|4b4bb818	740278df54c8159d	1	5	143.36,146.87,103.28,33.28|171.52|a9d3bf8e	103.20,213.43,183.60,33.28|237.95|4b4bb818	740278df54c8159d
202	HISTORICAL_AND_CURRENT_SOURCE	11	363	19.25,257.49,337.25,22.10|274.59|976659b5	37.66,233.00,48.45,22.10|249.50|4e12d435	33113cdbb58eb2ab	11	359	19.25,257.49,333.00,22.10|274.59|976659b5	37.66,210.90,48.45,22.10|227.40|4e12d435	5cbbd891754901d5	12	369	19.25,257.49,342.21,23.80|275.51|976659b5	37.66,144.60,48.45,22.10|161.10|4e12d435	2e4a2b1b167bf40a
203	UNCHANGED	1	5	143.36,146.87,103.28,33.28|171.52|2f8af138	103.20,213.43,183.60,33.28|237.95|1163bced	38d487d3d433c6dc	1	5	143.36,146.87,103.28,33.28|171.52|2f8af138	103.20,213.43,183.60,33.28|237.95|1163bced	38d487d3d433c6dc	1	5	143.36,146.87,103.28,33.28|171.52|2f8af138	103.20,213.43,183.60,33.28|237.95|1163bced	38d487d3d433c6dc
204	HISTORICAL_AND_CURRENT_SOURCE	11	367	19.25,257.49,337.49,22.10|274.59|6df325b2	37.66,233.00,290.70,22.10|249.50|f5f85463	a4c882ea382540bf	11	363	19.25,257.49,333.24,22.10|274.59|6df325b2	37.66,166.70,290.70,22.10|183.20|f5f85463	d8eb0c00b8361b60	12	375	19.25,257.49,342.21,23.80|275.51|6df325b2	37.66,210.90,290.70,22.10|227.40|f5f85463	f0aac2e6df43f4a3
205	UNCHANGED	1	5	143.36,146.87,103.28,33.28|171.52|92dfb895	103.20,213.43,183.60,33.28|237.95|2cde16a2	742ff63401c9c348	1	5	143.36,146.87,103.28,33.28|171.52|92dfb895	103.20,213.43,183.60,33.28|237.95|2cde16a2	742ff63401c9c348	1	5	143.36,146.87,103.28,33.28|171.52|92dfb895	103.20,213.43,183.60,33.28|237.95|2cde16a2	742ff63401c9c348
206	HISTORICAL_AND_CURRENT_SOURCE	17	560	19.25,257.49,337.49,22.10|274.59|2359b67e	37.66,56.20,274.55,22.10|72.70|68ed53d8	dab5270eda055e97	16	556	19.25,257.49,337.49,22.10|274.59|2359b67e	37.66,785.50,274.55,22.10|802.00|68ed53d8	83791c34386b7aa3	18	568	19.25,257.49,346.46,23.80|275.51|2359b67e	37.66,321.40,274.55,22.10|337.90|68ed53d8	14644d305ed99d87
207	UNCHANGED	1	5	143.36,146.87,103.28,33.28|171.52|fdb46e2c	103.20,213.43,183.60,33.28|237.95|1149b174	4c65b57506a15d20	1	5	143.36,146.87,103.28,33.28|171.52|fdb46e2c	103.20,213.43,183.60,33.28|237.95|1149b174	4c65b57506a15d20	1	5	143.36,146.87,103.28,33.28|171.52|fdb46e2c	103.20,213.43,183.60,33.28|237.95|1149b174	4c65b57506a15d20
208	HISTORICAL_AND_CURRENT_SOURCE	10	314	19.25,257.49,320.64,22.10|274.59|34e9729a	37.66,299.20,242.25,22.10|315.70|54d2399b	0fed612c3d05f5b2	10	311	19.25,257.49,350.32,22.10|274.59|17cd5ada	37.66,210.90,242.25,22.10|227.40|54d2399b	84e1321f1c179363	11	319	19.25,257.49,329.14,23.80|275.51|34e9729a	37.66,256.70,242.25,22.10|273.20|54d2399b	b6eaf8665d75cd2e
209	UNCHANGED	1	11	143.36,146.87,103.28,33.28|171.52|a8185ab2	37.66,402.30,209.95,22.10|418.80|ad514cba	f5e9ed964c16d18a	1	11	143.36,146.87,103.28,33.28|171.52|a8185ab2	37.66,402.30,209.95,22.10|418.80|ad514cba	f5e9ed964c16d18a	1	11	143.36,146.87,103.28,33.28|171.52|a8185ab2	37.66,402.30,209.95,22.10|418.80|ad514cba	f5e9ed964c16d18a
210	HISTORICAL_AND_CURRENT_SOURCE	11	394	19.25,257.49,341.74,22.10|274.59|d920de0a	37.66,476.10,161.50,22.10|492.60|25ff4878	577c6f82f1ae604a	11	393	19.25,257.49,333.24,22.10|274.59|d920de0a	37.66,454.00,161.50,22.10|470.50|25ff4878	8a1a2d87040d3602	12	401	19.25,257.49,342.21,23.80|275.51|d920de0a	37.66,321.40,161.50,22.10|337.90|25ff4878	99678b6ce2e0e3a1
211	UNCHANGED	1	5	143.36,146.87,103.28,33.28|171.52|ce1a60fe	103.20,213.43,183.60,33.28|237.95|83ece960	a271fc75ce433697	1	5	143.36,146.87,103.28,33.28|171.52|ce1a60fe	103.20,213.43,183.60,33.28|237.95|83ece960	a271fc75ce433697	1	5	143.36,146.87,103.28,33.28|171.52|ce1a60fe	103.20,213.43,183.60,33.28|237.95|83ece960	a271fc75ce433697
212	HISTORICAL_AND_CURRENT_SOURCE	9	304	19.25,257.49,337.49,22.10|274.59|b00f177b	37.66,431.80,113.05,22.10|448.30|26be2646	88ef263f46ce06f0	9	302	19.25,257.49,333.24,22.10|274.59|b00f177b	37.66,409.70,113.05,22.10|426.20|26be2646	52ef7141b8d45a9f	10	306	19.25,257.49,342.21,23.80|275.51|b00f177b	37.66,255.10,113.05,22.10|271.60|26be2646	07d51c0114e1a744
213	UNCHANGED	1	5	143.36,146.87,103.28,33.28|171.52|dc149be9	103.20,213.43,183.60,33.28|237.95|910187b6	5c237fbd8fb4950b	1	5	143.36,146.87,103.28,33.28|171.52|dc149be9	103.20,213.43,183.60,33.28|237.95|910187b6	5c237fbd8fb4950b	1	5	143.36,146.87,103.28,33.28|171.52|dc149be9	103.20,213.43,183.60,33.28|237.95|910187b6	5c237fbd8fb4950b
214	HISTORICAL_AND_CURRENT_SOURCE	13	434	19.25,257.49,337.49,22.10|274.59|b8b202fa	37.66,144.60,145.35,22.10|161.10|f0aa3b99	f89a566e21f2ffad	13	431	19.25,257.49,337.49,22.10|274.59|b8b202fa	37.66,78.30,145.35,22.10|94.80|f0aa3b99	826399d8e18f3772	14	443	19.25,257.49,346.46,23.80|275.51|b8b202fa	37.66,233.00,145.35,22.10|249.50|f0aa3b99	12bced339870f109
215	UNCHANGED	1	8	143.36,146.87,103.28,33.28|171.52|90a19893	37.66,358.10,129.20,22.10|374.60|75e5ba1b	61723484c0c6f969	1	8	143.36,146.87,103.28,33.28|171.52|90a19893	37.66,358.10,129.20,22.10|374.60|75e5ba1b	61723484c0c6f969	1	8	143.36,146.87,103.28,33.28|171.52|90a19893	37.66,358.10,129.20,22.10|374.60|75e5ba1b	61723484c0c6f969
216	HISTORICAL_AND_CURRENT_SOURCE	10	332	19.25,257.49,337.49,22.10|274.59|fe5436ca	37.66,122.50,242.25,22.10|139.00|6bb05c9b	5593fbd0b605db2e	10	333	19.25,257.49,333.24,22.10|274.59|fe5436ca	37.66,122.50,242.25,22.10|139.00|6bb05c9b	c1399d9ab30bf4c3	10	334	19.25,257.49,342.21,23.80|275.51|fe5436ca	37.66,564.50,242.25,22.10|581.00|6bb05c9b	13f99146de9c09a8
217	UNCHANGED	1	5	143.36,146.87,103.28,33.28|171.52|a5fee010	103.20,213.43,183.60,33.28|237.95|fd7f795b	80cda318f9485615	1	5	143.36,146.87,103.28,33.28|171.52|a5fee010	103.20,213.43,183.60,33.28|237.95|fd7f795b	80cda318f9485615	1	5	143.36,146.87,103.28,33.28|171.52|a5fee010	103.20,213.43,183.60,33.28|237.95|fd7f795b	80cda318f9485615
218	HISTORICAL_AND_CURRENT_SOURCE	11	381	19.25,257.49,337.49,22.10|274.59|3dad0bab	37.66,476.10,226.10,22.10|492.60|0f07e720	bf413e5cdedd61bc	11	378	19.25,257.49,337.49,22.10|274.59|3dad0bab	37.66,431.90,226.10,22.10|448.40|0f07e720	2487afbbe1d69a44	12	387	19.25,257.49,346.46,23.80|275.51|3dad0bab	37.66,431.90,226.10,22.10|448.40|0f07e720	f265f73d8b4e0ee6
219	UNCHANGED	1	5	143.36,146.87,103.28,33.28|171.52|c140a532	103.20,213.43,183.60,33.28|237.95|6e238a0b	a73253fc1e0d5153	1	5	143.36,146.87,103.28,33.28|171.52|c140a532	103.20,213.43,183.60,33.28|237.95|6e238a0b	a73253fc1e0d5153	1	5	143.36,146.87,103.28,33.28|171.52|c140a532	103.20,213.43,183.60,33.28|237.95|6e238a0b	a73253fc1e0d5153
220	HISTORICAL_AND_CURRENT_SOURCE	10	328	19.25,257.49,337.49,22.10|274.59|de8dee23	37.66,299.20,96.90,22.10|315.70|83e38726	0051ab897c77b4b7	10	327	19.25,257.49,337.49,22.10|274.59|de8dee23	37.66,299.20,96.90,22.10|315.70|83e38726	16aba7904a7611af	11	332	19.25,257.49,346.46,23.80|275.51|de8dee23	37.66,122.50,96.90,22.10|139.00|83e38726	fca00fd3235d536c
221	UNCHANGED	1	12	143.36,146.87,103.28,33.28|171.52|652f57c3	37.66,424.40,32.30,22.10|440.90|b87a21a1	e0d6d28cbf57a745	1	12	143.36,146.87,103.28,33.28|171.52|652f57c3	37.66,424.40,32.30,22.10|440.90|b87a21a1	e0d6d28cbf57a745	1	12	143.36,146.87,103.28,33.28|171.52|652f57c3	37.66,424.40,32.30,22.10|440.90|b87a21a1	e0d6d28cbf57a745
222	HISTORICAL_AND_CURRENT_SOURCE	10	347	19.25,257.49,337.25,22.10|274.59|ee9425b8	37.66,277.20,96.90,22.10|293.70|27d740d4	ee670ef1cd67e2e3	10	346	19.25,257.49,337.25,22.10|274.59|ee9425b8	37.66,255.10,96.90,22.10|271.60|27d740d4	dcfcc7cad12c10f6	11	352	19.25,257.49,346.46,23.80|275.51|ee9425b8	37.66,144.60,96.90,22.10|161.10|27d740d4	4dee0e4d9d642169
223	UNCHANGED	1	5	143.36,146.87,103.28,33.28|171.52|ed8fde80	103.20,213.43,183.60,33.28|237.95|c73e90b7	eacdd1b841901e9e	1	5	143.36,146.87,103.28,33.28|171.52|ed8fde80	103.20,213.43,183.60,33.28|237.95|c73e90b7	eacdd1b841901e9e	1	5	143.36,146.87,103.28,33.28|171.52|ed8fde80	103.20,213.43,183.60,33.28|237.95|c73e90b7	eacdd1b841901e9e
224	HISTORICAL_AND_CURRENT_SOURCE	9	306	19.25,257.49,337.49,22.10|274.59|012b4134	37.66,559.30,177.65,22.10|575.80|0093010e	81f58d1cb60ac5f2	9	304	19.25,257.49,337.49,22.10|274.59|012b4134	37.66,537.20,177.65,22.10|553.70|0093010e	17a85a48d4b80fd6	10	308	19.25,257.49,346.46,23.80|275.51|012b4134	37.66,348.50,177.65,22.10|365.00|0093010e	15bcfb8b862aa9d1
225	UNCHANGED	1	5	143.36,146.87,103.28,33.28|171.52|6b342ac0	103.20,213.43,183.60,33.28|237.95|91e8e4ab	57badc6aac89811d	1	5	143.36,146.87,103.28,33.28|171.52|6b342ac0	103.20,213.43,183.60,33.28|237.95|91e8e4ab	57badc6aac89811d	1	5	143.36,146.87,103.28,33.28|171.52|6b342ac0	103.20,213.43,183.60,33.28|237.95|91e8e4ab	57badc6aac89811d
226	HISTORICAL_AND_CURRENT_SOURCE	10	352	19.25,257.49,202.45,22.10|274.59|4d5192b3	37.66,763.30,274.55,22.10|779.80|38dfa620	4b5e36fec2533190	10	352	19.25,257.49,202.45,22.10|274.59|4d5192b3	37.66,741.20,274.55,22.10|757.70|38dfa620	42ef7a6427564655	11	355	19.25,257.49,207.88,23.80|275.51|4d5192b3	37.66,520.30,274.55,22.10|536.80|38dfa620	17b88261a9c8d9ab
227	UNCHANGED	1	5	143.36,146.87,103.28,33.28|171.52|eae6519b	103.20,213.43,183.60,33.28|237.95|afe7876b	febbc3efc620c450	1	5	143.36,146.87,103.28,33.28|171.52|eae6519b	103.20,213.43,183.60,33.28|237.95|afe7876b	febbc3efc620c450	1	5	143.36,146.87,103.28,33.28|171.52|eae6519b	103.20,213.43,183.60,33.28|237.95|afe7876b	febbc3efc620c450
228	HISTORICAL_AND_CURRENT_SOURCE	12	418	19.25,257.49,337.25,22.10|274.59|5ff00428	37.66,321.40,226.10,22.10|337.90|36762f95	085fa441dc22da35	12	416	19.25,257.49,337.25,22.10|274.59|5ff00428	37.66,277.20,226.10,22.10|293.70|36762f95	e6abbfe5edf1b371	13	425	19.25,257.49,346.46,23.80|275.51|5ff00428	37.66,365.60,226.10,22.10|382.10|36762f95	ce018e528cb19e3b
229	UNCHANGED	1	8	143.36,146.87,103.28,33.28|171.52|a7abb0b6	37.66,358.10,129.20,22.10|374.60|29bb8e3d	fc066116c4ef0c62	1	8	143.36,146.87,103.28,33.28|171.52|a7abb0b6	37.66,358.10,129.20,22.10|374.60|29bb8e3d	fc066116c4ef0c62	1	8	143.36,146.87,103.28,33.28|171.52|a7abb0b6	37.66,358.10,129.20,22.10|374.60|29bb8e3d	fc066116c4ef0c62
230	HISTORICAL_AND_CURRENT_SOURCE	14	478	19.25,257.49,337.49,22.10|274.59|e0180e58	37.66,520.20,145.35,22.10|536.70|0d69edfd	5381fbde80ac0600	14	474	19.25,257.49,333.24,22.10|274.59|e0180e58	37.66,431.90,145.35,22.10|448.40|0d69edfd	9a16e67627e03d92	15	488	19.25,257.49,342.21,23.80|275.51|e0180e58	37.66,715.70,145.35,22.10|732.20|0d69edfd	4b8a0c8cffab1081
231	UNCHANGED	1	8	143.36,146.87,103.28,33.28|171.52|7dd170df	37.66,336.00,32.30,22.10|352.50|7c3a1c32	529d53f0425d4140	1	8	143.36,146.87,103.28,33.28|171.52|7dd170df	37.66,336.00,32.30,22.10|352.50|7c3a1c32	529d53f0425d4140	1	8	143.36,146.87,103.28,33.28|171.52|7dd170df	37.66,336.00,32.30,22.10|352.50|7c3a1c32	529d53f0425d4140
232	HISTORICAL_AND_CURRENT_SOURCE	11	368	19.25,257.49,348.88,22.10|274.59|dd9d9112	37.66,255.10,48.45,22.10|271.60|25954e10	dfd21b5e3a28e122	11	366	19.25,257.49,348.88,22.10|274.59|dd9d9112	37.66,210.90,48.45,22.10|227.40|25954e10	2b1d6c8e8e633710	12	373	19.25,257.49,340.76,23.80|275.51|015bf7ed	37.66,188.80,48.45,22.10|205.30|25954e10	fe262dc9c9429d8e
233	UNCHANGED	1	7	143.36,146.87,103.28,33.28|171.52|4090f6df	37.66,313.90,244.53,22.10|330.40|6ce1b4a1	fc90447f47adb63b	1	7	143.36,146.87,103.28,33.28|171.52|4090f6df	37.66,313.90,244.53,22.10|330.40|6ce1b4a1	fc90447f47adb63b	1	7	143.36,146.87,103.28,33.28|171.52|4090f6df	37.66,313.90,244.53,22.10|330.40|6ce1b4a1	fc90447f47adb63b
234	HISTORICAL_AND_CURRENT_SOURCE	12	393	19.25,257.49,337.49,22.10|274.59|0ef40993	37.66,78.30,129.20,22.10|94.80|fc2ed280	147f6437ab00474a	11	389	19.25,257.49,333.24,22.10|274.59|0ef40993	37.66,802.40,129.20,22.10|818.90|fc2ed280	83251e05e87ed419	13	400	19.25,257.49,342.21,23.80|275.51|0ef40993	37.66,122.50,129.20,22.10|139.00|fc2ed280	4257e4c1d42ae34e
235	UNCHANGED	1	8	143.36,146.87,103.28,33.28|171.52|d013bb9c	37.66,336.00,145.35,22.10|352.50|e57d8fa0	57ebfe8de2a04d70	1	8	143.36,146.87,103.28,33.28|171.52|d013bb9c	37.66,336.00,145.35,22.10|352.50|e57d8fa0	57ebfe8de2a04d70	1	8	143.36,146.87,103.28,33.28|171.52|d013bb9c	37.66,336.00,145.35,22.10|352.50|e57d8fa0	57ebfe8de2a04d70
236	HISTORICAL_AND_CURRENT_SOURCE	11	381	19.25,257.49,337.25,22.10|274.59|61a8cec9	37.66,608.60,242.25,22.10|625.10|bbf595ea	c63aca6f838f82b8	11	381	19.25,257.49,337.25,22.10|274.59|61a8cec9	37.66,586.50,242.25,22.10|603.00|bbf595ea	cb67a98161c2597d	12	393	19.25,257.49,346.46,23.80|275.51|61a8cec9	37.66,663.00,242.25,22.10|679.50|bbf595ea	8945b3cdfa7ec5f8
237	UNCHANGED	1	5	143.36,146.87,103.28,33.28|171.52|bee85528	103.20,213.43,183.60,33.28|237.95|788dcbd8	d5b3385a19b055d6	1	5	143.36,146.87,103.28,33.28|171.52|bee85528	103.20,213.43,183.60,33.28|237.95|788dcbd8	d5b3385a19b055d6	1	5	143.36,146.87,103.28,33.28|171.52|bee85528	103.20,213.43,183.60,33.28|237.95|788dcbd8	d5b3385a19b055d6
238	HISTORICAL_AND_CURRENT_SOURCE	11	356	19.25,257.49,337.49,22.10|274.59|6db8a7eb	37.66,144.60,48.45,22.10|161.10|4e12d435	2543a1be9c7ce8e1	11	354	19.25,257.49,337.49,22.10|274.59|6db8a7eb	37.66,122.50,48.45,22.10|139.00|4e12d435	2ad33ab4217196d9	12	363	19.25,257.49,346.46,23.80|275.51|6db8a7eb	37.66,144.60,48.45,22.10|161.10|4e12d435	5b7a4884036614e1
239	UNCHANGED	1	8	143.36,146.87,103.28,33.28|171.52|714c9b5e	37.66,336.00,48.45,22.10|352.50|fa791de9	8b1865385114e8db	1	8	143.36,146.87,103.28,33.28|171.52|714c9b5e	37.66,336.00,48.45,22.10|352.50|fa791de9	8b1865385114e8db	1	8	143.36,146.87,103.28,33.28|171.52|714c9b5e	37.66,336.00,48.45,22.10|352.50|fa791de9	8b1865385114e8db
240	HISTORICAL_AND_CURRENT_SOURCE	8	270	19.25,257.49,337.49,22.10|274.59|1b3edaf0	37.66,542.30,48.45,22.10|558.80|53c64f81	4df5cda44b9ff96b	8	267	19.25,257.49,333.24,22.10|274.59|1b3edaf0	37.66,498.10,48.45,22.10|514.60|53c64f81	87ccfda294c779c4	9	272	19.25,257.49,342.21,23.80|275.51|1b3edaf0	37.66,233.00,48.45,22.10|249.50|53c64f81	3690655de4ee1f07
241	UNCHANGED	1	5	143.36,146.87,103.28,33.28|171.52|090aac8a	103.20,213.43,183.60,33.28|237.95|668827ea	e18b8837c741afe5	1	5	143.36,146.87,103.28,33.28|171.52|090aac8a	103.20,213.43,183.60,33.28|237.95|668827ea	e18b8837c741afe5	1	5	143.36,146.87,103.28,33.28|171.52|090aac8a	103.20,213.43,183.60,33.28|237.95|668827ea	e18b8837c741afe5
242	HISTORICAL_AND_CURRENT_SOURCE	12	394	19.25,257.49,337.25,22.10|274.59|b6630bba	37.66,56.20,226.10,22.10|72.70|92d401d0	9a025b69fe55ee2c	11	393	19.25,257.49,337.25,22.10|274.59|b6630bba	37.66,807.60,226.10,22.10|824.10|92d401d0	a02e7c388c15b152	12	397	19.25,257.49,346.46,23.80|275.51|b6630bba	37.66,741.30,226.10,22.10|757.80|92d401d0	3950617c9a8597f3
243	UNCHANGED	1	5	143.36,146.87,103.28,33.28|171.52|fac29f61	103.20,213.43,183.60,33.28|237.95|54f5fe5a	c7812fd1036a0da5	1	5	143.36,146.87,103.28,33.28|171.52|fac29f61	103.20,213.43,183.60,33.28|237.95|54f5fe5a	c7812fd1036a0da5	1	5	143.36,146.87,103.28,33.28|171.52|fac29f61	103.20,213.43,183.60,33.28|237.95|54f5fe5a	c7812fd1036a0da5
244	HISTORICAL_AND_CURRENT_SOURCE	11	352	19.25,257.49,320.64,22.10|274.59|aa1e1a4b	37.66,188.70,242.25,22.10|205.20|923eafc1	085b8d3e6c14723b	11	350	19.25,257.49,350.32,22.10|274.59|ed32119d	37.66,122.50,242.25,22.10|139.00|923eafc1	6399463e6fd978a3	12	357	19.25,257.49,329.14,23.80|275.51|aa1e1a4b	37.66,100.40,242.25,22.10|116.90|923eafc1	fe1d1c2f7b4a43da
245	UNCHANGED	1	5	143.36,146.87,103.28,33.28|171.52|09a130ef	103.20,213.43,183.60,33.28|237.95|42823863	36716bd9eb810ff3	1	5	143.36,146.87,103.28,33.28|171.52|09a130ef	103.20,213.43,183.60,33.28|237.95|42823863	36716bd9eb810ff3	1	5	143.36,146.87,103.28,33.28|171.52|09a130ef	103.20,213.43,183.60,33.28|237.95|42823863	36716bd9eb810ff3
246	HISTORICAL_AND_CURRENT_SOURCE	12	418	19.25,257.49,337.25,22.10|274.59|ba5b3ee9	37.66,542.40,118.28,22.10|558.90|b53cd5e7	ba7e491019c485ef	12	415	19.25,257.49,337.25,22.10|274.59|ba5b3ee9	37.66,476.10,118.28,22.10|492.60|b53cd5e7	39062f6a9c5cecaa	13	420	19.25,257.49,346.46,23.80|275.51|ba5b3ee9	37.66,520.30,118.28,22.10|536.80|b53cd5e7	c6d19031827af372
247	UNCHANGED	1	5	143.36,146.87,103.28,33.28|171.52|75485ac4	103.20,213.43,183.60,33.28|237.95|5623ba39	566b50e1062e9cf9	1	5	143.36,146.87,103.28,33.28|171.52|75485ac4	103.20,213.43,183.60,33.28|237.95|5623ba39	566b50e1062e9cf9	1	5	143.36,146.87,103.28,33.28|171.52|75485ac4	103.20,213.43,183.60,33.28|237.95|5623ba39	566b50e1062e9cf9
248	HISTORICAL_AND_CURRENT_SOURCE	13	445	19.25,257.49,337.49,22.10|274.59|ec21aaa5	37.66,498.20,274.55,22.10|514.70|7dd24250	5972f04be932d68e	13	444	19.25,257.49,337.49,22.10|274.59|ec21aaa5	37.66,476.10,274.55,22.10|492.60|7dd24250	ca4193ca6dc7e0b1	14	451	19.25,257.49,346.46,23.80|275.51|ec21aaa5	37.66,365.60,274.55,22.10|382.10|7dd24250	accd99f3249306e7
249	UNCHANGED	1	5	143.36,146.87,103.28,33.28|171.52|72e0f209	103.20,213.43,183.60,33.28|237.95|37995c40	745245ce35754c06	1	5	143.36,146.87,103.28,33.28|171.52|72e0f209	103.20,213.43,183.60,33.28|237.95|37995c40	745245ce35754c06	1	5	143.36,146.87,103.28,33.28|171.52|72e0f209	103.20,213.43,183.60,33.28|237.95|37995c40	745245ce35754c06
250	HISTORICAL_AND_CURRENT_SOURCE	15	516	19.25,257.49,337.49,22.10|274.59|08a9d9b1	37.66,520.30,161.50,22.10|536.80|656db60f	1f81c5fc95b5d361	15	513	19.25,257.49,333.24,22.10|274.59|08a9d9b1	37.66,454.00,161.50,22.10|470.50|656db60f	6ffd25ab4f8ef77d	16	523	19.25,257.49,342.21,23.80|275.51|08a9d9b1	37.66,630.80,161.50,22.10|647.30|656db60f	03dd05a76375c8d0
251	UNCHANGED	1	5	143.36,146.87,103.28,33.28|171.52|a3ddc25a	103.20,213.43,183.60,33.28|237.95|c85cdb90	509b3f82dccb6b57	1	5	143.36,146.87,103.28,33.28|171.52|a3ddc25a	103.20,213.43,183.60,33.28|237.95|c85cdb90	509b3f82dccb6b57	1	5	143.36,146.87,103.28,33.28|171.52|a3ddc25a	103.20,213.43,183.60,33.28|237.95|c85cdb90	509b3f82dccb6b57
252	HISTORICAL_AND_CURRENT_SOURCE	14	467	19.25,257.49,337.49,22.10|274.59|a577c583	37.66,233.00,274.55,22.10|249.50|b7a2f81e	177904343053c70b	14	466	19.25,257.49,333.24,22.10|274.59|a577c583	37.66,188.80,274.55,22.10|205.30|b7a2f81e	b12099007cdc4616	15	477	19.25,257.49,342.21,23.80|275.51|a577c583	37.66,233.00,274.55,22.10|249.50|b7a2f81e	30f742c146a3f751
253	UNCHANGED	1	1	15.66,29.00,4.35,22.10|46.09|abfbd10d	15.66,29.00,4.35,22.10|46.09|abfbd10d	6422bd6e577db1df	1	1	15.66,29.00,4.35,22.10|46.09|abfbd10d	15.66,29.00,4.35,22.10|46.09|abfbd10d	6422bd6e577db1df	1	1	15.66,29.00,4.35,22.10|46.09|abfbd10d	15.66,29.00,4.35,22.10|46.09|abfbd10d	6422bd6e577db1df
254	UNCHANGED	1	1	19.25,29.00,4.35,22.10|46.09|abfbd10d	19.25,29.00,4.35,22.10|46.09|abfbd10d	cab0f027f7f89a6f	1	1	19.25,29.00,4.35,22.10|46.09|abfbd10d	19.25,29.00,4.35,22.10|46.09|abfbd10d	cab0f027f7f89a6f	1	1	19.25,29.00,4.35,22.10|46.09|abfbd10d	19.25,29.00,4.35,22.10|46.09|abfbd10d	cab0f027f7f89a6f
255	UNCHANGED	2	52	16.00,249.28,45.90,30.60|272.27|2366052c	168.66,284.00,169.86,22.10|300.43|f0523a43	2b286adb3e1e4b77	2	52	16.00,249.28,45.90,30.60|272.27|2366052c	168.66,284.00,169.86,22.10|300.43|f0523a43	2b286adb3e1e4b77	2	52	16.00,249.28,45.90,30.60|272.27|2366052c	168.66,284.00,169.86,22.10|300.43|f0523a43	2b286adb3e1e4b77
256	UNCHANGED	1	24	16.00,249.28,61.20,30.60|272.27|aa757848	15.66,725.28,34.00,22.10|741.71|5c6a9b1f	6d40e67d814fa310	1	24	16.00,249.28,61.20,30.60|272.27|aa757848	15.66,725.28,34.00,22.10|741.71|5c6a9b1f	6d40e67d814fa310	1	24	16.00,249.28,61.20,30.60|272.27|aa757848	15.66,725.28,34.00,22.10|741.71|5c6a9b1f	6d40e67d814fa310
257	UNCHANGED	1	3	169.50,253.69,51.00,22.10|270.67|9134b008	93.00,275.79,204.00,22.79|294.20|59a9e492	ad7087f348159ebf	1	3	169.50,253.69,51.00,22.10|270.67|9134b008	93.00,275.79,204.00,22.79|294.20|59a9e492	ad7087f348159ebf	1	3	169.50,253.69,51.00,22.10|270.67|9134b008	93.00,275.79,204.00,22.79|294.20|59a9e492	ad7087f348159ebf
258	CURRENT_SOURCE_ONLY	5	276	15.66,232.90,357.00,22.10|249.33|d91f666b	34.00,452.85,225.94,17.68|467.14|5f573b2c	93151c85bd2d78f5	5	276	15.66,232.90,357.00,22.10|249.33|d91f666b	34.00,452.85,225.94,17.68|467.14|5f573b2c	93151c85bd2d78f5	6	277	15.66,232.90,357.00,22.10|249.33|d91f666b	34.00,464.20,225.94,23.80|481.55|5f573b2c	39e900a0213ab77e
259	HISTORICAL_AND_CURRENT_SOURCE	10	485	16.00,249.28,153.00,30.60|272.27|cd25b767	34.00,665.06,225.94,17.68|679.35|5f573b2c	adc570f94c87d592	10	485	16.00,249.28,153.00,30.60|272.27|cd25b767	34.00,665.06,225.94,17.68|679.35|5f573b2c	60e536a7409dfab5	12	491	16.00,249.28,153.00,30.60|272.27|cd25b767	34.00,392.80,225.94,23.80|410.15|5f573b2c	d285d6d4929b8a98
260	HISTORICAL_AND_CURRENT_SOURCE	10	461	16.00,249.28,198.90,30.60|272.27|c0515732	34.00,65.05,225.94,17.68|79.35|5f573b2c	721a22c82cc6ce96	10	461	16.00,249.28,198.90,30.60|272.27|c0515732	34.00,65.05,225.94,17.68|79.35|5f573b2c	dba28cef0cd9a9e3	11	471	16.00,249.28,198.90,30.60|272.27|c0515732	34.00,630.80,225.94,23.80|648.15|5f573b2c	122ed57871b639a3
261	HISTORICAL_AND_CURRENT_SOURCE	9	427	16.00,249.28,183.60,30.60|272.27|09171075	34.00,594.32,225.94,17.68|608.61|5f573b2c	3c375cb832ca134a	9	426	16.00,249.28,183.60,30.60|272.27|09171075	34.00,594.32,225.94,17.68|608.61|5f573b2c	b18ef17cb9110470	11	431	16.00,249.28,183.60,30.60|272.27|09171075	34.00,273.80,225.94,23.80|291.15|5f573b2c	0de20f5df44bdaf7
262	UNCHANGED	1	3	169.50,253.69,51.00,22.10|270.67|50b57dc0	93.00,275.79,204.00,22.79|294.20|756b7aec	d5b35e18f5174b0d	1	3	169.50,253.69,51.00,22.10|270.67|50b57dc0	93.00,275.79,204.00,22.79|294.20|756b7aec	d5b35e18f5174b0d	1	3	169.50,253.69,51.00,22.10|270.67|50b57dc0	93.00,275.79,204.00,22.79|294.20|756b7aec	d5b35e18f5174b0d
263	CURRENT_SOURCE_ONLY	3	189	15.66,232.90,204.00,22.10|249.99|82cc4856	34.00,719.37,32.30,17.68|733.66|fa6e2616	183458efff976d5e	3	189	15.66,232.90,204.00,22.10|249.99|82cc4856	34.00,719.37,32.30,17.68|733.66|fa6e2616	183458efff976d5e	4	188	15.66,232.90,204.00,23.80|250.92|82cc4856	34.00,511.80,32.30,23.80|529.15|fa6e2616	621d38c77174a2c6
264	HISTORICAL_AND_CURRENT_SOURCE	22	881	16.00,249.28,143.84,30.60|272.27|5c6a24c0	34.00,684.00,32.30,17.68|698.29|fa6e2616	7177d33e9d08432a	22	884	16.00,249.28,143.84,30.60|272.27|5c6a24c0	34.00,719.37,32.30,17.68|733.66|fa6e2616	e26b3dc79aeeb273	25	904	16.00,249.28,143.84,30.60|272.27|5c6a24c0	34.00,178.60,32.30,23.80|195.95|fa6e2616	05286a4e1f431a70
265	HISTORICAL_AND_CURRENT_SOURCE	9	447	16.00,249.28,61.20,30.60|272.27|b8258093	34.00,701.69,32.30,17.68|715.98|fa6e2616	98d046dd0def4c45	9	447	16.00,249.28,61.20,30.60|272.27|b8258093	34.00,701.69,32.30,17.68|715.98|fa6e2616	a43db59a54ef8cfd	11	451	16.00,249.28,61.20,30.60|272.27|b8258093	34.00,83.40,32.30,23.80|100.75|fa6e2616	398002e341cd1f22
266	UNCHANGED	1	3	169.50,253.69,51.00,22.10|270.67|c59b4c14	82.80,275.79,224.40,22.79|294.20|85ab897e	790ea23e4cf9c6d9	1	3	169.50,253.69,51.00,22.10|270.67|c59b4c14	82.80,275.79,224.40,22.79|294.20|85ab897e	790ea23e4cf9c6d9	1	3	169.50,253.69,51.00,22.10|270.67|c59b4c14	82.80,275.79,224.40,22.79|294.20|85ab897e	790ea23e4cf9c6d9
267	UNCHANGED	1	11	15.66,232.90,357.00,22.10|249.33|c91704a3	15.66,409.70,68.00,22.10|426.13|282c103a	c541b40c0dd52454	1	11	15.66,232.90,357.00,22.10|249.33|c91704a3	15.66,409.70,68.00,22.10|426.13|282c103a	c541b40c0dd52454	1	11	15.66,232.90,357.00,22.10|249.33|c91704a3	15.66,409.70,68.00,22.10|426.13|282c103a	c541b40c0dd52454
268	HISTORICAL_AND_CURRENT_SOURCE	6	230	16.00,249.28,168.30,30.60|272.27|0bcc3850	34.00,12.00,153.18,17.68|26.29|72222e51	6fb673fe15aef88a	6	230	16.00,249.28,168.30,30.60|272.27|0bcc3850	34.00,12.00,153.18,17.68|26.29|72222e51	38112f2b5b9b068a	6	233	16.00,249.28,168.30,30.60|272.27|0bcc3850	34.00,559.40,153.18,23.80|576.75|72222e51	c068b1d059a67f4b
269	HISTORICAL_AND_CURRENT_SOURCE	8	309	16.00,249.28,122.40,30.60|272.27|e9aebbdf	34.00,418.74,153.18,17.68|433.03|72222e51	0bd2887f58fdbee7	8	309	16.00,249.28,122.40,30.60|272.27|e9aebbdf	34.00,418.74,153.18,17.68|433.03|72222e51	169f1274a5f0c68d	9	316	16.00,249.28,122.40,30.60|272.27|e9aebbdf	34.00,416.60,153.18,23.80|433.95|72222e51	9481e7c0b75ec0cb
270	HISTORICAL_AND_CURRENT_SOURCE	12	517	16.00,249.28,122.40,30.60|272.27|ff8c6ec0	34.00,171.16,153.18,17.68|185.45|72222e51	b7bfbdb0c6d1f93b	12	514	16.00,249.28,122.40,30.60|272.27|ff8c6ec0	34.00,171.16,153.18,17.68|185.45|72222e51	c07b1c83b695d917	13	522	16.00,249.28,122.40,30.60|272.27|ff8c6ec0	34.00,416.60,153.18,23.80|433.95|72222e51	ab039b431787e335
271	HISTORICAL_AND_CURRENT_SOURCE	22	983	16.00,249.28,122.40,30.60|272.27|9d6ba82a	34.00,383.37,153.18,17.68|397.66|72222e51	cc5dc5959e3f6b7f	22	983	16.00,249.28,122.40,30.60|272.27|9d6ba82a	34.00,383.37,153.18,17.68|397.66|72222e51	0024b6f7e1e622ac	24	999	16.00,249.28,122.40,30.60|272.27|9d6ba82a	34.00,630.80,153.18,23.80|648.15|72222e51	76fd1d51f0f4d32c
272	UNCHANGED	1	9	99.84,158.40,17.00,20.40|174.53|af50a0fe	32.30,293.61,25.50,28.49|316.62|c7cce240	076dc7087e165c2e	1	9	99.84,158.40,17.00,20.40|174.53|af50a0fe	32.30,293.61,25.50,28.49|316.62|c7cce240	076dc7087e165c2e	1	9	99.84,158.40,17.00,20.40|174.53|af50a0fe	32.30,293.61,25.50,28.49|316.62|c7cce240	076dc7087e165c2e
273	UNCHANGED	1	1	19.25,29.00,4.35,22.10|46.09|abfbd10d	19.25,29.00,4.35,22.10|46.09|abfbd10d	cab0f027f7f89a6f	1	1	19.25,29.00,4.35,22.10|46.09|abfbd10d	19.25,29.00,4.35,22.10|46.09|abfbd10d	cab0f027f7f89a6f	1	1	19.25,29.00,4.35,22.10|46.09|abfbd10d	19.25,29.00,4.35,22.10|46.09|abfbd10d	cab0f027f7f89a6f
274	UNCHANGED	1	1	19.25,29.00,4.35,22.10|46.09|abfbd10d	19.25,29.00,4.35,22.10|46.09|abfbd10d	cab0f027f7f89a6f	1	1	19.25,29.00,4.35,22.10|46.09|abfbd10d	19.25,29.00,4.35,22.10|46.09|abfbd10d	cab0f027f7f89a6f	1	1	19.25,29.00,4.35,22.10|46.09|abfbd10d	19.25,29.00,4.35,22.10|46.09|abfbd10d	cab0f027f7f89a6f
275	UNCHANGED	1	1	19.25,29.00,4.35,22.10|46.09|abfbd10d	19.25,29.00,4.35,22.10|46.09|abfbd10d	cab0f027f7f89a6f	1	1	19.25,29.00,4.35,22.10|46.09|abfbd10d	19.25,29.00,4.35,22.10|46.09|abfbd10d	cab0f027f7f89a6f	1	1	19.25,29.00,4.35,22.10|46.09|abfbd10d	19.25,29.00,4.35,22.10|46.09|abfbd10d	cab0f027f7f89a6f
276	UNCHANGED	1	1	19.25,29.00,4.35,22.10|46.09|abfbd10d	19.25,29.00,4.35,22.10|46.09|abfbd10d	cab0f027f7f89a6f	1	1	19.25,29.00,4.35,22.10|46.09|abfbd10d	19.25,29.00,4.35,22.10|46.09|abfbd10d	cab0f027f7f89a6f	1	1	19.25,29.00,4.35,22.10|46.09|abfbd10d	19.25,29.00,4.35,22.10|46.09|abfbd10d	cab0f027f7f89a6f
277	UNCHANGED	1	1	19.25,29.00,4.35,22.10|46.09|abfbd10d	19.25,29.00,4.35,22.10|46.09|abfbd10d	cab0f027f7f89a6f	1	1	19.25,29.00,4.35,22.10|46.09|abfbd10d	19.25,29.00,4.35,22.10|46.09|abfbd10d	cab0f027f7f89a6f	1	1	19.25,29.00,4.35,22.10|46.09|abfbd10d	19.25,29.00,4.35,22.10|46.09|abfbd10d	cab0f027f7f89a6f
278	CURRENT_SOURCE_ONLY	16	27	141.70,29.85,17.69,23.21|47.80|0cff3c9b	170.70,543.80,48.61,19.12|558.80|f379108b	9abf0b479015da68	16	27	141.70,29.85,17.69,23.21|47.80|0cff3c9b	170.70,543.80,48.61,19.12|558.80|f379108b	9abf0b479015da68	16	27	140.46,29.85,18.19,24.99|48.77|0cff3c9b	172.10,543.80,45.81,21.42|560.02|f379108b	35f58e77e2a2fcc4
279	CURRENT_SOURCE_ONLY	5	18	130.59,29.85,17.69,23.21|47.80|e0d5a9cb	174.12,543.80,41.76,19.12|558.80|61022c23	23811d4555c21942	5	18	130.59,29.85,17.69,23.21|47.80|e0d5a9cb	174.12,543.80,41.76,19.12|558.80|61022c23	23811d4555c21942	5	18	129.10,29.85,18.19,24.99|48.77|e0d5a9cb	175.12,543.80,39.76,21.42|560.02|61022c23	2e03afb78c10dc98
280	CURRENT_SOURCE_ONLY	12	748	15.66,232.90,187.00,22.10|249.33|eba3658d	34.00,241.90,96.42,17.68|256.19|31f6ceea	e1a1155dad9908b6	12	748	15.66,232.90,187.00,22.10|249.33|eba3658d	34.00,241.90,96.42,17.68|256.19|31f6ceea	e1a1155dad9908b6	15	749	15.66,232.90,187.00,22.10|249.33|eba3658d	34.00,583.20,96.42,23.80|600.55|31f6ceea	acac8e0534cc2ae2
281	HISTORICAL_AND_CURRENT_SOURCE	25	1230	16.00,247.92,183.60,30.60|270.91|690b9344	34.00,47.37,96.42,17.68|61.66|31f6ceea	330d45a823dd26c0	25	1232	16.00,247.92,183.60,30.60|270.91|690b9344	34.00,47.37,96.42,17.68|61.66|31f6ceea	c33725aed45f8a3c	29	1244	16.00,247.92,183.60,30.60|270.91|690b9344	34.00,678.40,96.42,23.80|695.75|31f6ceea	f3854aead4cf8573
282	HISTORICAL_AND_CURRENT_SOURCE	26	1257	16.00,247.92,229.50,30.60|270.91|96b5f4a7	34.00,153.47,96.42,17.68|167.77|31f6ceea	90b683ff7aec52be	26	1257	16.00,247.92,229.50,30.60|270.91|96b5f4a7	34.00,153.47,96.42,17.68|167.77|31f6ceea	6ca6df1238659eb9	31	1272	16.00,247.92,229.50,30.60|270.91|96b5f4a7	34.00,154.80,96.42,23.80|172.15|31f6ceea	128b7f7fbd6dc447
283	HISTORICAL_AND_CURRENT_SOURCE	21	1104	16.00,247.92,220.34,30.60|270.91|4c234be1	34.00,471.79,96.42,17.68|486.08|31f6ceea	1374af143d08b722	21	1104	16.00,247.92,220.34,30.60|270.91|4c234be1	34.00,471.79,96.42,17.68|486.08|31f6ceea	f671d2d7e1bc46c3	25	1113	16.00,247.92,220.34,30.60|270.91|4c234be1	34.00,678.40,96.42,23.80|695.75|31f6ceea	4f4a08ed3f9015b3
284	HISTORICAL_AND_CURRENT_SOURCE	21	1155	16.00,247.92,137.70,30.60|270.91|a4e2d4ec	34.00,772.42,96.42,17.68|786.72|31f6ceea	6a07a248d36da8b2	21	1155	16.00,247.92,137.70,30.60|270.91|a4e2d4ec	34.00,754.74,96.42,17.68|769.03|31f6ceea	b0dd6be8e40279aa	26	1158	16.00,247.92,137.70,30.60|270.91|a4e2d4ec	34.00,250.00,96.42,23.80|267.35|31f6ceea	9baad135fa03283b
285	HISTORICAL_AND_CURRENT_SOURCE	38	1805	16.00,247.92,198.90,30.60|270.91|4479ed23	34.00,312.63,96.42,17.68|326.92|31f6ceea	1263aba16b3da30d	38	1804	16.00,247.92,198.90,30.60|270.91|4479ed23	34.00,312.63,96.42,17.68|326.92|31f6ceea	2df6f37e0a177252	44	1838	16.00,247.92,198.90,30.60|270.91|4479ed23	34.00,583.20,96.42,23.80|600.55|31f6ceea	2fd5b4ab575441a9
286	HISTORICAL_AND_CURRENT_SOURCE	28	1254	16.00,247.92,122.40,30.60|270.91|db7a5ca3	34.00,12.00,96.42,17.68|26.29|31f6ceea	bead2d73093e8865	28	1254	16.00,247.92,122.40,30.60|270.91|db7a5ca3	34.00,12.00,96.42,17.68|26.29|31f6ceea	521ac864c4912849	33	1271	16.00,247.92,122.40,30.60|270.91|db7a5ca3	34.00,321.40,96.42,23.80|338.75|31f6ceea	a7c8a550ae273374
287	HISTORICAL_AND_CURRENT_SOURCE	14	811	16.00,247.92,61.20,30.60|270.91|9b2b64f5	34.00,153.47,96.42,17.68|167.77|31f6ceea	e13935524f5ab387	14	811	16.00,247.92,61.20,30.60|270.91|9b2b64f5	34.00,153.47,96.42,17.68|167.77|31f6ceea	0ae06852f78d21d3	18	816	16.00,247.92,61.20,30.60|270.91|9b2b64f5	34.00,12.00,96.42,23.80|29.35|31f6ceea	ad74a0821f95858a
288	UNCHANGED	1	9	99.84,158.40,17.00,20.40|174.53|af50a0fe	32.30,293.61,25.50,28.49|316.62|c7cce240	9d04e09328263b8b	1	9	99.84,158.40,17.00,20.40|174.53|af50a0fe	32.30,293.61,25.50,28.49|316.62|c7cce240	9d04e09328263b8b	1	9	99.84,158.40,17.00,20.40|174.53|af50a0fe	32.30,293.61,25.50,28.49|316.62|c7cce240	9d04e09328263b8b
289	UNCHANGED	1	1	19.25,29.00,4.35,22.10|46.09|abfbd10d	19.25,29.00,4.35,22.10|46.09|abfbd10d	cab0f027f7f89a6f	1	1	19.25,29.00,4.35,22.10|46.09|abfbd10d	19.25,29.00,4.35,22.10|46.09|abfbd10d	cab0f027f7f89a6f	1	1	19.25,29.00,4.35,22.10|46.09|abfbd10d	19.25,29.00,4.35,22.10|46.09|abfbd10d	cab0f027f7f89a6f
290	UNCHANGED	1	1	19.25,29.00,4.35,22.10|46.09|abfbd10d	19.25,29.00,4.35,22.10|46.09|abfbd10d	cab0f027f7f89a6f	1	1	19.25,29.00,4.35,22.10|46.09|abfbd10d	19.25,29.00,4.35,22.10|46.09|abfbd10d	cab0f027f7f89a6f	1	1	19.25,29.00,4.35,22.10|46.09|abfbd10d	19.25,29.00,4.35,22.10|46.09|abfbd10d	cab0f027f7f89a6f
291	CURRENT_SOURCE_ONLY	11	22	141.70,29.85,17.69,23.21|47.80|7f327f7e	174.12,543.80,41.76,19.12|558.80|720f3fd0	cbf7573fc3401d13	11	22	141.70,29.85,17.69,23.21|47.80|7f327f7e	174.12,543.80,41.76,19.12|558.80|720f3fd0	cbf7573fc3401d13	11	22	140.46,29.85,18.19,24.99|48.77|7f327f7e	175.11,543.80,39.78,21.42|560.02|720f3fd0	b180ee7812f2f81a
292	CURRENT_SOURCE_ONLY	12	697	15.66,232.90,357.00,22.10|249.33|e2b41d43	228.70,118.11,112.89,17.68|132.40|7aebad3a	4c92a398fe196a3f	12	697	15.66,232.90,357.00,22.10|249.33|e2b41d43	228.70,118.11,112.89,17.68|132.40|7aebad3a	4c92a398fe196a3f	15	697	15.66,232.90,357.00,22.10|249.33|e2b41d43	228.70,369.00,112.89,23.80|386.35|7aebad3a	b2ffe611e39f50fd
293	HISTORICAL_AND_CURRENT_SOURCE	16	896	16.00,247.92,153.00,30.60|270.91|a433bd70	228.70,595.58,112.89,17.68|609.87|7aebad3a	f6da04b8c89103c8	16	896	16.00,247.92,153.00,30.60|270.91|a433bd70	228.70,595.58,112.89,17.68|609.87|7aebad3a	09f11334755c8802	20	906	16.00,247.92,153.00,30.60|270.91|a433bd70	228.70,607.00,112.89,23.80|624.35|7aebad3a	1d09507d975a0018
294	HISTORICAL_AND_CURRENT_SOURCE	29	1497	16.00,247.92,137.70,30.60|270.91|b8643c07	228.70,595.58,112.89,17.68|609.87|7aebad3a	f40df0f64af891fb	29	1496	16.00,247.92,137.70,30.60|270.91|b8643c07	228.70,595.58,112.89,17.68|609.87|7aebad3a	86e9fcd874208bc3	34	1519	16.00,247.92,137.70,30.60|270.91|b8643c07	228.70,749.80,112.89,23.80|767.15|7aebad3a	e7bdda38d43eebd8
295	HISTORICAL_AND_CURRENT_SOURCE	42	1896	16.00,247.92,137.70,30.60|270.91|6d1ae74a	228.70,100.42,112.89,17.68|114.71|7aebad3a	85d686cf2280b13c	42	1895	16.00,247.92,137.70,30.60|270.91|6d1ae74a	228.70,82.74,112.89,17.68|97.03|7aebad3a	5eefaee4530aec10	48	1918	16.00,247.92,137.70,30.60|270.91|6d1ae74a	228.70,464.20,112.89,23.80|481.55|7aebad3a	5307b777882eb4e1
296	HISTORICAL_AND_CURRENT_SOURCE	24	1140	16.00,247.92,107.10,30.60|270.91|0d0b4b92	228.70,294.95,112.89,17.68|309.24|7aebad3a	6e4ff37285a16805	24	1139	16.00,247.92,107.10,30.60|270.91|0d0b4b92	228.70,294.95,112.89,17.68|309.24|7aebad3a	05eb6a7cbe26d4fb	28	1158	16.00,247.92,107.10,30.60|270.91|0d0b4b92	228.70,773.60,112.89,23.80|790.95|7aebad3a	2e204ea27f675f37
297	HISTORICAL_AND_CURRENT_SOURCE	25	1157	16.00,247.92,137.70,30.60|270.91|c0579e8a	228.70,12.00,112.89,17.68|26.29|7aebad3a	59f491fc4a119b00	25	1156	16.00,247.92,137.70,30.60|270.91|c0579e8a	228.70,12.00,112.89,17.68|26.29|7aebad3a	badef66419d2c9f1	29	1169	16.00,247.92,137.70,30.60|270.91|c0579e8a	228.70,630.80,112.89,23.80|648.15|7aebad3a	de12ed874cb21c95
298	HISTORICAL_AND_CURRENT_SOURCE	45	2016	16.00,247.92,107.10,30.60|270.91|1b2f2067	228.70,719.37,112.89,17.68|733.66|7aebad3a	b3f24f5fcf6816b1	45	2016	16.00,247.92,107.10,30.60|270.91|1b2f2067	228.70,719.37,112.89,17.68|733.66|7aebad3a	c620d2532cd8935b	53	2069	16.00,247.92,107.10,30.60|270.91|1b2f2067	228.70,178.60,112.89,23.80|195.95|7aebad3a	1330089a9ae0d8a5
299	HISTORICAL_AND_CURRENT_SOURCE	27	1220	16.00,247.92,137.70,30.60|270.91|90f96215	228.70,135.79,112.89,17.68|150.08|7aebad3a	40542f1d3d721387	27	1218	16.00,247.92,137.70,30.60|270.91|90f96215	228.70,100.42,112.89,17.68|114.71|7aebad3a	0e794bd4d27a5f3a	31	1238	16.00,247.92,137.70,30.60|270.91|90f96215	228.70,797.40,112.89,23.80|814.75|7aebad3a	f057f91aa8eb6cd3
300	HISTORICAL_AND_CURRENT_SOURCE	13	750	16.00,247.92,76.50,30.60|270.91|907dfa50	228.70,401.05,112.89,17.68|415.35|7aebad3a	31f78712e47724fc	13	751	16.00,247.92,76.50,30.60|270.91|907dfa50	228.70,418.74,112.89,17.68|433.03|7aebad3a	e7af350e2745dd12	17	755	16.00,247.92,76.50,30.60|270.91|907dfa50	228.70,131.00,112.89,23.80|148.35|7aebad3a	26fbd8af654aa3dd
301	UNCHANGED	1	9	99.84,158.40,17.00,20.40|174.53|af50a0fe	32.30,293.61,25.50,28.49|316.62|c7cce240	4b2f9ddeb215aa09	1	9	99.84,158.40,17.00,20.40|174.53|af50a0fe	32.30,293.61,25.50,28.49|316.62|c7cce240	4b2f9ddeb215aa09	1	9	99.84,158.40,17.00,20.40|174.53|af50a0fe	32.30,293.61,25.50,28.49|316.62|c7cce240	4b2f9ddeb215aa09
302	UNCHANGED	1	1	19.25,29.00,4.35,22.10|46.09|abfbd10d	19.25,29.00,4.35,22.10|46.09|abfbd10d	cab0f027f7f89a6f	1	1	19.25,29.00,4.35,22.10|46.09|abfbd10d	19.25,29.00,4.35,22.10|46.09|abfbd10d	cab0f027f7f89a6f	1	1	19.25,29.00,4.35,22.10|46.09|abfbd10d	19.25,29.00,4.35,22.10|46.09|abfbd10d	cab0f027f7f89a6f
303	UNCHANGED	1	1	19.25,29.00,4.35,22.10|46.09|abfbd10d	19.25,29.00,4.35,22.10|46.09|abfbd10d	cab0f027f7f89a6f	1	1	19.25,29.00,4.35,22.10|46.09|abfbd10d	19.25,29.00,4.35,22.10|46.09|abfbd10d	cab0f027f7f89a6f	1	1	19.25,29.00,4.35,22.10|46.09|abfbd10d	19.25,29.00,4.35,22.10|46.09|abfbd10d	cab0f027f7f89a6f
304	CURRENT_SOURCE_ONLY	1	12	141.70,29.85,17.69,23.21|47.80|6bc42385	175.44,639.13,39.12,19.12|654.14|260fbd8e	f3ecaae099e4a47e	1	12	141.70,29.85,17.69,23.21|47.80|6bc42385	175.44,639.13,39.12,19.12|654.14|260fbd8e	f3ecaae099e4a47e	1	12	140.46,29.85,18.19,24.99|48.77|6bc42385	176.68,640.92,36.65,21.42|657.14|260fbd8e	ad89f1d131ee692b
305	UNCHANGED	1	1	15.66,29.00,4.35,22.10|46.09|abfbd10d	15.66,29.00,4.35,22.10|46.09|abfbd10d	6422bd6e577db1df	1	1	15.66,29.00,4.35,22.10|46.09|abfbd10d	15.66,29.00,4.35,22.10|46.09|abfbd10d	6422bd6e577db1df	1	1	15.66,29.00,4.35,22.10|46.09|abfbd10d	15.66,29.00,4.35,22.10|46.09|abfbd10d	6422bd6e577db1df
306	HISTORICAL_AND_CURRENT_SOURCE	1	21	16.00,247.92,198.90,30.60|270.91|1ae9b123	15.66,778.32,46.54,22.10|795.42|edd8434f	0d72e45ef14abf81	1	21	16.00,247.92,198.90,30.60|270.91|1ae9b123	15.66,778.32,46.54,22.10|795.42|edd8434f	7bf7a9631171fd90	2	22	16.00,247.92,198.90,30.60|270.91|1ae9b123	15.66,35.80,168.98,23.80|53.82|32c8c905	0ad18af736ba5328
307	HISTORICAL_AND_CURRENT_SOURCE	29	939	16.00,247.92,198.90,30.60|270.91|15d98f20	34.00,241.90,225.78,17.68|256.19|754db52b	52eeb54e9b06044f	29	939	16.00,247.92,198.90,30.60|270.91|15d98f20	34.00,241.90,225.78,17.68|256.19|754db52b	bec357988f1790fc	32	971	16.00,247.92,198.90,30.60|270.91|15d98f20	34.00,464.20,225.78,23.80|481.55|754db52b	5eaed4c8f058d7b9
308	HISTORICAL_AND_CURRENT_SOURCE	5	164	16.00,247.92,168.30,30.60|270.91|d04aa3e6	34.00,798.07,258.08,17.68|812.36|139bf9c5	d7b8db9d2a0fe4db	5	164	16.00,247.92,168.30,30.60|270.91|d04aa3e6	34.00,798.07,258.08,17.68|812.36|139bf9c5	ccc377623e14b233	6	167	16.00,247.92,168.30,30.60|270.91|d04aa3e6	34.00,488.00,258.08,23.80|505.35|139bf9c5	6e239eaad4d8e95e
309	HISTORICAL_AND_CURRENT_SOURCE	13	388	16.00,247.92,168.30,30.60|270.91|fcb20a2c	34.00,554.97,290.70,17.68|569.26|2d9e60d3	bdad7912ee342293	13	389	16.00,247.92,168.30,30.60|270.91|fcb20a2c	34.00,554.97,290.70,17.68|569.26|2d9e60d3	63bb10d4c7349bbf	15	400	16.00,247.92,168.30,30.60|270.91|fcb20a2c	34.00,59.60,290.70,23.80|76.95|2d9e60d3	f7bffa536073fd14
310	HISTORICAL_AND_CURRENT_SOURCE	24	882	16.00,247.92,137.70,30.60|270.91|94027df8	34.00,773.75,177.17,17.68|788.05|1d529b53	5fc70c7325834ddc	24	882	16.00,247.92,137.70,30.60|270.91|94027df8	34.00,773.75,177.17,17.68|788.05|1d529b53	f5678d9c27c3e7e2	27	898	16.00,247.92,137.70,30.60|270.91|94027df8	34.00,464.20,177.17,23.80|481.55|1d529b53	4a669279b443b99a
311	HISTORICAL_AND_CURRENT_SOURCE	18	588	16.00,247.92,214.20,30.60|270.91|d3ecbec5	34.00,65.05,274.07,17.68|79.35|9df62b42	c9df09b197f1b674	18	588	16.00,247.92,214.20,30.60|270.91|d3ecbec5	34.00,65.05,274.07,17.68|79.35|9df62b42	2ad5ec304dbec5f4	20	602	16.00,247.92,214.20,30.60|270.91|d3ecbec5	34.00,131.00,274.07,23.80|148.35|9df62b42	3fac569d5cf05bd7
312	UNCHANGED	1	9	99.84,158.40,17.00,20.40|174.53|af50a0fe	32.30,293.61,25.50,28.49|316.62|c7cce240	a44984adceacc8de	1	9	99.84,158.40,17.00,20.40|174.53|af50a0fe	32.30,293.61,25.50,28.49|316.62|c7cce240	a44984adceacc8de	1	9	99.84,158.40,17.00,20.40|174.53|af50a0fe	32.30,293.61,25.50,28.49|316.62|c7cce240	a44984adceacc8de
313	UNCHANGED	1	1	19.25,29.00,4.35,22.10|46.09|abfbd10d	19.25,29.00,4.35,22.10|46.09|abfbd10d	cab0f027f7f89a6f	1	1	19.25,29.00,4.35,22.10|46.09|abfbd10d	19.25,29.00,4.35,22.10|46.09|abfbd10d	cab0f027f7f89a6f	1	1	19.25,29.00,4.35,22.10|46.09|abfbd10d	19.25,29.00,4.35,22.10|46.09|abfbd10d	cab0f027f7f89a6f
314	UNCHANGED	1	1	19.25,29.00,4.35,22.10|46.09|abfbd10d	19.25,29.00,4.35,22.10|46.09|abfbd10d	cab0f027f7f89a6f	1	1	19.25,29.00,4.35,22.10|46.09|abfbd10d	19.25,29.00,4.35,22.10|46.09|abfbd10d	cab0f027f7f89a6f	1	1	19.25,29.00,4.35,22.10|46.09|abfbd10d	19.25,29.00,4.35,22.10|46.09|abfbd10d	cab0f027f7f89a6f
315	UNCHANGED	1	1	19.25,29.00,4.35,22.10|46.09|abfbd10d	19.25,29.00,4.35,22.10|46.09|abfbd10d	cab0f027f7f89a6f	1	1	19.25,29.00,4.35,22.10|46.09|abfbd10d	19.25,29.00,4.35,22.10|46.09|abfbd10d	cab0f027f7f89a6f	1	1	19.25,29.00,4.35,22.10|46.09|abfbd10d	19.25,29.00,4.35,22.10|46.09|abfbd10d	cab0f027f7f89a6f
316	CURRENT_SOURCE_ONLY	7	18	141.70,29.85,17.69,23.21|47.80|6bc42385	174.19,543.80,41.61,19.12|558.80|8c78052a	907f2964d0963293	7	18	141.70,29.85,17.69,23.21|47.80|6bc42385	174.19,543.80,41.61,19.12|558.80|8c78052a	907f2964d0963293	7	18	140.46,29.85,18.19,24.99|48.77|6bc42385	175.19,543.80,39.62,21.42|560.02|8c78052a	ddb0908a9a106c6e
317	HISTORICAL_AND_CURRENT_SOURCE	9	589	15.66,232.90,340.00,22.10|249.33|db3f08ba	147.28,577.90,64.44,17.68|592.19|b4260572	4e323de7a10bc8dc	9	589	15.66,232.90,340.00,22.10|249.33|db3f08ba	147.28,577.90,64.44,17.68|592.19|b4260572	5291e58a559d5372	12	589	15.66,232.90,340.00,22.10|249.33|db3f08ba	147.28,392.80,64.44,23.80|410.15|b4260572	d3c719e7eb599c54
318	HISTORICAL_AND_CURRENT_SOURCE	16	885	16.00,247.92,76.50,30.60|270.91|b145448b	147.28,719.37,64.44,17.68|733.66|b4260572	7c14cea7c488cd8b	16	885	16.00,247.92,76.50,30.60|270.91|b145448b	147.28,719.37,64.44,17.68|733.66|b4260572	b130d5dd5aaf09a3	20	892	16.00,247.92,76.50,30.60|270.91|b145448b	147.28,273.80,64.44,23.80|291.15|b4260572	65d7b3f5e0866ade
319	HISTORICAL_AND_CURRENT_SOURCE	19	965	16.00,247.92,137.70,30.60|270.91|e18735ab	147.28,701.69,64.44,17.68|715.98|b4260572	1db4d873a302c443	19	965	16.00,247.92,137.70,30.60|270.91|e18735ab	147.28,701.69,64.44,17.68|715.98|b4260572	c84dc4bc223d500c	23	978	16.00,247.92,137.70,30.60|270.91|e18735ab	147.28,583.20,64.44,23.80|600.55|b4260572	96b0bcd230de3dbf
320	HISTORICAL_AND_CURRENT_SOURCE	20	1068	16.00,247.92,137.70,30.60|270.91|0f2a0745	147.28,259.58,64.44,17.68|273.87|b4260572	5819728f32445efc	20	1067	16.00,247.92,137.70,30.60|270.91|0f2a0745	147.28,259.58,64.44,17.68|273.87|b4260572	f6afbce4c19e6430	24	1078	16.00,247.92,137.70,30.60|270.91|0f2a0745	147.28,107.20,64.44,23.80|124.55|b4260572	f592542c2cbc5f42
321	HISTORICAL_AND_CURRENT_SOURCE	36	1733	16.00,247.92,137.70,30.60|270.91|b79d50b5	147.28,330.32,64.44,17.68|344.61|b4260572	29d56350f23f5617	36	1729	16.00,247.92,137.70,30.60|270.91|b79d50b5	147.28,330.32,64.44,17.68|344.61|b4260572	f3003deeac784b40	42	1759	16.00,247.92,137.70,30.60|270.91|b79d50b5	147.28,83.40,64.44,23.80|100.75|b4260572	7fdc2318545fef20
322	HISTORICAL_AND_CURRENT_SOURCE	17	911	16.00,247.92,198.90,30.60|270.91|46158a17	147.28,684.00,64.44,17.68|698.29|b4260572	448a7f08802d826d	17	911	16.00,247.92,198.90,30.60|270.91|46158a17	147.28,613.26,64.44,17.68|627.56|b4260572	b3d931d0373fb186	21	922	16.00,247.92,198.90,30.60|270.91|46158a17	147.28,250.00,64.44,23.80|267.35|b4260572	b2d609b5a4e3b8e9
323	HISTORICAL_AND_CURRENT_SOURCE	14	767	16.00,247.92,107.10,30.60|270.91|b49131a1	147.28,259.58,64.44,17.68|273.87|b4260572	03c591493b125437	14	767	16.00,247.92,107.10,30.60|270.91|b49131a1	147.28,259.58,64.44,17.68|273.87|b4260572	4120e354b9333861	17	773	16.00,247.92,107.10,30.60|270.91|b49131a1	147.28,464.20,64.44,23.80|481.55|b4260572	24a007a9c18355b3
324	HISTORICAL_AND_CURRENT_SOURCE	12	682	16.00,247.92,76.50,30.60|270.91|9a3dd8a4	147.28,312.63,64.44,17.68|326.92|b4260572	9fd0fc62b584580e	12	682	16.00,247.92,76.50,30.60|270.91|9a3dd8a4	147.28,312.63,64.44,17.68|326.92|b4260572	51b187945ad88792	15	686	16.00,247.92,76.50,30.60|270.91|9a3dd8a4	147.28,369.00,64.44,23.80|386.35|b4260572	b3d1047e0fa743ea
325	UNCHANGED	1	9	99.84,158.40,17.00,20.40|174.53|af50a0fe	32.30,293.61,25.50,28.49|316.62|c7cce240	b12b1f0c72722933	1	9	99.84,158.40,17.00,20.40|174.53|af50a0fe	32.30,293.61,25.50,28.49|316.62|c7cce240	b12b1f0c72722933	1	9	99.84,158.40,17.00,20.40|174.53|af50a0fe	32.30,293.61,25.50,28.49|316.62|c7cce240	b12b1f0c72722933
326	UNCHANGED	1	1	19.25,29.00,4.35,22.10|46.09|abfbd10d	19.25,29.00,4.35,22.10|46.09|abfbd10d	cab0f027f7f89a6f	1	1	19.25,29.00,4.35,22.10|46.09|abfbd10d	19.25,29.00,4.35,22.10|46.09|abfbd10d	cab0f027f7f89a6f	1	1	19.25,29.00,4.35,22.10|46.09|abfbd10d	19.25,29.00,4.35,22.10|46.09|abfbd10d	cab0f027f7f89a6f
327	CURRENT_SOURCE_ONLY	3	14	141.70,29.85,17.69,23.21|47.80|6bc42385	174.19,543.80,41.61,19.12|558.80|8c78052a	e689d6dbb94c33c4	3	14	141.70,29.85,17.69,23.21|47.80|6bc42385	174.19,543.80,41.61,19.12|558.80|8c78052a	e689d6dbb94c33c4	3	14	140.46,29.85,18.19,24.99|48.77|6bc42385	175.19,543.80,39.62,21.42|560.02|8c78052a	4ad3f0de868dd2ef
328	CURRENT_SOURCE_ONLY	3	126	15.66,232.90,357.00,22.10|249.33|6800d992	34.00,241.90,80.27,17.68|256.19|4acebea5	418a47ffe76627fa	3	126	15.66,232.90,357.00,22.10|249.33|6800d992	34.00,241.90,80.27,17.68|256.19|4acebea5	418a47ffe76627fa	3	126	15.66,232.90,357.00,22.10|249.33|6800d992	34.00,630.80,80.27,23.80|648.15|4acebea5	1e7839e4f2cd9264
329	HISTORICAL_AND_CURRENT_SOURCE	7	304	16.00,247.92,183.60,30.60|270.91|d621f0d1	34.00,259.58,80.27,17.68|273.87|4acebea5	3846522f4bd93d95	7	304	16.00,247.92,183.60,30.60|270.91|d621f0d1	34.00,259.58,80.27,17.68|273.87|4acebea5	4147272cce3cbd08	8	312	16.00,247.92,183.60,30.60|270.91|d621f0d1	34.00,273.80,80.27,23.80|291.15|4acebea5	d4b4820f4a773aec
330	HISTORICAL_AND_CURRENT_SOURCE	11	440	16.00,247.92,214.20,30.60|270.91|a91f51ef	34.00,613.26,80.27,17.68|627.56|4acebea5	4dcbe1769a8afcc4	11	439	16.00,247.92,214.20,30.60|270.91|a91f51ef	34.00,595.58,80.27,17.68|609.87|4acebea5	6788350ef4b54aa2	13	448	16.00,247.92,214.20,30.60|270.91|a91f51ef	34.00,131.00,80.27,23.80|148.35|4acebea5	d40b18877b7e6a06
331	HISTORICAL_AND_CURRENT_SOURCE	10	373	16.00,247.92,137.70,30.60|270.91|6655cdff	34.00,489.47,80.27,17.68|503.77|4acebea5	29a01095ce48099a	10	373	16.00,247.92,137.70,30.60|270.91|6655cdff	34.00,489.47,80.27,17.68|503.77|4acebea5	0b1b4ccd3d65caa4	11	383	16.00,247.92,137.70,30.60|270.91|6655cdff	34.00,678.40,80.27,23.80|695.75|4acebea5	6971349130511565
332	HISTORICAL_AND_CURRENT_SOURCE	6	244	16.00,247.92,76.50,30.60|270.91|694943ed	34.00,542.53,80.27,17.68|556.82|4acebea5	b6d083095bbf08f5	6	244	16.00,247.92,76.50,30.60|270.91|694943ed	34.00,542.53,80.27,17.68|556.82|4acebea5	02037c3d571d8f70	7	253	16.00,247.92,76.50,30.60|270.91|694943ed	34.00,583.20,80.27,23.80|600.55|4acebea5	2cbd30f5042040ea
333	HISTORICAL_AND_CURRENT_SOURCE	8	301	16.00,247.92,168.30,30.60|270.91|59960cbf	34.00,294.95,80.27,17.68|309.24|4acebea5	c5cc0a66e52503bb	8	301	16.00,247.92,168.30,30.60|270.91|59960cbf	34.00,294.95,80.27,17.68|309.24|4acebea5	f358e9d33b0097b5	9	304	16.00,247.92,168.30,30.60|270.91|59960cbf	34.00,297.60,80.27,23.80|314.95|4acebea5	b948f2fd57a42095
334	HISTORICAL_AND_CURRENT_SOURCE	4	166	16.00,247.92,91.80,30.60|270.91|4762c74f	34.00,507.16,80.27,17.68|521.45|4acebea5	e90d905f7c54a6fb	4	166	16.00,247.92,91.80,30.60|270.91|4762c74f	34.00,507.16,80.27,17.68|521.45|4acebea5	4f7f42883f218ff5	5	168	16.00,247.92,91.80,30.60|270.91|4762c74f	34.00,250.00,80.27,23.80|267.35|4acebea5	acabd8325d79b038
335	UNCHANGED	1	9	99.84,158.40,17.00,20.40|174.53|af50a0fe	32.30,293.61,25.50,28.49|316.62|c7cce240	3943724e82457429	1	9	99.84,158.40,17.00,20.40|174.53|af50a0fe	32.30,293.61,25.50,28.49|316.62|c7cce240	3943724e82457429	1	9	99.84,158.40,17.00,20.40|174.53|af50a0fe	32.30,293.61,25.50,28.49|316.62|c7cce240	3943724e82457429
336	UNCHANGED	1	1	19.25,29.00,4.35,22.10|46.09|abfbd10d	19.25,29.00,4.35,22.10|46.09|abfbd10d	cab0f027f7f89a6f	1	1	19.25,29.00,4.35,22.10|46.09|abfbd10d	19.25,29.00,4.35,22.10|46.09|abfbd10d	cab0f027f7f89a6f	1	1	19.25,29.00,4.35,22.10|46.09|abfbd10d	19.25,29.00,4.35,22.10|46.09|abfbd10d	cab0f027f7f89a6f
337	CURRENT_SOURCE_ONLY	5	16	141.70,29.85,17.69,23.21|47.80|6bc42385	174.26,543.80,41.48,19.12|558.80|85c70b66	4a3a1eb775b8e7f5	5	16	141.70,29.85,17.69,23.21|47.80|6bc42385	174.26,543.80,41.48,19.12|558.80|85c70b66	4a3a1eb775b8e7f5	5	16	140.46,29.85,18.19,24.99|48.77|6bc42385	175.16,543.80,39.68,21.42|560.02|85c70b66	009a987ff6daf9f4
338	CURRENT_SOURCE_ONLY	4	203	15.66,232.90,357.00,22.10|249.33|6996ce55	108.70,348.00,246.84,17.68|362.29|602a363f	4c971085440140b0	4	203	15.66,232.90,357.00,22.10|249.33|6996ce55	108.70,348.00,246.84,17.68|362.29|602a363f	4c971085440140b0	5	203	15.66,232.90,357.00,22.10|249.33|6996ce55	108.70,297.60,246.84,23.80|314.95|602a363f	9145bf74324bbe14
339	HISTORICAL_AND_CURRENT_SOURCE	7	320	16.00,247.92,137.70,30.60|270.91|26cef976	108.70,294.95,246.84,17.68|309.24|602a363f	d9c039a4a9fe4432	7	319	16.00,247.92,137.70,30.60|270.91|26cef976	108.70,294.95,246.84,17.68|309.24|602a363f	a30e32ef54b162af	8	322	16.00,247.92,137.70,30.60|270.91|26cef976	108.70,535.60,246.84,23.80|552.95|602a363f	3dc8b436308d9af1
340	HISTORICAL_AND_CURRENT_SOURCE	15	635	16.00,247.92,214.20,30.60|270.91|615a7a26	108.70,542.53,246.84,17.68|556.82|602a363f	9d691b0f7acd5d8c	15	635	16.00,247.92,214.20,30.60|270.91|615a7a26	108.70,542.53,246.84,17.68|556.82|602a363f	2cf5e8f934d9b16f	17	649	16.00,247.92,214.20,30.60|270.91|615a7a26	108.70,511.80,246.84,23.80|529.15|602a363f	27632085e03adcd1
341	HISTORICAL_AND_CURRENT_SOURCE	13	536	16.00,247.92,137.70,30.60|270.91|752e0ab2	108.70,171.16,246.84,17.68|185.45|602a363f	bad722307e0eb2d2	13	536	16.00,247.92,137.70,30.60|270.91|752e0ab2	108.70,171.16,246.84,17.68|185.45|602a363f	7f59c9f9d56b08df	14	540	16.00,247.92,137.70,30.60|270.91|752e0ab2	108.70,749.80,246.84,23.80|767.15|602a363f	0bfd4350edd3274a
342	HISTORICAL_AND_CURRENT_SOURCE	7	313	16.00,247.92,168.30,30.60|270.91|60cbb2c1	108.70,383.37,246.84,17.68|397.66|602a363f	0e7d3c0f32ebe7e5	7	313	16.00,247.92,168.30,30.60|270.91|60cbb2c1	108.70,383.37,246.84,17.68|397.66|602a363f	e99f32ba46d6ceaa	8	317	16.00,247.92,168.30,30.60|270.91|60cbb2c1	108.70,583.20,246.84,23.80|600.55|602a363f	2b2b12f48c9cd508
343	UNCHANGED	1	9	99.84,158.40,17.00,20.40|174.53|af50a0fe	32.30,293.61,25.50,28.49|316.62|c7cce240	5b1ee5ea15d65d60	1	9	99.84,158.40,17.00,20.40|174.53|af50a0fe	32.30,293.61,25.50,28.49|316.62|c7cce240	5b1ee5ea15d65d60	1	9	99.84,158.40,17.00,20.40|174.53|af50a0fe	32.30,293.61,25.50,28.49|316.62|c7cce240	5b1ee5ea15d65d60
344	UNCHANGED	1	1	19.25,29.00,4.35,22.10|46.09|abfbd10d	19.25,29.00,4.35,22.10|46.09|abfbd10d	cab0f027f7f89a6f	1	1	19.25,29.00,4.35,22.10|46.09|abfbd10d	19.25,29.00,4.35,22.10|46.09|abfbd10d	cab0f027f7f89a6f	1	1	19.25,29.00,4.35,22.10|46.09|abfbd10d	19.25,29.00,4.35,22.10|46.09|abfbd10d	cab0f027f7f89a6f
345	UNCHANGED	1	1	19.25,29.00,4.35,22.10|46.09|abfbd10d	19.25,29.00,4.35,22.10|46.09|abfbd10d	cab0f027f7f89a6f	1	1	19.25,29.00,4.35,22.10|46.09|abfbd10d	19.25,29.00,4.35,22.10|46.09|abfbd10d	cab0f027f7f89a6f	1	1	19.25,29.00,4.35,22.10|46.09|abfbd10d	19.25,29.00,4.35,22.10|46.09|abfbd10d	cab0f027f7f89a6f
346	CURRENT_SOURCE_ONLY	1	12	141.70,29.85,17.69,23.21|47.80|f171d5a5	175.44,639.13,39.12,19.12|654.14|260fbd8e	d22c6f6516ec68e0	1	12	141.70,29.85,17.69,23.21|47.80|f171d5a5	175.44,639.13,39.12,19.12|654.14|260fbd8e	d22c6f6516ec68e0	1	12	140.46,29.85,18.19,24.99|48.77|f171d5a5	176.68,640.92,36.65,21.42|657.14|260fbd8e	520ad89ae839dda9
347	HISTORICAL_AND_CURRENT_SOURCE	5	202	16.00,247.92,30.60,30.60|270.91|d9dc1d2f	34.00,65.05,209.63,17.68|79.35|d46284d0	1bf8c380e4e81902	5	202	16.00,247.92,30.60,30.60|270.91|d9dc1d2f	34.00,65.05,209.63,17.68|79.35|d46284d0	e18ca823139c39ef	5	202	16.00,247.92,30.60,30.60|270.91|d9dc1d2f	34.00,654.60,209.63,23.80|671.95|d46284d0	87588b100232ccbd
348	HISTORICAL_AND_CURRENT_SOURCE	8	320	16.00,247.92,107.10,30.60|270.91|3fa81697	34.00,508.49,209.63,17.68|522.78|d46284d0	89ab540ce07974a6	8	320	16.00,247.92,107.10,30.60|270.91|3fa81697	34.00,508.49,209.63,17.68|522.78|d46284d0	8dca98bc2b2232a1	9	329	16.00,247.92,107.10,30.60|270.91|3fa81697	34.00,726.00,209.63,23.80|743.35|d46284d0	b870799fd6c275fe
349	HISTORICAL_AND_CURRENT_SOURCE	11	437	16.00,247.92,229.50,30.60|270.91|a75bcb9a	34.00,349.33,209.63,17.68|363.63|d46284d0	d8ea7b3d7ca10603	11	437	16.00,247.92,229.50,30.60|270.91|a75bcb9a	34.00,349.33,209.63,17.68|363.63|d46284d0	41563da2bf6a95b1	12	444	16.00,247.92,229.50,30.60|270.91|a75bcb9a	34.00,630.80,209.63,23.80|648.15|d46284d0	18df05ed811782ad
350	HISTORICAL_AND_CURRENT_SOURCE	16	616	16.00,247.92,198.90,30.60|270.91|c338eb0a	34.00,669.65,209.63,17.68|683.94|d46284d0	f1fe992842396066	16	616	16.00,247.92,198.90,30.60|270.91|c338eb0a	34.00,669.65,209.63,17.68|683.94|d46284d0	667646f910ced23a	18	627	16.00,247.92,198.90,30.60|270.91|c338eb0a	34.00,583.20,209.63,23.80|600.55|d46284d0	df9a40d6e63ddb4f
351	HISTORICAL_AND_CURRENT_SOURCE	7	295	16.00,247.92,76.50,30.60|270.91|914b2985	34.00,758.07,209.63,17.68|772.36|d46284d0	bb690eecd3451a58	7	295	16.00,247.92,76.50,30.60|270.91|914b2985	34.00,758.07,209.63,17.68|772.36|d46284d0	f5b1b88aa768c91b	9	301	16.00,247.92,76.50,30.60|270.91|914b2985	34.00,35.80,209.63,23.80|53.15|d46284d0	221a3571d16acaf8
352	HISTORICAL_AND_CURRENT_SOURCE	5	220	16.00,247.92,107.10,30.60|270.91|eaa6f246	34.00,580.56,209.63,17.68|594.85|d46284d0	57c7cf01b3cddfe8	5	220	16.00,247.92,107.10,30.60|270.91|eaa6f246	34.00,580.56,209.63,17.68|594.85|d46284d0	454608457c240777	6	223	16.00,247.92,107.10,30.60|270.91|eaa6f246	34.00,488.00,209.63,23.80|505.35|d46284d0	5b49e91500d3cb24
353	UNCHANGED	1	11	99.84,158.40,17.00,20.40|174.53|af50a0fe	32.30,314.01,25.50,28.49|337.02|c7cce240	e1b27c8287c9feda	1	11	99.84,158.40,17.00,20.40|174.53|af50a0fe	32.30,314.01,25.50,28.49|337.02|c7cce240	e1b27c8287c9feda	1	11	99.84,158.40,17.00,20.40|174.53|af50a0fe	32.30,314.01,25.50,28.49|337.02|c7cce240	e1b27c8287c9feda
354	UNCHANGED	1	1	19.25,29.00,4.35,22.10|46.09|abfbd10d	19.25,29.00,4.35,22.10|46.09|abfbd10d	cab0f027f7f89a6f	1	1	19.25,29.00,4.35,22.10|46.09|abfbd10d	19.25,29.00,4.35,22.10|46.09|abfbd10d	cab0f027f7f89a6f	1	1	19.25,29.00,4.35,22.10|46.09|abfbd10d	19.25,29.00,4.35,22.10|46.09|abfbd10d	cab0f027f7f89a6f
355	CURRENT_SOURCE_ONLY	8	19	141.70,29.85,17.69,23.21|47.80|3399a0e6	174.10,543.80,41.79,19.12|558.80|f1070fb5	7a4a08dc7e033f51	8	19	141.70,29.85,17.69,23.21|47.80|3399a0e6	174.10,543.80,41.79,19.12|558.80|f1070fb5	7a4a08dc7e033f51	8	19	140.46,29.85,18.19,24.99|48.77|3399a0e6	175.14,543.80,39.72,21.42|560.02|f1070fb5	b83b2a4507740a11
356	HISTORICAL_AND_CURRENT_SOURCE	6	267	16.00,247.92,30.60,30.60|270.91|d9dc1d2f	34.00,560.21,96.58,17.68|574.50|a0dfb76c	d36f72365d59274f	6	267	16.00,247.92,30.60,30.60|270.91|d9dc1d2f	34.00,560.21,96.58,17.68|574.50|a0dfb76c	aa3db6f5783b7ab7	7	268	16.00,247.92,30.60,30.60|270.91|d9dc1d2f	34.00,583.20,96.58,23.80|600.55|a0dfb76c	8eb82c263dc763d7
357	HISTORICAL_AND_CURRENT_SOURCE	14	591	16.00,247.92,137.70,30.60|270.91|11b94614	34.00,737.05,96.58,17.68|751.35|a0dfb76c	5ddc582be4560b35	14	590	16.00,247.92,137.70,30.60|270.91|11b94614	34.00,737.05,96.58,17.68|751.35|a0dfb76c	5f2dc732fde13e9a	16	596	16.00,247.92,137.70,30.60|270.91|11b94614	34.00,702.20,96.58,23.80|719.55|a0dfb76c	4a79eafaac65bf01
358	HISTORICAL_AND_CURRENT_SOURCE	16	635	16.00,247.92,137.70,30.60|270.91|00ee8943	34.00,259.58,96.58,17.68|273.87|a0dfb76c	939b39e219da487c	16	634	16.00,247.92,137.70,30.60|270.91|00ee8943	34.00,224.21,96.58,17.68|238.50|a0dfb76c	fc984ba08f397821	18	645	16.00,247.92,137.70,30.60|270.91|00ee8943	34.00,273.80,96.58,23.80|291.15|a0dfb76c	54ab8f27feb4bf67
359	HISTORICAL_AND_CURRENT_SOURCE	8	316	16.00,247.92,137.70,30.60|270.91|dd3c8c85	34.00,12.00,96.58,17.68|26.29|a0dfb76c	f33385633cdf8d7b	8	316	16.00,247.92,137.70,30.60|270.91|dd3c8c85	34.00,12.00,96.58,17.68|26.29|a0dfb76c	f24a82547e03880b	9	317	16.00,247.92,137.70,30.60|270.91|dd3c8c85	34.00,154.80,96.58,23.80|172.15|a0dfb76c	9044f089cf5adcb5
360	HISTORICAL_AND_CURRENT_SOURCE	14	615	16.00,247.92,122.40,30.60|270.91|029e969b	34.00,684.00,96.58,17.68|698.29|a0dfb76c	90d9c2775d60cb6a	14	613	16.00,247.92,122.40,30.60|270.91|029e969b	34.00,666.32,96.58,17.68|680.61|a0dfb76c	93c9e446e8247379	16	630	16.00,247.92,122.40,30.60|270.91|029e969b	34.00,678.40,96.58,23.80|695.75|a0dfb76c	3c28acc8a3e81a44
361	HISTORICAL_AND_CURRENT_SOURCE	19	720	16.00,247.92,153.00,30.60|270.91|6b415555	34.00,12.00,96.58,17.68|26.29|a0dfb76c	eaf64bfa984855de	19	720	16.00,247.92,153.00,30.60|270.91|6b415555	34.00,12.00,96.58,17.68|26.29|a0dfb76c	a8564c0f5a2b4a42	21	736	16.00,247.92,153.00,30.60|270.91|6b415555	34.00,250.00,96.58,23.80|267.35|a0dfb76c	597be1707148b488
362	HISTORICAL_AND_CURRENT_SOURCE	12	463	16.00,247.92,107.10,30.60|270.91|dfd45134	34.00,188.84,96.58,17.68|203.14|a0dfb76c	a23dd3bddbb96a01	12	463	16.00,247.92,107.10,30.60|270.91|dfd45134	34.00,188.84,96.58,17.68|203.14|a0dfb76c	bbe5f62c10047379	13	472	16.00,247.92,107.10,30.60|270.91|dfd45134	34.00,726.00,96.58,23.80|743.35|a0dfb76c	402e0fe611452a10
363	HISTORICAL_AND_CURRENT_SOURCE	14	574	16.00,247.92,137.70,30.60|270.91|d20d115e	34.00,135.79,96.58,17.68|150.08|a0dfb76c	bc1076f9cc3ce964	14	573	16.00,247.92,137.70,30.60|270.91|d20d115e	34.00,135.79,96.58,17.68|150.08|a0dfb76c	f3df1dc8699d9c35	16	585	16.00,247.92,137.70,30.60|270.91|d20d115e	34.00,131.00,96.58,23.80|148.35|a0dfb76c	ed6d5a31d3f4edd6
364	HISTORICAL_AND_CURRENT_SOURCE	6	267	16.00,247.92,168.30,30.60|270.91|8151d89d	34.00,135.79,96.58,17.68|150.08|a0dfb76c	ac770a1e6d52380b	6	266	16.00,247.92,168.30,30.60|270.91|8151d89d	34.00,135.79,96.58,17.68|150.08|a0dfb76c	c8f07a2c275a49c0	7	270	16.00,247.92,168.30,30.60|270.91|8151d89d	34.00,178.60,96.58,23.80|195.95|a0dfb76c	8a8b6afbaed1e993
365	UNCHANGED	1	10	99.84,158.40,17.00,20.40|174.53|af50a0fe	32.30,285.53,25.50,28.49|308.54|c7cce240	ab61d6cf2d17ad7b	1	10	99.84,158.40,17.00,20.40|174.53|af50a0fe	32.30,285.53,25.50,28.49|308.54|c7cce240	ab61d6cf2d17ad7b	1	10	99.84,158.40,17.00,20.40|174.53|af50a0fe	32.30,285.53,25.50,28.49|308.54|c7cce240	ab61d6cf2d17ad7b
366	UNCHANGED	1	1	19.25,29.00,4.35,22.10|46.09|abfbd10d	19.25,29.00,4.35,22.10|46.09|abfbd10d	cab0f027f7f89a6f	1	1	19.25,29.00,4.35,22.10|46.09|abfbd10d	19.25,29.00,4.35,22.10|46.09|abfbd10d	cab0f027f7f89a6f	1	1	19.25,29.00,4.35,22.10|46.09|abfbd10d	19.25,29.00,4.35,22.10|46.09|abfbd10d	cab0f027f7f89a6f
367	CURRENT_SOURCE_ONLY	1	10	152.81,29.85,17.69,23.21|47.80|c16667ca	175.44,639.13,39.12,19.12|654.14|260fbd8e	28003bc748b6f696	1	10	152.81,29.85,17.69,23.21|47.80|c16667ca	175.44,639.13,39.12,19.12|654.14|260fbd8e	28003bc748b6f696	1	10	151.82,29.85,18.19,24.99|48.77|c16667ca	176.68,640.92,36.65,21.42|657.14|260fbd8e	a9af0c18eb3f0b64
368	UNCHANGED	1	10	15.66,232.90,357.00,22.10|249.33|f8b6920a	15.66,448.80,68.00,22.10|465.23|0e1cb641	2ec1e7ec6219ec85	1	10	15.66,232.90,357.00,22.10|249.33|f8b6920a	15.66,448.80,68.00,22.10|465.23|0e1cb641	2ec1e7ec6219ec85	1	10	15.66,232.90,357.00,22.10|249.33|f8b6920a	15.66,448.80,68.00,22.10|465.23|0e1cb641	2ec1e7ec6219ec85
369	HISTORICAL_AND_CURRENT_SOURCE	10	425	16.00,247.92,137.70,30.60|270.91|d5c1231b	213.70,12.00,72.43,17.68|26.29|9e965790	55ee2e14831b814f	10	425	16.00,247.92,137.70,30.60|270.91|d5c1231b	213.70,12.00,72.43,17.68|26.29|9e965790	75f7f78ab24b4b5d	11	428	16.00,247.92,137.70,30.60|270.91|d5c1231b	213.70,654.60,72.43,23.80|671.95|9e965790	3cf40e88c6f84086
370	HISTORICAL_AND_CURRENT_SOURCE	15	613	16.00,247.92,183.60,30.60|270.91|ff3d2a43	213.70,649.96,72.43,17.68|664.26|9e965790	780beb4ddc064209	15	613	16.00,247.92,183.60,30.60|270.91|ff3d2a43	213.70,649.96,72.43,17.68|664.26|9e965790	69dd37207bb9c35b	18	624	16.00,247.92,183.60,30.60|270.91|ff3d2a43	213.70,83.40,72.43,23.80|100.75|9e965790	45986274da6080ba
371	HISTORICAL_AND_CURRENT_SOURCE	17	670	16.00,247.92,168.30,30.60|270.91|479016cb	213.70,47.37,72.43,17.68|61.66|9e965790	2a9bcf6761618425	17	670	16.00,247.92,168.30,30.60|270.91|479016cb	213.70,47.37,72.43,17.68|61.66|9e965790	a1bda4adbe8f745d	19	685	16.00,247.92,168.30,30.60|270.91|479016cb	213.70,488.00,72.43,23.80|505.35|9e965790	5bb7cff20d00b03f
372	HISTORICAL_AND_CURRENT_SOURCE	14	622	16.00,247.92,91.80,30.60|270.91|f8ff2217	213.70,277.93,72.43,17.68|292.22|9e965790	a580180d46f15f15	14	622	16.00,247.92,91.80,30.60|270.91|f8ff2217	213.70,277.93,72.43,17.68|292.22|9e965790	7b9c9e4bd8dc99b9	16	634	16.00,247.92,91.80,30.60|270.91|f8ff2217	213.70,416.60,72.43,23.80|433.95|9e965790	8399dc6210bda702
373	HISTORICAL_AND_CURRENT_SOURCE	14	582	16.00,247.92,198.90,30.60|270.91|e755b6fb	213.70,490.81,72.43,17.68|505.10|9e965790	e521f6eaf4144958	14	581	16.00,247.92,198.90,30.60|270.91|e755b6fb	213.70,490.81,72.43,17.68|505.10|9e965790	117f90b2958a3121	16	589	16.00,247.92,198.90,30.60|270.91|e755b6fb	213.70,773.60,72.43,23.80|790.95|9e965790	aab5e8cf2cbb37a6
374	HISTORICAL_AND_CURRENT_SOURCE	8	415	16.00,247.92,91.80,30.60|270.91|3940244d	213.70,791.44,72.43,17.68|805.73|9e965790	7499bce73e1f7a34	8	415	16.00,247.92,91.80,30.60|270.91|3940244d	213.70,791.44,72.43,17.68|805.73|9e965790	12bd2aa17d35b0f6	10	418	16.00,247.92,91.80,30.60|270.91|3940244d	213.70,559.40,72.43,23.80|576.75|9e965790	722d8aed324170d6
375	UNCHANGED	1	10	99.84,158.40,17.00,20.40|174.53|af50a0fe	32.30,285.53,25.50,28.49|308.54|c7cce240	ca28beaa94a1c074	1	10	99.84,158.40,17.00,20.40|174.53|af50a0fe	32.30,285.53,25.50,28.49|308.54|c7cce240	ca28beaa94a1c074	1	10	99.84,158.40,17.00,20.40|174.53|af50a0fe	32.30,285.53,25.50,28.49|308.54|c7cce240	ca28beaa94a1c074
376	UNCHANGED	1	1	19.25,29.00,4.35,22.10|46.09|abfbd10d	19.25,29.00,4.35,22.10|46.09|abfbd10d	cab0f027f7f89a6f	1	1	19.25,29.00,4.35,22.10|46.09|abfbd10d	19.25,29.00,4.35,22.10|46.09|abfbd10d	cab0f027f7f89a6f	1	1	19.25,29.00,4.35,22.10|46.09|abfbd10d	19.25,29.00,4.35,22.10|46.09|abfbd10d	cab0f027f7f89a6f
377	UNCHANGED	1	1	19.25,29.00,4.35,22.10|46.09|abfbd10d	19.25,29.00,4.35,22.10|46.09|abfbd10d	cab0f027f7f89a6f	1	1	19.25,29.00,4.35,22.10|46.09|abfbd10d	19.25,29.00,4.35,22.10|46.09|abfbd10d	cab0f027f7f89a6f	1	1	19.25,29.00,4.35,22.10|46.09|abfbd10d	19.25,29.00,4.35,22.10|46.09|abfbd10d	cab0f027f7f89a6f
378	CURRENT_SOURCE_ONLY	2	11	152.81,29.85,17.69,23.21|47.80|a449ca00	174.37,543.80,41.25,19.12|558.80|68ab320b	e013fafbbe1f4223	2	11	152.81,29.85,17.69,23.21|47.80|a449ca00	174.37,543.80,41.25,19.12|558.80|68ab320b	e013fafbbe1f4223	2	11	151.82,29.85,18.19,24.99|48.77|a449ca00	175.17,543.80,39.67,21.42|560.02|68ab320b	39a45bce00b06f75
379	CURRENT_SOURCE_ONLY	1	31	15.66,232.90,357.00,22.10|249.33|6be1d859	15.66,753.10,170.00,22.10|769.53|1dede770	9c771b55f14331b2	1	31	15.66,232.90,357.00,22.10|249.33|6be1d859	15.66,753.10,170.00,22.10|769.53|1dede770	9c771b55f14331b2	1	31	15.66,232.90,357.00,22.10|249.33|6be1d859	15.66,758.20,170.00,22.10|774.63|1dede770	988edc47cf95b50a
380	HISTORICAL_AND_CURRENT_SOURCE	10	453	16.00,247.92,168.30,30.60|270.91|535f846d	274.85,47.37,64.44,17.68|61.66|5ebdfbda	f151810ecda5ddbb	9	452	16.00,247.92,168.30,30.60|270.91|535f846d	274.85,809.12,64.44,17.68|823.42|5ebdfbda	b47137f48d0d2011	11	457	16.00,247.92,168.30,30.60|270.91|535f846d	274.85,464.20,64.44,23.80|481.55|5ebdfbda	b6443c481d50c06b
381	HISTORICAL_AND_CURRENT_SOURCE	10	473	16.00,247.92,214.20,30.60|270.91|98bcb6ac	274.85,543.86,64.44,17.68|558.15|5ebdfbda	42e19c4b54601d46	10	473	16.00,247.92,214.20,30.60|270.91|98bcb6ac	274.85,543.86,64.44,17.68|558.15|5ebdfbda	e4f4c81998142176	12	478	16.00,247.92,214.20,30.60|270.91|98bcb6ac	274.85,321.40,64.44,23.80|338.75|5ebdfbda	419656710cbef46d
382	HISTORICAL_AND_CURRENT_SOURCE	20	866	16.00,247.92,214.20,30.60|270.91|fe6737a4	274.85,47.37,64.44,17.68|61.66|5ebdfbda	de1b02da74fb55bc	20	866	16.00,247.92,214.20,30.60|270.91|fe6737a4	274.85,47.37,64.44,17.68|61.66|5ebdfbda	7cda2586d53ca05d	22	881	16.00,247.92,214.20,30.60|270.91|fe6737a4	274.85,535.60,64.44,23.80|552.95|5ebdfbda	987f181948f167c7
383	HISTORICAL_AND_CURRENT_SOURCE	14	592	16.00,247.92,205.04,30.60|270.91|59b73354	274.85,277.26,64.44,17.68|291.56|5ebdfbda	e8989cff5de00a9a	14	592	16.00,247.92,205.04,30.60|270.91|59b73354	274.85,277.26,64.44,17.68|291.56|5ebdfbda	cf8ae1dcfc0d782a	16	603	16.00,247.92,205.04,30.60|270.91|59b73354	274.85,250.00,64.44,23.80|267.35|5ebdfbda	03bd7acacbf5f82a
384	HISTORICAL_AND_CURRENT_SOURCE	10	452	16.00,247.92,198.90,30.60|270.91|bfadf887	274.85,312.63,64.44,17.68|326.92|5ebdfbda	896bedf81781f9a0	10	452	16.00,247.92,198.90,30.60|270.91|bfadf887	274.85,312.63,64.44,17.68|326.92|5ebdfbda	17899c1d14b454bc	12	459	16.00,247.92,198.90,30.60|270.91|bfadf887	274.85,83.40,64.44,23.80|100.75|5ebdfbda	ff142fda49100225
385	HISTORICAL_AND_CURRENT_SOURCE	5	272	16.00,247.92,76.50,30.60|270.91|a6910304	274.85,471.79,64.44,17.68|486.08|5ebdfbda	015df83e2e8bb3a2	5	271	16.00,247.92,76.50,30.60|270.91|a6910304	274.85,471.79,64.44,17.68|486.08|5ebdfbda	7294147e8f7e6c3c	6	273	16.00,247.92,76.50,30.60|270.91|a6910304	274.85,607.00,64.44,23.80|624.35|5ebdfbda	209920738390e045
386	UNCHANGED	1	11	99.84,158.40,17.00,20.40|174.53|af50a0fe	32.30,314.01,25.50,28.49|337.02|c7cce240	3bcaddb92c794999	1	11	99.84,158.40,17.00,20.40|174.53|af50a0fe	32.30,314.01,25.50,28.49|337.02|c7cce240	3bcaddb92c794999	1	11	99.84,158.40,17.00,20.40|174.53|af50a0fe	32.30,314.01,25.50,28.49|337.02|c7cce240	3bcaddb92c794999
387	UNCHANGED	1	1	19.25,29.00,4.35,22.10|46.09|abfbd10d	19.25,29.00,4.35,22.10|46.09|abfbd10d	cab0f027f7f89a6f	1	1	19.25,29.00,4.35,22.10|46.09|abfbd10d	19.25,29.00,4.35,22.10|46.09|abfbd10d	cab0f027f7f89a6f	1	1	19.25,29.00,4.35,22.10|46.09|abfbd10d	19.25,29.00,4.35,22.10|46.09|abfbd10d	cab0f027f7f89a6f
388	CURRENT_SOURCE_ONLY	1	12	141.70,29.85,17.69,23.21|47.80|8a8df676	175.44,639.13,39.12,19.12|654.14|260fbd8e	55493ee5cf181aec	1	12	141.70,29.85,17.69,23.21|47.80|8a8df676	175.44,639.13,39.12,19.12|654.14|260fbd8e	55493ee5cf181aec	1	12	140.46,29.85,18.19,24.99|48.77|8a8df676	176.68,640.92,36.65,21.42|657.14|260fbd8e	c0d19bfbfd735d5c
389	HISTORICAL_AND_CURRENT_SOURCE	8	456	16.00,247.92,91.80,30.60|270.91|adea8c25	34.00,807.79,250.08,17.68|822.08|27be0883	91f39cd29cac7510	8	455	16.00,247.92,91.80,30.60|270.91|adea8c25	34.00,772.42,250.08,17.68|786.72|27be0883	0b4ae33cce19a2ac	11	457	16.00,247.92,91.80,30.60|270.91|adea8c25	34.00,154.80,250.08,23.80|172.15|27be0883	9e7c408d225ce9b4
390	HISTORICAL_AND_CURRENT_SOURCE	20	898	16.00,247.92,168.30,30.60|270.91|824f832c	34.00,648.63,250.08,17.68|662.93|27be0883	b59e4565b242a4e6	20	898	16.00,247.92,168.30,30.60|270.91|824f832c	34.00,648.63,250.08,17.68|662.93|27be0883	622a5f6988f7cd06	24	912	16.00,247.92,168.30,30.60|270.91|824f832c	34.00,202.40,250.08,23.80|219.75|27be0883	8d39eaa8e804f38b
391	HISTORICAL_AND_CURRENT_SOURCE	19	852	16.00,247.92,153.00,30.60|270.91|13cd26f0	34.00,418.74,250.08,17.68|433.03|27be0883	6c13ea8236e18427	19	851	16.00,247.92,153.00,30.60|270.91|13cd26f0	34.00,365.68,250.08,17.68|379.98|27be0883	d5787ba7ab91d762	22	866	16.00,247.92,153.00,30.60|270.91|13cd26f0	34.00,488.00,250.08,23.80|505.35|27be0883	bc1162a979209de1
392	HISTORICAL_AND_CURRENT_SOURCE	21	945	16.00,247.92,91.80,30.60|270.91|14ccbb00	34.00,684.00,250.08,17.68|698.29|27be0883	56a3a73487f9a5b7	21	945	16.00,247.92,91.80,30.60|270.91|14ccbb00	34.00,684.00,250.08,17.68|698.29|27be0883	5da0144342da54a6	25	961	16.00,247.92,91.80,30.60|270.91|14ccbb00	34.00,345.20,250.08,23.80|362.55|27be0883	8e11105cb3c6e27f
393	HISTORICAL_AND_CURRENT_SOURCE	15	686	16.00,247.92,76.50,30.60|270.91|8758269b	34.00,401.05,250.08,17.68|415.35|27be0883	699f26a066d0c26e	15	686	16.00,247.92,76.50,30.60|270.91|8758269b	34.00,401.05,250.08,17.68|415.35|27be0883	fd176b31c913f4cc	18	695	16.00,247.92,76.50,30.60|270.91|8758269b	34.00,250.00,250.08,23.80|267.35|27be0883	ec34326662de91c6
394	HISTORICAL_AND_CURRENT_SOURCE	11	541	16.00,247.92,76.50,30.60|270.91|45b32758	34.00,206.53,250.08,17.68|220.82|27be0883	c247e4d724df01cd	11	541	16.00,247.92,76.50,30.60|270.91|45b32758	34.00,206.53,250.08,17.68|220.82|27be0883	7831f3c236a21eb0	13	551	16.00,247.92,76.50,30.60|270.91|45b32758	34.00,607.00,250.08,23.80|624.35|27be0883	dac0f387aa196b9d
395	UNCHANGED	1	3	161.00,253.69,68.00,22.10|270.67|60d79911	42.00,275.79,306.00,22.79|294.20|dc42cf3f	cf3c1059396c19e0	1	3	161.00,253.69,68.00,22.10|270.67|60d79911	42.00,275.79,306.00,22.79|294.20|dc42cf3f	cf3c1059396c19e0	1	3	161.00,253.69,68.00,22.10|270.67|60d79911	42.00,275.79,306.00,22.79|294.20|dc42cf3f	cf3c1059396c19e0
396	UNCHANGED	1	1	19.25,29.00,4.35,22.10|46.09|abfbd10d	19.25,29.00,4.35,22.10|46.09|abfbd10d	cab0f027f7f89a6f	1	1	19.25,29.00,4.35,22.10|46.09|abfbd10d	19.25,29.00,4.35,22.10|46.09|abfbd10d	cab0f027f7f89a6f	1	1	19.25,29.00,4.35,22.10|46.09|abfbd10d	19.25,29.00,4.35,22.10|46.09|abfbd10d	cab0f027f7f89a6f
397	CURRENT_SOURCE_ONLY	3	137	15.66,232.90,357.00,22.10|249.33|0b8dbf1a	34.00,630.95,96.74,17.68|645.24|7bb33153	da4899554540973c	3	137	15.66,232.90,357.00,22.10|249.33|0b8dbf1a	34.00,630.95,96.74,17.68|645.24|7bb33153	da4899554540973c	4	137	15.66,232.90,357.00,22.10|249.33|0b8dbf1a	34.00,178.60,96.74,23.80|195.95|7bb33153	742f427d32095efa
398	HISTORICAL_AND_CURRENT_SOURCE	6	247	16.00,247.92,122.40,30.60|270.91|4ed77fa5	34.00,737.05,96.74,17.68|751.35|7bb33153	c7ee668dc389cc66	6	247	16.00,247.92,122.40,30.60|270.91|4ed77fa5	34.00,737.05,96.74,17.68|751.35|7bb33153	5c4dc7490b3b0ebb	7	250	16.00,247.92,122.40,30.60|270.91|4ed77fa5	34.00,654.60,96.74,23.80|671.95|7bb33153	5f74957b250d9f55
399	HISTORICAL_AND_CURRENT_SOURCE	10	400	16.00,247.92,137.70,30.60|270.91|2b5912c6	34.00,188.84,96.74,17.68|203.14|7bb33153	ff0ee2ae40dd11fe	10	401	16.00,247.92,137.70,30.60|270.91|2b5912c6	34.00,241.90,96.74,17.68|256.19|7bb33153	f541e1a3d5696925	11	407	16.00,247.92,137.70,30.60|270.91|2b5912c6	34.00,345.20,96.74,23.80|362.55|7bb33153	c9e7a65879d20dfe
400	HISTORICAL_AND_CURRENT_SOURCE	5	202	16.00,247.92,137.70,30.60|270.91|296d1169	34.00,383.37,96.74,17.68|397.66|7bb33153	7f43e7a52ca2085e	5	202	16.00,247.92,137.70,30.60|270.91|296d1169	34.00,383.37,96.74,17.68|397.66|7bb33153	84259d71831f054e	6	206	16.00,247.92,137.70,30.60|270.91|296d1169	34.00,202.40,96.74,23.80|219.75|7bb33153	ebed4d8918d3b287
401	UNCHANGED	1	1	15.66,29.00,4.35,22.10|46.09|abfbd10d	15.66,29.00,4.35,22.10|46.09|abfbd10d	6422bd6e577db1df	1	1	15.66,29.00,4.35,22.10|46.09|abfbd10d	15.66,29.00,4.35,22.10|46.09|abfbd10d	6422bd6e577db1df	1	1	15.66,29.00,4.35,22.10|46.09|abfbd10d	15.66,29.00,4.35,22.10|46.09|abfbd10d	6422bd6e577db1df
402	UNCHANGED	1	1	19.25,29.00,4.35,22.10|46.09|abfbd10d	19.25,29.00,4.35,22.10|46.09|abfbd10d	cab0f027f7f89a6f	1	1	19.25,29.00,4.35,22.10|46.09|abfbd10d	19.25,29.00,4.35,22.10|46.09|abfbd10d	cab0f027f7f89a6f	1	1	19.25,29.00,4.35,22.10|46.09|abfbd10d	19.25,29.00,4.35,22.10|46.09|abfbd10d	cab0f027f7f89a6f
403	UNCHANGED	1	3	169.50,253.69,51.00,22.10|270.67|9134b008	93.00,275.79,204.00,22.79|294.20|15f5b8bf	8df0dc8b6ccc39a7	1	3	169.50,253.69,51.00,22.10|270.67|9134b008	93.00,275.79,204.00,22.79|294.20|15f5b8bf	8df0dc8b6ccc39a7	1	3	169.50,253.69,51.00,22.10|270.67|9134b008	93.00,275.79,204.00,22.79|294.20|15f5b8bf	8df0dc8b6ccc39a7
404	HISTORICAL_AND_CURRENT_SOURCE	13	508	15.66,232.90,229.50,22.10|249.33|61793551	34.00,755.40,128.88,17.68|769.70|40a3c1e9	a55d1fe061ea3e2c	13	507	15.66,232.90,229.50,22.10|249.33|61793551	34.00,755.40,128.88,17.68|769.70|40a3c1e9	0862be46580a2713	14	510	15.66,232.90,229.50,22.10|249.33|61793551	34.00,416.60,128.88,23.80|433.95|40a3c1e9	e3c05af50c0fe2a6
405	UNCHANGED	1	9	99.84,158.40,17.00,20.40|174.53|af50a0fe	32.30,293.61,25.50,28.49|316.62|c7cce240	1abc34d54a1ec2d4	1	9	99.84,158.40,17.00,20.40|174.53|af50a0fe	32.30,293.61,25.50,28.49|316.62|c7cce240	1abc34d54a1ec2d4	1	9	99.84,158.40,17.00,20.40|174.53|af50a0fe	32.30,293.61,25.50,28.49|316.62|c7cce240	1abc34d54a1ec2d4
406	CURRENT_SOURCE_ONLY	1	12	141.70,29.85,17.69,23.21|47.80|6bc42385	175.44,639.13,39.12,19.12|654.14|260fbd8e	6b31fae422402200	1	12	141.70,29.85,17.69,23.21|47.80|6bc42385	175.44,639.13,39.12,19.12|654.14|260fbd8e	6b31fae422402200	1	12	140.46,29.85,18.19,24.99|48.77|6bc42385	176.68,640.92,36.65,21.42|657.14|260fbd8e	290eee48b99b9384
407	HISTORICAL_AND_CURRENT_SOURCE	9	350	16.00,247.92,76.50,30.60|270.91|8b6637af	319.85,802.53,16.15,17.68|816.82|eb0d5884	5a8b064440795b6c	9	350	16.00,247.92,76.50,30.60|270.91|8b6637af	319.85,802.53,16.15,17.68|816.82|eb0d5884	ad4607e6c6c76781	10	355	16.00,247.92,76.50,30.60|270.91|8b6637af	319.85,726.00,16.15,23.80|743.35|eb0d5884	544f5840b90b42e9
408	HISTORICAL_AND_CURRENT_SOURCE	17	627	16.00,247.92,183.60,30.60|270.91|c815f307	34.00,118.11,152.86,17.68|132.40|44077c2f	79f8b0b569e8c2e0	17	628	16.00,247.92,183.60,30.60|270.91|c815f307	34.00,118.11,152.86,17.68|132.40|44077c2f	06a803e4a65a6b26	19	640	16.00,247.92,183.60,30.60|270.91|c815f307	34.00,12.00,152.86,23.80|29.35|44077c2f	b9834c023734279a
409	HISTORICAL_AND_CURRENT_SOURCE	37	1425	16.00,247.92,275.40,30.60|270.91|7a63f532	78.70,118.11,72.43,17.68|132.40|de154ca7	edd0ed6aa73828ff	37	1422	16.00,247.92,275.40,30.60|270.91|7a63f532	78.70,100.42,72.43,17.68|114.71|de154ca7	9b7ef8fbe913892e	41	1465	16.00,247.92,275.40,30.60|270.91|7a63f532	78.70,511.80,72.43,23.80|529.15|de154ca7	7d32ad59c651dafe
410	HISTORICAL_AND_CURRENT_SOURCE	27	1046	16.00,247.92,137.70,30.60|270.91|9186679c	34.00,188.84,169.33,17.68|203.14|2ac96ae8	b0096689d8ea92d2	27	1047	16.00,247.92,137.70,30.60|270.91|9186679c	34.00,188.84,169.33,17.68|203.14|2ac96ae8	b8e1f8e9169add29	30	1078	16.00,247.92,137.70,30.60|270.91|9186679c	34.00,297.60,169.33,23.80|314.95|2ac96ae8	47c2483ef3e4f38e
411	HISTORICAL_AND_CURRENT_SOURCE	27	1006	16.00,247.92,153.00,30.60|270.91|d10483a8	34.00,348.67,266.23,17.68|362.96|09669955	7516345f50b31a17	27	1005	16.00,247.92,153.00,30.60|270.91|d10483a8	34.00,348.67,266.23,17.68|362.96|09669955	929dc0eb6032308b	30	1033	16.00,247.92,153.00,30.60|270.91|d10483a8	34.00,369.00,266.23,23.80|386.35|09669955	45781dcd767b9103
412	HISTORICAL_AND_CURRENT_SOURCE	8	333	16.00,247.92,168.30,30.60|270.91|17336359	276.00,812.45,72.43,17.68|826.75|3b3e2815	3182a1181b7f826a	8	332	16.00,247.92,168.30,30.60|270.91|17336359	276.00,775.75,72.43,17.68|790.04|3b3e2815	f6a7f3cdfa59cc2b	10	343	16.00,247.92,168.30,30.60|270.91|17336359	276.00,12.00,72.43,23.80|29.35|3b3e2815	099998c8eb3fdc84
413	HISTORICAL_AND_CURRENT_SOURCE	6	181	16.00,247.92,76.50,30.60|270.91|410f5346	34.00,656.55,32.30,17.68|670.85|47edc833	08eea3fb935ac278	6	181	16.00,247.92,76.50,30.60|270.91|410f5346	34.00,656.55,32.30,17.68|670.85|47edc833	12af531513943dd3	7	186	16.00,247.92,76.50,30.60|270.91|410f5346	34.00,312.80,32.30,23.80|330.15|47edc833	ff8108f14b5fe5c3
414	UNCHANGED	1	8	99.84,158.40,17.00,20.40|174.53|af50a0fe	32.30,265.13,25.50,28.49|288.14|c7cce240	b8af5d915b9b6565	1	8	99.84,158.40,17.00,20.40|174.53|af50a0fe	32.30,265.13,25.50,28.49|288.14|c7cce240	b8af5d915b9b6565	1	8	99.84,158.40,17.00,20.40|174.53|af50a0fe	32.30,265.13,25.50,28.49|288.14|c7cce240	b8af5d915b9b6565
415	UNCHANGED	1	1	19.25,29.00,4.35,22.10|46.09|abfbd10d	19.25,29.00,4.35,22.10|46.09|abfbd10d	cab0f027f7f89a6f	1	1	19.25,29.00,4.35,22.10|46.09|abfbd10d	19.25,29.00,4.35,22.10|46.09|abfbd10d	cab0f027f7f89a6f	1	1	19.25,29.00,4.35,22.10|46.09|abfbd10d	19.25,29.00,4.35,22.10|46.09|abfbd10d	cab0f027f7f89a6f
416	CURRENT_SOURCE_ONLY	1	10	152.81,29.85,17.69,23.21|47.80|cf4c4cd8	175.44,639.13,39.12,19.12|654.14|260fbd8e	443e63311a23e734	1	10	152.81,29.85,17.69,23.21|47.80|cf4c4cd8	175.44,639.13,39.12,19.12|654.14|260fbd8e	443e63311a23e734	1	10	151.82,29.85,18.19,24.99|48.77|cf4c4cd8	176.68,640.92,36.65,21.42|657.14|260fbd8e	0e8f5b1e5efeb2d2
417	UNCHANGED	1	14	15.66,232.90,357.00,22.10|249.33|1d1d762f	15.66,537.20,170.00,22.10|553.63|4be27a14	71cb11a7749a71b8	1	14	15.66,232.90,357.00,22.10|249.33|1d1d762f	15.66,537.20,170.00,22.10|553.63|4be27a14	71cb11a7749a71b8	1	14	15.66,232.90,357.00,22.10|249.33|1d1d762f	15.66,537.20,170.00,22.10|553.63|4be27a14	71cb11a7749a71b8
418	HISTORICAL_AND_CURRENT_SOURCE	2	47	16.00,247.92,30.60,30.60|270.91|ef6fba91	34.00,383.21,88.58,17.68|397.50|6468738b	00861b87462042c6	2	47	16.00,247.92,30.60,30.60|270.91|ef6fba91	34.00,383.21,88.58,17.68|397.50|6468738b	17d825d4d043ebf2	2	49	16.00,247.92,30.60,30.60|270.91|ef6fba91	34.00,508.30,88.58,23.80|525.65|6468738b	4ea04bd6957073d1
419	HISTORICAL_AND_CURRENT_SOURCE	9	310	16.00,247.92,214.20,30.60|270.91|a826593c	34.00,442.03,274.55,17.68|456.32|2e3263ea	a501cce6611bf01e	9	310	16.00,247.92,214.20,30.60|270.91|a826593c	34.00,442.03,274.55,17.68|456.32|2e3263ea	bac6da24603f6df7	10	318	16.00,247.92,214.20,30.60|270.91|a826593c	34.00,391.00,274.55,23.80|408.35|2e3263ea	9ec596a473b8ae81
420	HISTORICAL_AND_CURRENT_SOURCE	8	305	16.00,247.92,229.50,30.60|270.91|96794217	34.00,763.41,120.88,17.68|777.70|e1fe077c	4a8dd3587122030a	8	305	16.00,247.92,229.50,30.60|270.91|96794217	34.00,763.41,120.88,17.68|777.70|e1fe077c	aefe162cea63ada1	9	315	16.00,247.92,229.50,30.60|270.91|96794217	34.00,748.00,120.88,23.80|765.35|e1fe077c	ed752ca79da4be1c
421	HISTORICAL_AND_CURRENT_SOURCE	12	391	16.00,247.92,214.20,30.60|270.91|10401f78	153.70,65.05,72.43,17.68|79.35|cfa33909	78e37cd0c1b275ae	12	391	16.00,247.92,214.20,30.60|270.91|10401f78	153.70,65.05,72.43,17.68|79.35|cfa33909	656458aa79972ce0	13	399	16.00,247.92,214.20,30.60|270.91|10401f78	153.70,202.40,72.43,23.80|219.75|cfa33909	e21812fca3e77aca
422	HISTORICAL_AND_CURRENT_SOURCE	12	483	16.00,247.92,107.10,30.60|270.91|4eba39a7	34.00,667.65,298.53,17.68|681.94|f768a9b3	1ed36b18dadf12eb	12	483	16.00,247.92,107.10,30.60|270.91|4eba39a7	34.00,667.65,298.53,17.68|681.94|f768a9b3	f49a7403193c001c	14	490	16.00,247.92,107.10,30.60|270.91|4eba39a7	34.00,154.80,298.53,23.80|172.15|f768a9b3	2f0798d81632e405
423	HISTORICAL_AND_CURRENT_SOURCE	2	75	16.00,247.92,76.50,30.60|270.91|bd2cd5cf	78.70,727.27,120.88,17.68|741.56|d153c59f	39b66ccccf163b1c	2	75	16.00,247.92,76.50,30.60|270.91|bd2cd5cf	78.70,727.27,120.88,17.68|741.56|d153c59f	aef7ead189885f51	3	76	16.00,247.92,76.50,30.60|270.91|bd2cd5cf	78.70,59.60,120.88,23.80|76.95|d153c59f	bd9ba4427c615bbc
424	UNCHANGED	1	8	99.84,158.40,17.00,20.40|174.53|af50a0fe	32.30,265.13,25.50,28.49|288.14|c7cce240	4ccff782950bf14b	1	8	99.84,158.40,17.00,20.40|174.53|af50a0fe	32.30,265.13,25.50,28.49|288.14|c7cce240	4ccff782950bf14b	1	8	99.84,158.40,17.00,20.40|174.53|af50a0fe	32.30,265.13,25.50,28.49|288.14|c7cce240	4ccff782950bf14b
425	UNCHANGED	1	1	19.25,29.00,4.35,22.10|46.09|abfbd10d	19.25,29.00,4.35,22.10|46.09|abfbd10d	cab0f027f7f89a6f	1	1	19.25,29.00,4.35,22.10|46.09|abfbd10d	19.25,29.00,4.35,22.10|46.09|abfbd10d	cab0f027f7f89a6f	1	1	19.25,29.00,4.35,22.10|46.09|abfbd10d	19.25,29.00,4.35,22.10|46.09|abfbd10d	cab0f027f7f89a6f
426	CURRENT_SOURCE_ONLY	1	10	152.81,29.85,17.69,23.21|47.80|6379ede5	175.44,639.13,39.12,19.12|654.14|260fbd8e	ee3b795b6a50f494	1	10	152.81,29.85,17.69,23.21|47.80|6379ede5	175.44,639.13,39.12,19.12|654.14|260fbd8e	ee3b795b6a50f494	1	10	151.82,29.85,18.19,24.99|48.77|6379ede5	176.68,640.92,36.65,21.42|657.14|260fbd8e	7d131519d8b0c5ea
427	HISTORICAL_AND_CURRENT_SOURCE	5	144	16.00,247.92,153.00,30.60|270.91|5ededf31	34.00,188.84,161.02,17.68|203.14|e0c5afce	bd9dee41246eb275	5	144	16.00,247.92,153.00,30.60|270.91|5ededf31	34.00,188.84,161.02,17.68|203.14|e0c5afce	8ab7e0768c90288e	5	145	16.00,247.92,153.00,30.60|270.91|5ededf31	34.00,345.20,161.02,23.80|362.55|e0c5afce	c3a77358c98e72e1
428	HISTORICAL_AND_CURRENT_SOURCE	16	608	16.00,247.92,107.10,30.60|270.91|6fd16ee0	34.00,278.60,206.01,18.35|293.40|45427957	304c8de8e2b7cbdf	16	607	16.00,247.92,107.10,30.60|270.91|6fd16ee0	34.00,225.54,206.01,18.35|240.35|45427957	6415883b30cf2c52	17	624	16.00,247.92,107.10,30.60|270.91|6fd16ee0	34.00,676.60,206.01,23.80|694.13|45427957	7814a999d53eb320
429	HISTORICAL_AND_CURRENT_SOURCE	5	173	16.00,247.92,153.00,30.60|270.91|bd2f0d41	34.00,604.21,24.14,17.68|618.50|3e01ad38	1fd3522e060513ff	5	173	16.00,247.92,153.00,30.60|270.91|bd2f0d41	34.00,604.21,24.14,17.68|618.50|3e01ad38	ebc8a6cd1fc7fadc	6	180	16.00,247.92,153.00,30.60|270.91|bd2f0d41	34.00,250.00,24.14,23.80|267.35|3e01ad38	5fbb035cc4a9916a
430	HISTORICAL_AND_CURRENT_SOURCE	9	318	16.00,247.92,198.90,30.60|270.91|8f38a872	34.00,334.61,96.74,17.68|348.90|9709b93d	6ee08fbe30bf2237	9	318	16.00,247.92,198.90,30.60|270.91|8f38a872	34.00,334.61,96.74,17.68|348.90|9709b93d	a3af2e9a305054f1	10	324	16.00,247.92,198.90,30.60|270.91|8f38a872	34.00,250.00,96.74,23.80|267.35|9709b93d	a0b8a56d3f9180ae
431	HISTORICAL_AND_CURRENT_SOURCE	21	785	16.00,247.92,137.70,30.60|270.91|ad1a8c37	243.70,418.74,64.44,17.68|433.03|cc37f4fe	40f0482e48d4322c	21	784	16.00,247.92,137.70,30.60|270.91|ad1a8c37	243.70,418.74,64.44,17.68|433.03|cc37f4fe	fad0ac00e4eb95cb	23	811	16.00,247.92,137.70,30.60|270.91|ad1a8c37	243.70,678.40,64.44,23.80|695.75|cc37f4fe	398bad89137a160c
432	HISTORICAL_AND_CURRENT_SOURCE	6	207	16.00,247.92,153.00,30.60|270.91|fda10055	108.70,65.05,72.43,17.68|79.35|d6ff627f	e27aefe21d450ac6	6	207	16.00,247.92,153.00,30.60|270.91|fda10055	108.70,65.05,72.43,17.68|79.35|d6ff627f	651ca77adb4b6a51	6	215	16.00,247.92,153.00,30.60|270.91|fda10055	108.70,702.20,72.43,23.80|719.55|d6ff627f	d0298c87dc61b0f9
433	HISTORICAL_AND_CURRENT_SOURCE	13	523	16.00,247.92,91.80,30.60|270.91|8b5573a3	34.00,65.05,153.18,17.68|79.35|2cff885c	454469d052e971da	13	523	16.00,247.92,91.80,30.60|270.91|8b5573a3	34.00,65.05,153.18,17.68|79.35|2cff885c	dae29bd05d6f3c60	14	533	16.00,247.92,91.80,30.60|270.91|8b5573a3	34.00,392.80,153.18,23.80|410.15|2cff885c	336315282bb77eaa
434	HISTORICAL_AND_CURRENT_SOURCE	21	750	16.00,247.92,91.80,30.60|270.91|496dfa25	34.00,100.42,201.63,17.68|114.71|92b53109	fc0847c2f8690732	21	748	16.00,247.92,91.80,30.60|270.91|496dfa25	34.00,100.42,201.63,17.68|114.71|92b53109	6b0af987e6ea5f1d	23	776	16.00,247.92,91.80,30.60|270.91|496dfa25	34.00,391.00,201.63,23.80|408.35|92b53109	fef8bba344b0a0ce
435	HISTORICAL_AND_CURRENT_SOURCE	14	549	16.00,247.92,137.70,30.60|270.91|e05f5f51	34.00,545.86,104.73,17.68|560.15|bb88652c	b98df9ee7e14c253	14	549	16.00,247.92,137.70,30.60|270.91|e05f5f51	34.00,545.86,104.73,17.68|560.15|bb88652c	97484288f8761972	16	559	16.00,247.92,137.70,30.60|270.91|e05f5f51	34.00,321.40,104.73,23.80|338.75|bb88652c	d9dbafe2dadc3e16
436	HISTORICAL_AND_CURRENT_SOURCE	2	55	16.00,247.92,30.60,30.60|270.91|4c79dee3	34.00,519.54,295.77,17.68|533.83|f40ab508	feba83392b1ea462	2	55	16.00,247.92,30.60,30.60|270.91|4c79dee3	34.00,519.54,295.77,17.68|533.83|f40ab508	9d3f452b8fd3a8af	2	57	16.00,247.92,30.60,30.60|270.91|4c79dee3	34.00,666.40,295.77,23.80|683.75|f40ab508	7f4577cea67dc502
437	UNCHANGED	1	8	99.84,158.40,17.00,20.40|174.53|af50a0fe	32.30,265.13,25.50,28.49|288.14|c7cce240	6be76691dca9610f	1	8	99.84,158.40,17.00,20.40|174.53|af50a0fe	32.30,265.13,25.50,28.49|288.14|c7cce240	6be76691dca9610f	1	8	99.84,158.40,17.00,20.40|174.53|af50a0fe	32.30,265.13,25.50,28.49|288.14|c7cce240	6be76691dca9610f
438	UNCHANGED	1	1	19.25,29.00,4.35,22.10|46.09|abfbd10d	19.25,29.00,4.35,22.10|46.09|abfbd10d	cab0f027f7f89a6f	1	1	19.25,29.00,4.35,22.10|46.09|abfbd10d	19.25,29.00,4.35,22.10|46.09|abfbd10d	cab0f027f7f89a6f	1	1	19.25,29.00,4.35,22.10|46.09|abfbd10d	19.25,29.00,4.35,22.10|46.09|abfbd10d	cab0f027f7f89a6f
439	CURRENT_SOURCE_ONLY	1	10	152.81,29.85,17.69,23.21|47.80|39071237	175.44,639.13,39.12,19.12|654.14|260fbd8e	6542efb75f9af75a	1	10	152.81,29.85,17.69,23.21|47.80|39071237	175.44,639.13,39.12,19.12|654.14|260fbd8e	6542efb75f9af75a	1	10	151.82,29.85,18.19,24.99|48.77|39071237	176.68,640.92,36.65,21.42|657.14|260fbd8e	894b4cb92b2ab5dd
440	HISTORICAL_AND_CURRENT_SOURCE	3	102	16.00,247.92,30.60,30.60|270.91|d9dc1d2f	34.00,607.96,56.28,17.68|622.25|7c38286e	d4e1a0672836c235	3	102	16.00,247.92,30.60,30.60|270.91|d9dc1d2f	34.00,607.96,56.28,17.68|622.25|7c38286e	f3b0e19bbb46a8a7	3	103	16.00,247.92,30.60,30.60|270.91|d9dc1d2f	34.00,714.00,56.28,23.80|731.35|7c38286e	61f9436312e50891
441	HISTORICAL_AND_CURRENT_SOURCE	22	902	16.00,247.92,76.50,30.60|270.91|944d1670	108.70,665.06,112.57,17.68|679.35|ad6ad658	6a43a20e3392112b	22	902	16.00,247.92,76.50,30.60|270.91|944d1670	108.70,665.06,112.57,17.68|679.35|ad6ad658	f1fd29ef899156c3	25	914	16.00,247.92,76.50,30.60|270.91|944d1670	108.70,226.20,112.57,23.80|243.55|ad6ad658	3f707b46d650ef29
442	HISTORICAL_AND_CURRENT_SOURCE	24	900	16.00,247.92,76.50,30.60|270.91|64367a3d	229.85,383.37,80.43,17.68|397.66|857fe3c7	76daf3eb05f45728	24	900	16.00,247.92,76.50,30.60|270.91|64367a3d	229.85,383.37,80.43,17.68|397.66|857fe3c7	6df72d6828778701	27	920	16.00,247.92,76.50,30.60|270.91|64367a3d	229.85,131.00,80.43,23.80|148.35|857fe3c7	f9fd93551a24a508
443	HISTORICAL_AND_CURRENT_SOURCE	16	640	16.00,247.92,137.70,30.60|270.91|9ab0cde2	34.00,702.35,112.89,17.68|716.64|4bf09d7f	9f50e2412228b800	16	640	16.00,247.92,137.70,30.60|270.91|9ab0cde2	34.00,702.35,112.89,17.68|716.64|4bf09d7f	940c8a2ea1083d55	18	661	16.00,247.92,137.70,30.60|270.91|9ab0cde2	34.00,607.00,112.89,23.80|624.35|4bf09d7f	2bb98b7d8886c461
444	HISTORICAL_AND_CURRENT_SOURCE	26	1052	16.00,247.92,214.20,30.60|270.91|cad42ce8	34.00,277.26,32.14,17.68|291.56|3cb7fd5f	fd71303a4d89de7b	26	1052	16.00,247.92,214.20,30.60|270.91|cad42ce8	34.00,277.26,32.14,17.68|291.56|3cb7fd5f	fe7dfe84c9032abf	29	1080	16.00,247.92,214.20,30.60|270.91|cad42ce8	34.00,369.00,32.14,23.80|386.35|3cb7fd5f	eee3c48d445c0b32
445	HISTORICAL_AND_CURRENT_SOURCE	22	811	16.00,247.92,168.30,30.60|270.91|7a948aa0	64.00,537.97,258.40,17.68|552.26|955d192a	3a7e8d50dca72aac	22	809	16.00,247.92,168.30,30.60|270.91|7a948aa0	64.00,537.97,258.40,17.68|552.26|955d192a	ed0c73ff36ee8e73	24	824	16.00,247.92,168.30,30.60|270.91|7a948aa0	64.00,581.40,258.40,23.80|598.75|955d192a	bf5a21e24cdae196
446	HISTORICAL_AND_CURRENT_SOURCE	2	58	16.00,247.92,30.60,30.60|270.91|4c79dee3	34.00,585.86,120.88,17.68|600.15|1340f1a3	c67d786bacd667ed	2	58	16.00,247.92,30.60,30.60|270.91|4c79dee3	34.00,585.86,120.88,17.68|600.15|1340f1a3	58724adf0b16a67d	2	59	16.00,247.92,30.60,30.60|270.91|4c79dee3	34.00,758.20,120.88,23.80|775.55|1340f1a3	23cc0514ab73eb62
447	UNCHANGED	1	9	99.84,158.40,17.00,20.40|174.53|af50a0fe	32.30,293.61,25.50,28.49|316.62|c7cce240	f796ef9b1804547e	1	9	99.84,158.40,17.00,20.40|174.53|af50a0fe	32.30,293.61,25.50,28.49|316.62|c7cce240	f796ef9b1804547e	1	9	99.84,158.40,17.00,20.40|174.53|af50a0fe	32.30,293.61,25.50,28.49|316.62|c7cce240	f796ef9b1804547e
448	UNCHANGED	2	30	15.66,232.90,357.00,22.10|249.33|c8dce879	15.66,78.30,238.00,22.10|94.73|a6627293	c65116e3991db83d	2	30	15.66,232.90,357.00,22.10|249.33|c8dce879	15.66,78.30,238.00,22.10|94.73|a6627293	c65116e3991db83d	2	30	15.66,232.90,357.00,22.10|249.33|c8dce879	15.66,78.30,238.00,22.10|94.73|a6627293	c65116e3991db83d
449	HISTORICAL_AND_CURRENT_SOURCE	4	139	16.00,247.92,137.70,30.60|270.91|99a29b4b	228.70,758.28,64.44,17.68|772.58|89e41723	1400e9417747acf5	4	138	16.00,247.92,137.70,30.60|270.91|99a29b4b	228.70,758.28,64.44,17.68|772.58|89e41723	4a19856d672376a7	5	143	16.00,247.92,137.70,30.60|270.91|99a29b4b	228.70,321.40,64.44,23.80|338.75|89e41723	07194edb2c296f03
450	HISTORICAL_AND_CURRENT_SOURCE	21	688	16.00,247.92,137.70,30.60|270.91|17a1c314	34.00,65.05,40.13,17.68|79.35|610ee1ac	3ad906f8ac99dbc4	21	688	16.00,247.92,137.70,30.60|270.91|17a1c314	34.00,65.05,40.13,17.68|79.35|610ee1ac	8d4964410731a263	23	709	16.00,247.92,137.70,30.60|270.91|17a1c314	34.00,321.40,40.13,23.80|338.75|610ee1ac	6e0cbbc2ef035ff3
451	HISTORICAL_AND_CURRENT_SOURCE	14	568	16.00,247.92,183.60,30.60|270.91|b8b594a3	34.00,793.44,145.03,17.68|807.73|101daff4	c26888726e1f287d	14	569	16.00,247.92,183.60,30.60|270.91|b8b594a3	34.00,793.44,145.03,17.68|807.73|101daff4	00cc3227e60ee6b3	16	590	16.00,247.92,183.60,30.60|270.91|b8b594a3	34.00,535.60,145.03,23.80|552.95|101daff4	48e8cd54942614e4
452	HISTORICAL_AND_CURRENT_SOURCE	8	295	16.00,247.92,214.20,30.60|270.91|22c2b9b7	183.70,507.16,64.44,17.68|521.45|b32a7340	94d9271bb5351649	8	295	16.00,247.92,214.20,30.60|270.91|22c2b9b7	183.70,507.16,64.44,17.68|521.45|b32a7340	327e5624805e6add	9	297	16.00,247.92,214.20,30.60|270.91|22c2b9b7	183.70,392.80,64.44,23.80|410.15|b32a7340	851f8bcba8f47f56
453	HISTORICAL_AND_CURRENT_SOURCE	7	223	16.00,247.92,137.70,30.60|270.91|ca3d0c72	34.00,383.23,193.64,17.68|397.52|1db16c02	42c97f1b1fb5cfc4	7	223	16.00,247.92,137.70,30.60|270.91|ca3d0c72	34.00,383.23,193.64,17.68|397.52|1db16c02	1bad9e5a27e3fd2d	8	228	16.00,247.92,137.70,30.60|270.91|ca3d0c72	34.00,59.60,193.64,23.80|76.95|1db16c02	3d1293d473b1e01b
454	UNCHANGED	1	9	99.84,158.40,17.00,20.40|174.53|af50a0fe	32.30,293.61,25.50,28.49|316.62|22babb02	000e0aa5a977b650	1	9	99.84,158.40,17.00,20.40|174.53|af50a0fe	32.30,293.61,25.50,28.49|316.62|22babb02	000e0aa5a977b650	1	9	99.84,158.40,17.00,20.40|174.53|af50a0fe	32.30,293.61,25.50,28.49|316.62|22babb02	000e0aa5a977b650
455	CURRENT_SOURCE_ONLY	2	60	16.00,247.92,137.70,30.60|270.91|673ee42e	34.00,410.41,48.29,17.68|424.70|72088983	135893295584757e	2	60	16.00,247.92,137.70,30.60|270.91|673ee42e	34.00,410.41,48.29,17.68|424.70|72088983	135893295584757e	2	60	16.00,247.92,137.70,30.60|270.91|673ee42e	34.00,470.90,48.29,23.80|488.25|72088983	de1fbe919f1e6881
456	HISTORICAL_AND_CURRENT_SOURCE	9	320	16.00,247.92,153.00,30.60|270.91|d234ab93	183.70,243.23,72.43,17.68|257.52|100af85f	13b4213963cc36f9	9	321	16.00,247.92,153.00,30.60|270.91|d234ab93	183.70,243.23,72.43,17.68|257.52|100af85f	bed72c313b2232e1	10	328	16.00,247.92,153.00,30.60|270.91|d234ab93	183.70,107.20,72.43,23.80|124.55|100af85f	9cfc005ac00cefc5
457	HISTORICAL_AND_CURRENT_SOURCE	14	550	16.00,247.92,137.70,30.60|270.91|673ee42e	34.00,666.32,241.77,17.68|680.61|e1ad00c3	3025f119610d2393	14	550	16.00,247.92,137.70,30.60|270.91|673ee42e	34.00,666.32,241.77,17.68|680.61|e1ad00c3	034392811e50040d	16	562	16.00,247.92,137.70,30.60|270.91|673ee42e	34.00,392.80,241.77,23.80|410.15|e1ad00c3	f16f9336751253dc
