# redchamber.tsv re-record attribution — 2026-09-23. Geometry and digests only; no book text.
# golden = 2026-09-02 (archived as redchamber-2026-09-02.tsv); c2 = 2026-09-09 state rebuilt from attribution-2026-09-09*.tsv; new = re-recorded golden.
# V050_LINE_BOX: switching only the 0.5.0 line-box formula back to 0.4.0 reproduces c2 exactly.
# V050_VERTICAL+HORIZONTAL_RESIDUAL: with line box, justify guard, zh-CN shaping language and word-wrap all switched back to 0.4.0, pages, text-fragment counts and first/last y/height equal c2; the listed residual stays.
spine	classification	state_on_0909	language_restores_counts	residual_after_050_revert	golden_pages	golden_fragments	c2_pages	c2_fragments	new_pages	new_fragments	golden_first	new_first	golden_last	new_last	golden_sha	c2_sha	new_sha
0	UNCHANGED	SAME_ON_0909	no	-	1	0	1	0	1	0	-	-	-	-	e3b0c44298fc1c14	e3b0c44298fc1c14	e3b0c44298fc1c14
1	UNCHANGED	SAME_ON_0909	no	-	1	1	1	1	1	1	19.25,29.00,4.35,22.10|46.09|abfbd10d	19.25,29.00,4.35,22.10|46.09|abfbd10d	19.25,29.00,4.35,22.10|46.09|abfbd10d	19.25,29.00,4.35,22.10|46.09|abfbd10d	cab0f027f7f89a6f	cab0f027f7f89a6f	cab0f027f7f89a6f
2	UNCHANGED	SAME_ON_0909	no	-	1	1	1	1	1	1	19.25,29.00,4.35,22.10|46.09|abfbd10d	19.25,29.00,4.35,22.10|46.09|abfbd10d	19.25,29.00,4.35,22.10|46.09|abfbd10d	19.25,29.00,4.35,22.10|46.09|abfbd10d	cab0f027f7f89a6f	cab0f027f7f89a6f	cab0f027f7f89a6f
3	UNCHANGED	SAME_ON_0909	no	-	1	1	1	1	1	1	19.25,29.00,4.35,22.10|46.09|abfbd10d	19.25,29.00,4.35,22.10|46.09|abfbd10d	19.25,29.00,4.35,22.10|46.09|abfbd10d	19.25,29.00,4.35,22.10|46.09|abfbd10d	cab0f027f7f89a6f	cab0f027f7f89a6f	cab0f027f7f89a6f
4	V050_VERTICAL+HORIZONTAL_RESIDUAL	DIFFERENT_ON_0909	no	x	12	26	12	26	12	26	130.59,29.85,17.69,23.21|47.80|0eb7ee7e	114.10,29.85,18.19,23.21|47.80|0eb7ee7e	164.64,543.80,60.72,19.12|558.80|0b539352	164.40,548.81,61.20,19.12|563.88|0b539352	7a2d43bb5d1e21f8	50c475d6380acc39	31ef6d0d439a9adc
5	V050_VERTICAL+HORIZONTAL_RESIDUAL	DIFFERENT_ON_0909	no	x	16	30	16	30	16	30	130.59,29.85,17.69,23.21|47.80|0eb7ee7e	114.10,29.85,18.19,23.21|47.80|0eb7ee7e	127.67,543.80,134.66,19.12|558.80|04f5ac78	129.25,548.81,131.50,19.12|563.88|04f5ac78	ffb6122ecc5b1a15	5e5fce8ab35edb09	c4a339a8785dc4a3
6	V050_VERTICAL+HORIZONTAL_RESIDUAL	DIFFERENT_ON_0909	no	x	19	33	19	33	19	33	130.59,29.85,17.69,23.21|47.80|0eb7ee7e	114.10,29.85,18.19,23.21|47.80|0eb7ee7e	164.64,543.80,60.72,19.12|558.80|f43252d7	164.40,548.81,61.20,19.12|563.88|f43252d7	ca5e78faf538bf79	6f516fd90d032acb	27e2525648d925a8
7	V050_VERTICAL+HORIZONTAL_RESIDUAL	DIFFERENT_ON_0909	no	x	10	24	10	24	10	24	130.59,29.85,17.69,23.21|47.80|0eb7ee7e	114.10,29.85,18.19,23.21|47.80|0eb7ee7e	164.64,543.80,60.72,19.12|558.80|6634b282	164.40,548.81,61.20,19.12|563.88|6634b282	59974dd47f2542b2	0eb028d29a27b741	bc0b66d8c9e00e21
8	V050_VERTICAL+HORIZONTAL_RESIDUAL	DIFFERENT_ON_0909	no	x	15	29	15	29	15	29	130.59,29.85,17.69,23.21|47.80|0eb7ee7e	114.10,29.85,18.19,23.21|47.80|0eb7ee7e	164.64,543.80,60.72,19.12|558.80|6634b282	164.40,548.81,61.20,19.12|563.88|6634b282	461ee4fbfd5dc403	f44baa2325279633	fce8a3c79e84f919
9	V050_VERTICAL+HORIZONTAL_RESIDUAL	SAME_ON_0909	no	interior	8	264	8	264	8	264	175.45,208.61,39.10,29.32|229.27|668ca8fa	175.45,213.62,39.10,29.32|234.27|668ca8fa	37.66,715.70,161.50,22.10|732.20|65afb2ac	37.66,723.99,161.50,22.69|741.09|65afb2ac	3ebf43a5cc1111f0	3ebf43a5cc1111f0	0911b60278358676
10	V050_VERTICAL+HORIZONTAL_RESIDUAL	SAME_ON_0909	no	interior	5	130	5	130	5	130	126.58,208.61,136.85,29.32|229.27|afd55096	126.58,213.62,136.85,29.32|234.27|afd55096	294.25,129.30,76.50,22.10|145.73|c0d1b778	294.25,129.30,76.50,22.10|145.73|c0d1b778	5764e88c9423e9e8	5764e88c9423e9e8	8e1082a51b3398c3
11	V050_VERTICAL+HORIZONTAL_RESIDUAL	SAME_ON_0909	no	interior	3	88	3	88	3	88	136.35,208.61,117.30,29.32|229.27|fa5d77af	136.35,213.62,117.30,29.32|234.27|fa5d77af	183.75,737.90,187.00,22.10|754.33|8dd84b6e	183.75,737.90,187.00,22.10|754.33|8dd84b6e	7a036c13a5599357	7a036c13a5599357	5a47a1ffdff707b6
12	V050_VERTICAL+HORIZONTAL_RESIDUAL	SAME_ON_0909	no	interior	4	90	4	90	4	90	155.90,208.61,78.20,29.32|229.27|5a2e57ce	155.90,213.62,78.20,29.32|234.27|5a2e57ce	183.75,401.30,187.00,22.10|417.73|2d49cd75	183.75,401.30,187.00,22.10|417.73|2d49cd75	3ad99a69d0986451	3ad99a69d0986451	ce9f81b9d7441f94
13	UNCHANGED	SAME_ON_0909	no	-	1	1	1	1	1	1	19.25,29.00,4.35,22.10|46.09|abfbd10d	19.25,29.00,4.35,22.10|46.09|abfbd10d	19.25,29.00,4.35,22.10|46.09|abfbd10d	19.25,29.00,4.35,22.10|46.09|abfbd10d	cab0f027f7f89a6f	cab0f027f7f89a6f	cab0f027f7f89a6f
14	V050_LINE_BOX	SAME_ON_0909	no	-	1	5	1	5	1	5	164.02,146.87,61.97,33.28|171.52|f202e4c8	164.02,146.87,61.97,34.07|171.40|f202e4c8	103.20,213.43,183.60,33.28|237.95|1e0eb510	103.20,214.21,183.60,33.28|238.74|1e0eb510	de2eb00b5f195453	de2eb00b5f195453	d5f49e5a1edc3f08
15	V050_VERTICAL+HORIZONTAL_RESIDUAL	DIFFERENT_ON_0909	no	width	23	848	24	852	23	852	19.25,257.49,340.00,22.10|274.39|6c5c8508	19.25,262.50,351.51,22.10|279.39|6c5c8508	37.66,409.80,177.65,22.10|426.30|4a74da37	37.66,806.23,177.65,22.69|823.32|4a74da37	f75828eb40b1a3e8	eee20d2a6829aabd	fb3a9128fbd5ab31
16	V050_VERTICAL+HORIZONTAL_RESIDUAL	SAME_ON_0909	no	interior	2	40	2	40	2	40	164.02,146.87,61.97,33.28|171.52|3d5245c8	164.02,146.87,61.97,34.07|171.40|3d5245c8	37.66,188.80,258.40,22.10|205.30|e12b3302	37.66,216.23,258.40,22.69|233.32|e12b3302	32fa8190ce4f23a1	32fa8190ce4f23a1	911c9fd58955dc13
17	V050_VERTICAL+HORIZONTAL_RESIDUAL	DIFFERENT_ON_0909	yes	width	16	589	17	595	17	594	19.25,257.49,337.49,22.10|274.59|391c3e45	19.25,262.50,351.51,22.10|279.59|391c3e45	37.66,454.00,48.45,22.10|470.50|2e0d98ef	37.66,34.69,48.45,22.69|51.79|2e0d98ef	da4c1490739bca29	56d837b8f94ea5b4	84044114d4e9e3d3
18	V050_LINE_BOX	SAME_ON_0909	no	-	1	7	1	7	1	7	164.02,146.87,61.97,33.28|171.52|d9a00705	164.02,146.87,61.97,34.07|171.40|d9a00705	37.66,313.90,261.21,22.10|330.40|4a31766f	37.66,314.69,261.21,22.69|331.78|4a31766f	5f9ea5344b4bccc7	5f9ea5344b4bccc7	f5934a4fdf28e9e6
19	V050_VERTICAL+HORIZONTAL_RESIDUAL	DIFFERENT_ON_0909	yes	width	22	823	23	835	23	827	19.25,257.49,337.49,22.10|274.59|9f16f1b1	19.25,262.50,351.51,22.10|279.59|9f16f1b1	37.66,542.40,215.18,22.10|558.90|1b657007	37.66,12.00,215.18,22.69|29.09|1b657007	75819c64fe1923b3	dea7acc33da9920b	ea79f7485e85c727
20	V050_VERTICAL+HORIZONTAL_RESIDUAL	SAME_ON_0909	no	interior	1	15	1	15	1	15	164.02,146.87,61.97,33.28|171.52|c5ca50bf	164.02,146.87,61.97,34.07|171.40|c5ca50bf	37.66,490.70,193.80,22.10|507.20|ff032817	37.66,496.23,193.80,22.69|513.32|ff032817	1f5bb39ed7f2355f	1f5bb39ed7f2355f	e9da7c79ee41a18c
21	V050_VERTICAL+HORIZONTAL_RESIDUAL	DIFFERENT_ON_0909	yes	width	14	517	15	521	14	519	19.25,257.49,303.55,22.10|274.59|c02273d0	19.25,262.50,320.58,23.80|280.52|c02273d0	37.66,498.20,290.70,22.10|514.70|1f9c0ff8	37.66,715.46,290.70,22.69|732.56|1f9c0ff8	6d4bce5c96117f0d	0f0270a1788a55bd	648695befad21c3d
22	V050_VERTICAL+HORIZONTAL_RESIDUAL	SAME_ON_0909	no	interior	1	14	1	14	1	14	164.02,146.87,61.97,33.28|171.52|a3931705	164.02,146.87,61.97,34.07|171.40|a3931705	37.66,468.60,48.45,22.10|485.10|bc81da20	37.66,473.54,48.45,22.69|490.63|bc81da20	4f10f6fc7a4c9232	4f10f6fc7a4c9232	2eab3e7867e3ca5e
23	V050_VERTICAL+HORIZONTAL_RESIDUAL	DIFFERENT_ON_0909	yes	width	28	991	29	1005	29	994	19.25,257.49,337.02,22.10|274.59|2b23d450	19.25,262.50,351.51,22.10|279.59|2b23d450	37.66,321.40,209.95,22.10|337.90|07f96915	37.66,12.00,209.95,22.69|29.09|07f96915	d587fc800eff3e2a	6d7b5b8d54009927	4f69f95a1065c5e8
24	V050_VERTICAL+HORIZONTAL_RESIDUAL	SAME_ON_0909	no	interior	1	8	1	8	1	8	164.02,146.87,61.97,33.28|171.52|adf144d0	164.02,146.87,61.97,34.07|171.40|adf144d0	37.66,358.10,258.40,22.10|374.60|6232697a	37.66,360.08,258.40,22.69|377.17|6232697a	64b295e29640483c	64b295e29640483c	de13782d403605f4
25	V050_VERTICAL+HORIZONTAL_RESIDUAL	DIFFERENT_ON_0909	yes	width	14	489	15	494	14	491	19.25,257.49,337.25,22.10|274.59|fef9cbef	19.25,262.50,351.51,22.10|279.59|fef9cbef	37.66,321.40,96.90,22.10|337.90|6b9cb9e7	37.66,488.54,96.90,22.69|505.63|6b9cb9e7	f74a0dd36535893c	1cb0b710af5ba561	318fddcc2f987401
26	V050_VERTICAL+HORIZONTAL_RESIDUAL	SAME_ON_0909	no	interior	1	9	1	9	1	9	164.02,146.87,61.97,33.28|171.52|837fb4fa	164.02,146.87,61.97,34.07|171.40|837fb4fa	37.66,380.20,129.20,22.10|396.70|bd9fe5e8	37.66,382.77,129.20,22.69|399.86|bd9fe5e8	5172973abf2b5f91	5172973abf2b5f91	d7cd46f0f220bbdf
27	V050_VERTICAL+HORIZONTAL_RESIDUAL	DIFFERENT_ON_0909	yes	width	14	502	15	509	14	503	19.25,257.49,337.25,22.10|274.59|a044aa87	19.25,262.50,351.51,22.10|279.59|a044aa87	37.66,498.20,290.70,22.10|514.70|21be26c8	37.66,738.15,290.70,22.69|755.25|21be26c8	433a54911e597e4a	5f0d4166c001461a	28f09d57dcd2a5b5
28	V050_VERTICAL+HORIZONTAL_RESIDUAL	SAME_ON_0909	no	interior	1	8	1	8	1	8	164.02,146.87,61.97,33.28|171.52|1a82d0d0	164.02,146.87,61.97,34.07|171.40|1a82d0d0	37.66,358.10,129.20,22.10|374.60|6b6324c9	37.66,360.08,129.20,22.69|377.17|6b6324c9	b2c1a6a97863a82c	b2c1a6a97863a82c	36b940536ac24157
29	V050_VERTICAL+HORIZONTAL_RESIDUAL	DIFFERENT_ON_0909	yes	width	13	442	14	450	14	448	19.25,257.49,303.78,22.10|274.59|a7dea468	19.25,262.50,320.58,23.80|280.52|a7dea468	37.66,785.50,96.90,22.10|802.00|eeed701e	37.66,57.38,96.90,22.69|74.48|eeed701e	fd571c294e7ce51f	07c1c33b52d71034	97926244bfc9c473
30	V050_LINE_BOX	SAME_ON_0909	no	-	1	5	1	5	1	5	164.02,146.87,61.97,33.28|171.52|60bdccd2	164.02,146.87,61.97,34.07|171.40|60bdccd2	103.20,213.43,183.60,33.28|237.95|07ffb2c7	103.20,214.21,183.60,33.28|238.74|07ffb2c7	8fe1e69c5e6bd3cc	8fe1e69c5e6bd3cc	3f7b52849305af5f
31	V050_VERTICAL+HORIZONTAL_RESIDUAL	DIFFERENT_ON_0909	yes	width	12	414	12	414	12	412	19.25,257.49,320.17,22.10|274.59|6c8ed029	19.25,262.50,351.51,22.10|279.59|6c8ed029	37.66,12.00,177.65,22.10|28.50|f6878b05	37.66,170.85,177.65,22.69|187.94|f6878b05	92abf2972fac2ae9	d9ad73f61d8ec07b	92ce63e135650c8d
32	V050_LINE_BOX	SAME_ON_0909	no	-	1	5	1	5	1	5	164.02,146.87,61.97,33.28|171.52|5b110e6e	164.02,146.87,61.97,34.07|171.40|5b110e6e	103.20,213.43,183.60,33.28|237.95|5e4ec501	103.20,214.21,183.60,33.28|238.74|5e4ec501	b916b9dd5f75cb17	b916b9dd5f75cb17	b2413e4e64b54fb6
33	V050_VERTICAL+HORIZONTAL_RESIDUAL	DIFFERENT_ON_0909	yes	width	10	310	10	317	10	310	19.25,257.49,337.49,22.10|274.59|1f051d79	19.25,262.50,351.51,22.10|279.59|1f051d79	37.66,78.30,290.70,22.10|94.80|47e1ed86	37.66,102.77,290.70,22.69|119.86|47e1ed86	8515b0c8f22e03bf	b1224355a3128673	07a9e3e04c702ccf
34	V050_LINE_BOX	SAME_ON_0909	no	-	1	5	1	5	1	5	153.69,146.87,82.62,33.28|171.52|213e31e6	153.69,146.87,82.62,34.07|171.40|213e31e6	103.20,213.43,183.60,33.28|237.95|3dd8233d	103.20,214.21,183.60,33.28|238.74|3dd8233d	ceb7aefc7e027b80	ceb7aefc7e027b80	b0dee3351a95ba75
35	V050_VERTICAL+HORIZONTAL_RESIDUAL	DIFFERENT_ON_0909	yes	width	11	380	12	385	11	382	19.25,257.49,337.25,22.10|274.59|528b30fd	19.25,262.50,351.51,22.10|279.59|528b30fd	37.66,520.30,113.05,22.10|536.80|d6c7592a	37.66,624.69,113.05,22.69|641.79|d6c7592a	3a0b4dc1d6d77a7e	3e3c87927c8ec214	531503f3fa1b31fc
36	V050_LINE_BOX	SAME_ON_0909	no	-	1	5	1	5	1	5	153.69,146.87,82.62,33.28|171.52|a811e262	153.69,146.87,82.62,34.07|171.40|a811e262	103.20,213.43,183.60,33.28|237.95|55889c97	103.20,214.21,183.60,33.28|238.74|55889c97	e04427ccc1b4fcae	e04427ccc1b4fcae	c2aa550cb3335b06
37	V050_VERTICAL+HORIZONTAL_RESIDUAL	DIFFERENT_ON_0909	yes	width	8	274	9	279	8	277	19.25,257.49,349.11,22.10|274.59|c884bae8	19.25,262.50,351.51,22.10|279.59|59b4e8a9	37.66,542.40,306.85,22.10|558.90|038413d3	37.66,624.69,306.85,22.69|641.79|038413d3	bf4254f2f8f921ce	c44626d98e634b3d	bd25374a87d490e5
38	V050_LINE_BOX	SAME_ON_0909	no	-	1	6	1	6	1	6	153.69,146.87,82.62,33.28|171.52|8e58381f	153.69,146.87,82.62,34.07|171.40|8e58381f	37.66,313.90,258.40,22.10|330.40|c2a731e7	37.66,314.69,258.40,22.69|331.78|c2a731e7	1b74dccb8d2686c1	1b74dccb8d2686c1	8c6c95b4724f91cb
39	V050_VERTICAL+HORIZONTAL_RESIDUAL	DIFFERENT_ON_0909	yes	width	12	432	12	433	12	435	19.25,257.49,337.25,22.10|274.59|eb2f3863	19.25,262.50,351.51,22.10|279.59|eb2f3863	37.66,365.60,32.30,22.10|382.10|21d793dc	37.66,533.92,32.30,22.69|551.02|21d793dc	e91db06e1ccb6a0c	d0520e17c4d3e217	69a51f84a77cf354
40	V050_VERTICAL+HORIZONTAL_RESIDUAL	SAME_ON_0909	no	interior	1	12	1	12	1	12	153.69,146.87,82.62,33.28|171.52|597cb1f7	153.69,146.87,82.62,34.07|171.40|597cb1f7	37.66,402.30,193.80,22.10|418.80|2c2b8c46	37.66,405.46,193.80,22.69|422.55|2c2b8c46	75a77db97ce02140	75a77db97ce02140	d67a2bbbad3a2295
41	V050_VERTICAL+HORIZONTAL_RESIDUAL	DIFFERENT_ON_0909	yes	width	13	482	14	487	14	489	19.25,257.49,320.17,22.10|274.59|0a0657d4	19.25,262.50,351.51,22.10|279.59|0a0657d4	37.66,697.10,258.40,22.10|713.60|3aad480e	37.66,170.85,258.40,22.69|187.94|3aad480e	6d60cc74548cff7b	ace0a9e53fa4ec7a	92034c45f72a6483
42	V050_LINE_BOX	SAME_ON_0909	no	-	1	5	1	5	1	5	153.69,146.87,82.62,33.28|171.52|da8bb676	153.69,146.87,82.62,34.07|171.40|da8bb676	103.20,213.43,183.60,33.28|237.95|503cb708	103.20,214.21,183.60,33.28|238.74|503cb708	b22615d5dffd7bca	b22615d5dffd7bca	3e64f22033feda75
43	V050_VERTICAL+HORIZONTAL_RESIDUAL	DIFFERENT_ON_0909	yes	width	10	364	11	368	10	365	19.25,257.49,337.02,22.10|274.59|3a9364b9	19.25,262.50,351.51,22.10|279.59|3a9364b9	37.66,675.00,161.50,22.10|691.50|aee5b1c1	37.66,760.85,161.50,22.69|777.94|aee5b1c1	76d6f2f83216b520	90dadefb75c1f084	5451c278676a4459
44	V050_LINE_BOX	SAME_ON_0909	no	-	1	5	1	5	1	5	153.69,146.87,82.62,33.28|171.52|64e52e93	153.69,146.87,82.62,34.07|171.40|64e52e93	103.20,213.43,183.60,33.28|237.95|6b7c6ee1	103.20,214.21,183.60,33.28|238.74|6b7c6ee1	d31a54ca327283d2	d31a54ca327283d2	5345d2aa86a04b54
45	V050_VERTICAL+HORIZONTAL_RESIDUAL	DIFFERENT_ON_0909	yes	width	15	540	16	550	15	548	19.25,257.49,320.40,22.10|274.59|1bf116d3	19.25,262.50,351.51,22.10|279.59|1bf116d3	37.66,343.50,80.75,22.10|360.00|1ee57857	37.66,602.00,80.75,22.69|619.09|1ee57857	22697a65fb9acd6c	68df48d351f11ff5	0d35df1b879563c2
46	V050_VERTICAL+HORIZONTAL_RESIDUAL	SAME_ON_0909	no	interior	2	37	2	37	2	37	112.38,146.87,165.24,33.28|171.52|9a484323	112.38,146.87,165.24,34.07|171.40|9a484323	37.66,166.70,290.70,22.10|183.20|d5c22c70	37.66,193.54,290.70,22.69|210.63|d5c22c70	06b9cd069f0932ee	06b9cd069f0932ee	8b231bf89fb70ee8
47	V050_VERTICAL+HORIZONTAL_RESIDUAL	DIFFERENT_ON_0909	yes	width	41	1505	43	1513	42	1504	19.25,257.49,337.49,22.10|274.59|735f2bbd	19.25,262.50,351.51,22.10|279.59|735f2bbd	37.66,741.30,64.60,22.10|757.80|2001c869	37.66,624.69,64.60,22.69|641.79|2001c869	3781c9d4f5c6de03	94539f05905697c5	6fd8736cd1602293
48	V050_VERTICAL+HORIZONTAL_RESIDUAL	SAME_ON_0909	no	interior	1	18	1	18	1	18	153.69,146.87,82.62,33.28|171.52|321fe3d0	153.69,146.87,82.62,34.07|171.40|321fe3d0	37.66,579.10,290.70,22.10|595.60|1d7cdcca	37.66,587.00,290.70,22.69|604.09|1d7cdcca	991d63f725b35b1a	991d63f725b35b1a	6ab56f286400cecd
49	V050_VERTICAL+HORIZONTAL_RESIDUAL	DIFFERENT_ON_0909	yes	width	17	587	18	596	17	587	19.25,257.49,337.49,22.10|274.59|772c96a6	19.25,262.50,351.51,22.10|279.59|772c96a6	37.66,365.60,80.75,22.10|382.10|2a688f71	37.66,420.46,80.75,22.69|437.56|2a688f71	3586bd8ca4976c09	523de4562d502d80	f80f11a4cd963e43
50	V050_LINE_BOX	SAME_ON_0909	no	-	1	5	1	5	1	5	153.69,146.87,82.62,33.28|171.52|78f6976d	153.69,146.87,82.62,34.07|171.40|78f6976d	103.20,213.43,183.60,33.28|237.95|88f2ac92	103.20,214.21,183.60,33.28|238.74|88f2ac92	1e05f358cf4b0847	1e05f358cf4b0847	2e793642e4a611b9
51	V050_VERTICAL+HORIZONTAL_RESIDUAL	DIFFERENT_ON_0909	yes	width	10	313	10	320	10	314	19.25,257.49,347.98,22.10|274.59|e6354951	19.25,262.50,351.51,22.10|279.59|84659b5f	37.66,34.10,48.45,22.10|50.60|4e12d435	37.66,80.08,48.45,22.69|97.17|4e12d435	b4f915b6f1759d38	5921b0bdbaab4339	eda5e7e5d0b4393a
52	V050_LINE_BOX	SAME_ON_0909	no	-	1	5	1	5	1	5	143.36,146.87,103.28,33.28|171.52|8484ad27	143.36,146.87,103.28,34.07|171.40|8484ad27	103.20,213.43,183.60,33.28|237.95|174b75cb	103.20,214.21,183.60,33.28|238.74|174b75cb	616c3d5d607cd10a	616c3d5d607cd10a	6b4893bc15925c39
53	V050_VERTICAL+HORIZONTAL_RESIDUAL	DIFFERENT_ON_0909	yes	width	13	451	13	457	13	454	19.25,257.49,337.49,22.10|274.59|92edab6f	19.25,262.50,351.51,22.10|279.59|92edab6f	37.66,122.50,290.70,22.10|139.00|5c2cff48	37.66,329.69,290.70,22.69|346.79|5c2cff48	691f45152ba74e6c	176fb6536a9f5d69	f4a70fe6bf64c4ce
54	V050_LINE_BOX	SAME_ON_0909	no	-	1	5	1	5	1	5	143.36,146.87,103.28,33.28|171.52|ef3cf970	143.36,146.87,103.28,34.07|171.40|ef3cf970	103.20,213.43,183.60,33.28|237.95|ffe733d7	103.20,214.21,183.60,33.28|238.74|ffe733d7	44ca42796c2f51c7	44ca42796c2f51c7	c7e7cbae6cd787fd
55	V050_VERTICAL+HORIZONTAL_RESIDUAL	DIFFERENT_ON_0909	yes	width	19	653	20	663	19	657	19.25,257.49,337.25,22.10|274.59|3ce38a29	19.25,262.50,351.51,22.10|279.59|3ce38a29	37.66,365.60,64.60,22.10|382.10|56f86e8a	37.66,579.31,64.60,22.69|596.40|56f86e8a	4345c99603de8230	75af8c31af39d76d	abae3ef14c5b1073
56	V050_LINE_BOX	SAME_ON_0909	no	-	1	5	1	5	1	5	143.36,146.87,103.28,33.28|171.52|2345e80f	143.36,146.87,103.28,34.07|171.40|2345e80f	103.20,213.43,183.60,33.28|237.95|9b5a188b	103.20,214.21,183.60,33.28|238.74|9b5a188b	f86e51e2ab28d27a	f86e51e2ab28d27a	029bf30cc371cc14
57	V050_VERTICAL+HORIZONTAL_RESIDUAL	DIFFERENT_ON_0909	yes	width	14	471	15	477	14	474	19.25,257.49,337.25,22.10|274.59|1ea9ac33	19.25,262.50,351.51,22.10|279.59|1ea9ac33	37.66,409.80,113.05,22.10|426.30|be24e42e	37.66,602.00,113.05,22.69|619.09|be24e42e	767c61808df33d69	cfbec3cbb84ca42f	8d883960f9465613
58	V050_LINE_BOX	SAME_ON_0909	no	-	1	5	1	5	1	5	143.36,146.87,103.28,33.28|171.52|95c8c325	143.36,146.87,103.28,34.07|171.40|95c8c325	103.20,213.43,183.60,33.28|237.95|23d6bd5e	103.20,214.21,183.60,33.28|238.74|23d6bd5e	55f9719203b52014	55f9719203b52014	43ba7069f1fcee75
59	V050_VERTICAL+HORIZONTAL_RESIDUAL	DIFFERENT_ON_0909	yes	width	15	510	16	519	15	512	19.25,257.49,337.49,22.10|274.59|f94ee5ca	19.25,262.50,351.51,22.10|279.59|f94ee5ca	37.66,233.00,113.05,22.10|249.50|8edacb9f	37.66,375.08,113.05,22.69|392.17|8edacb9f	0700e267c84a2b99	e0396a5647229dc7	9c3f3be6c05ab9b0
60	V050_LINE_BOX	SAME_ON_0909	no	-	1	5	1	5	1	5	143.36,146.87,103.28,33.28|171.52|8bd3db78	143.36,146.87,103.28,34.07|171.40|8bd3db78	103.20,213.43,183.60,33.28|237.95|8537833e	103.20,214.21,183.60,33.28|238.74|8537833e	ac927cfe7b81ada1	ac927cfe7b81ada1	aee6ce58cc3b4c92
61	V050_VERTICAL+HORIZONTAL_RESIDUAL	DIFFERENT_ON_0909	yes	width	16	541	17	553	16	547	19.25,257.49,337.72,22.10|274.59|e5575ab6	19.25,262.50,351.51,22.10|279.59|e5575ab6	37.66,343.50,113.05,22.10|360.00|1d77731e	37.66,533.92,113.05,22.69|551.02|1d77731e	2c922347c08103e5	e095015f9fbab565	1690d71cb8ac567e
62	V050_LINE_BOX	SAME_ON_0909	no	-	1	5	1	5	1	5	143.36,146.87,103.28,33.28|171.52|b4e4b52b	143.36,146.87,103.28,34.07|171.40|b4e4b52b	103.20,213.43,183.60,33.28|237.95|42eeaeba	103.20,214.21,183.60,33.28|238.74|42eeaeba	0b25117843b58475	0b25117843b58475	1cb731bc6f971f12
63	V050_VERTICAL+HORIZONTAL_RESIDUAL	DIFFERENT_ON_0909	yes	width	13	427	14	437	13	430	19.25,257.49,320.40,22.10|274.59|af8d0f4f	19.25,262.50,351.51,22.10|279.59|af8d0f4f	37.66,365.60,258.40,22.10|382.10|9e9da15d	37.66,397.77,258.40,22.69|414.86|9e9da15d	e69e13a865428524	3b6563f4fe816740	14ab757a8c6affe1
64	V050_VERTICAL+HORIZONTAL_RESIDUAL	SAME_ON_0909	no	interior	1	8	1	8	1	8	143.36,146.87,103.28,33.28|171.52|22a1a1f8	143.36,146.87,103.28,34.07|171.40|22a1a1f8	37.66,358.10,242.25,22.10|374.60|86874776	37.66,360.08,242.25,22.69|377.17|86874776	ae4dcbb538320ece	ae4dcbb538320ece	41db0e33e82b2e96
65	V050_VERTICAL+HORIZONTAL_RESIDUAL	DIFFERENT_ON_0909	yes	width	13	380	13	388	13	382	19.25,257.49,337.49,22.10|274.59|4b48fad4	19.25,262.50,351.51,22.10|279.59|4b48fad4	37.66,34.10,64.60,22.10|50.60|1b4eb842	37.66,125.46,64.60,22.69|142.55|1b4eb842	90097ab9b58ecd55	a7fb6ec93aa8aa6e	f6d7b0c45c614f8a
66	V050_LINE_BOX	SAME_ON_0909	no	-	1	5	1	5	1	5	143.36,146.87,103.28,33.28|171.52|b12f8706	143.36,146.87,103.28,34.07|171.40|b12f8706	103.20,213.43,183.60,33.28|237.95|32ff55df	103.20,214.21,183.60,33.28|238.74|32ff55df	2de2f967f7c086cf	2de2f967f7c086cf	1bc34ceef0fe7de9
67	V050_VERTICAL+HORIZONTAL_RESIDUAL	DIFFERENT_ON_0909	yes	width	20	686	22	689	21	681	19.25,257.49,337.25,22.10|274.59|abbc4608	19.25,262.50,351.51,22.10|279.59|abbc4608	37.66,719.20,161.50,22.10|735.70|5b804aca	37.66,57.38,161.50,22.69|74.48|5b804aca	a2888212327571bd	3759ad95dd766426	1f1ae5a151675ae2
68	V050_LINE_BOX	SAME_ON_0909	no	-	1	5	1	5	1	5	143.36,146.87,103.28,33.28|171.52|5697aded	143.36,146.87,103.28,34.07|171.40|5697aded	103.20,213.43,183.60,33.28|237.95|917412dc	103.20,214.21,183.60,33.28|238.74|917412dc	bab4277ee4874b98	bab4277ee4874b98	73a1894dff082a46
69	V050_VERTICAL+HORIZONTAL_RESIDUAL	DIFFERENT_ON_0909	no	width	16	553	17	560	16	560	19.25,257.49,320.40,22.10|274.59|712da70c	19.25,262.50,351.51,22.10|279.59|712da70c	37.66,210.90,161.50,22.10|227.40|45431a1f	37.66,556.62,161.50,22.69|573.71|45431a1f	33bc57d91cc615c0	714fceeff2464ace	102aefac40114f78
70	V050_VERTICAL+HORIZONTAL_RESIDUAL	SAME_ON_0909	no	interior	1	10	1	10	1	10	153.69,146.87,82.62,33.28|171.52|f1fe7422	153.69,146.87,82.62,34.07|171.40|f1fe7422	37.66,380.20,226.10,22.10|396.70|80a4eb31	37.66,382.77,226.10,22.69|399.86|80a4eb31	3a3711f48f3e3219	3a3711f48f3e3219	f8c2c8cf6314351a
71	V050_VERTICAL+HORIZONTAL_RESIDUAL	DIFFERENT_ON_0909	yes	width	10	343	11	347	10	345	19.25,257.49,337.49,22.10|274.59|441cc0fc	19.25,262.50,351.51,22.10|279.59|441cc0fc	69.47,741.30,227.04,22.10|758.65|6a875916	69.47,783.54,227.04,22.69|800.63|6a875916	4d44afdd22de32d1	12aa25f88cef61db	3ad41cb9d84a7a5e
72	V050_VERTICAL+HORIZONTAL_RESIDUAL	SAME_ON_0909	no	interior	1	11	1	11	1	11	143.36,146.87,103.28,33.28|171.52|cbea83c8	143.36,146.87,103.28,34.07|171.40|cbea83c8	37.66,424.40,290.70,22.10|440.90|54726239	37.66,428.15,290.70,22.69|445.25|54726239	1856625cfb8f5d0d	1856625cfb8f5d0d	ca6a3d59e3e1123b
73	V050_VERTICAL+HORIZONTAL_RESIDUAL	DIFFERENT_ON_0909	yes	width	13	438	14	446	14	442	19.25,257.49,337.25,22.10|274.59|2b643c7e	19.25,262.50,351.51,22.10|279.59|2b643c7e	37.66,719.20,311.00,22.10|735.70|0b6268f1	37.66,80.08,311.00,22.69|97.17|0b6268f1	fa19faea95f09de9	63cb6914bb1ef8a1	1441b28ca3fe5701
74	V050_LINE_BOX	SAME_ON_0909	no	-	1	5	1	5	1	5	143.36,146.87,103.28,33.28|171.52|5349bec1	143.36,146.87,103.28,34.07|171.40|5349bec1	103.20,213.43,183.60,33.28|237.95|cd98206b	103.20,214.21,183.60,33.28|238.74|cd98206b	8115bb12d2e44f54	8115bb12d2e44f54	f45d46bf882da04f
75	V050_VERTICAL+HORIZONTAL_RESIDUAL	DIFFERENT_ON_0909	yes	width	10	331	11	335	10	333	19.25,257.49,337.49,22.10|274.59|d7b9763d	19.25,262.50,351.51,22.10|279.59|d7b9763d	37.66,431.90,209.95,22.10|448.40|c11d43b4	37.66,488.54,209.95,22.69|505.63|c11d43b4	57f75ea015ef3a1d	f55e186bd5dcd93f	0f540e7dd348831a
76	V050_VERTICAL+HORIZONTAL_RESIDUAL	SAME_ON_0909	no	interior	1	9	1	9	1	9	143.36,146.87,103.28,33.28|171.52|71719c32	143.36,146.87,103.28,34.07|171.40|71719c32	37.66,358.10,277.40,22.10|374.79|5b482bc5	37.66,360.08,277.40,22.69|377.17|5b482bc5	c5d9df3a1423a491	c5d9df3a1423a491	82f1857640740c63
77	V050_VERTICAL+HORIZONTAL_RESIDUAL	DIFFERENT_ON_0909	yes	width	9	286	10	288	9	289	19.25,257.49,337.25,22.10|274.59|a689428c	19.25,262.50,351.51,22.10|279.59|a689428c	37.66,454.00,209.95,22.10|470.50|d692a46d	37.66,533.92,209.95,22.69|551.02|d692a46d	0586a87f889fa2f9	acd119dde5006106	47268ea0979736e9
78	V050_LINE_BOX	SAME_ON_0909	no	-	1	5	1	5	1	5	143.36,146.87,103.28,33.28|171.52|3b9a4979	143.36,146.87,103.28,34.07|171.40|3b9a4979	103.20,213.43,183.60,33.28|237.95|15507404	103.20,214.21,183.60,33.28|238.74|15507404	c2b52e046aed4ded	c2b52e046aed4ded	d546f3957c63851f
79	V050_VERTICAL+HORIZONTAL_RESIDUAL	DIFFERENT_ON_0909	yes	width	13	414	14	416	13	412	19.25,257.49,337.25,22.10|274.59|972efb60	19.25,262.50,351.51,22.10|279.59|972efb60	37.66,387.70,161.50,22.10|404.20|d51bea4b	37.66,375.08,161.50,22.69|392.17|d51bea4b	6a9dcb1b09c133e5	45043f8feb29a075	e8eb6cf75672e540
80	V050_LINE_BOX	SAME_ON_0909	no	-	1	5	1	5	1	5	143.36,146.87,103.28,33.28|171.52|b5cc3e58	143.36,146.87,103.28,34.07|171.40|b5cc3e58	103.20,213.43,183.60,33.28|237.95|e206bae6	103.20,214.21,183.60,33.28|238.74|e206bae6	7356d56587da11f7	7356d56587da11f7	0fa80cf35d7152c5
81	V050_VERTICAL+HORIZONTAL_RESIDUAL	DIFFERENT_ON_0909	yes	width	13	438	14	452	13	440	19.25,257.49,337.25,22.10|274.59|9cb22254	19.25,262.50,351.51,22.10|279.59|9cb22254	37.66,564.50,209.95,22.10|581.00|8300745f	37.66,602.00,209.95,22.69|619.09|8300745f	b11b072318bb2577	4e47c5b750180d36	aacc3dedb1c1b8fc
82	V050_VERTICAL+HORIZONTAL_RESIDUAL	SAME_ON_0909	no	interior	1	10	1	10	1	10	143.36,146.87,103.28,33.28|171.52|f08001a3	143.36,146.87,103.28,34.07|171.40|f08001a3	37.66,380.20,48.45,22.10|396.70|4e12d435	37.66,382.77,48.45,22.69|399.86|4e12d435	c554f1a4b478f5eb	c554f1a4b478f5eb	075095d83bb48d66
83	V050_VERTICAL+HORIZONTAL_RESIDUAL	DIFFERENT_ON_0909	yes	width	12	400	13	409	12	404	19.25,257.49,337.25,22.10|274.59|f260509e	19.25,262.50,351.51,22.10|279.59|f260509e	37.66,564.50,290.70,22.10|581.00|070d981c	37.66,647.39,290.70,22.69|664.48|070d981c	6897171a0cf472d8	bb1f545e7251eee0	454e185fcd78cd7b
84	V050_LINE_BOX	SAME_ON_0909	no	-	1	5	1	5	1	5	143.36,146.87,103.28,33.28|171.52|04b004df	143.36,146.87,103.28,34.07|171.40|04b004df	103.20,213.43,183.60,33.28|237.95|1fc0461b	103.20,214.21,183.60,33.28|238.74|1fc0461b	8814a7cc2cd7786a	8814a7cc2cd7786a	e98f1ade06d0eb27
85	V050_VERTICAL+HORIZONTAL_RESIDUAL	DIFFERENT_ON_0909	yes	width	21	691	22	699	21	690	19.25,257.49,151.66,22.10|274.59|521e3963	19.25,262.50,169.82,23.80|280.52|521e3963	37.66,122.50,193.80,22.10|139.00|d6d89c05	37.66,193.54,193.80,22.69|210.63|d6d89c05	289d53bf679cf91a	b0e446cec90c6901	6348617f7c13cff8
86	V050_LINE_BOX	SAME_ON_0909	no	-	1	5	1	5	1	5	143.36,146.87,103.28,33.28|171.52|a4184b68	143.36,146.87,103.28,34.07|171.40|a4184b68	103.20,213.43,183.60,33.28|237.95|dd419948	103.20,214.21,183.60,33.28|238.74|dd419948	d5ea0538bffbc374	d5ea0538bffbc374	a193791211173402
87	V050_VERTICAL+HORIZONTAL_RESIDUAL	DIFFERENT_ON_0909	yes	width	20	641	20	646	20	642	19.25,257.49,337.49,22.10|274.59|14b28147	19.25,262.50,351.51,22.10|279.59|14b28147	37.66,100.40,242.25,22.10|116.90|91953821	37.66,284.31,242.25,22.69|301.40|91953821	58c33ea52d75242e	981701e9bf3266d9	27226c4e4a507ad3
88	V050_VERTICAL+HORIZONTAL_RESIDUAL	SAME_ON_0909	no	interior	1	9	1	9	1	9	143.36,146.87,103.28,33.28|171.52|deec3113	143.36,146.87,103.28,34.07|171.40|deec3113	37.66,380.20,48.45,22.10|396.70|f99a77d2	37.66,382.77,48.45,22.69|399.86|f99a77d2	a4c458dfc98d0494	a4c458dfc98d0494	258420d7ff2d585d
89	V050_VERTICAL+HORIZONTAL_RESIDUAL	DIFFERENT_ON_0909	yes	width	12	392	12	400	12	394	19.25,257.49,349.11,22.10|274.59|58830021	19.25,262.50,351.51,22.10|279.59|08f9c1f4	37.66,144.60,226.10,22.10|161.10|84a004ca	37.66,261.62,226.10,22.69|278.71|84a004ca	53b122191cc7f966	066f0e7808a19e5e	0a1a065e6cee88aa
90	V050_VERTICAL+HORIZONTAL_RESIDUAL	SAME_ON_0909	no	interior	1	8	1	8	1	8	153.69,146.87,82.62,33.28|171.52|aa5ba2a7	153.69,146.87,82.62,34.07|171.40|aa5ba2a7	37.66,358.10,113.05,22.10|374.60|954a2eff	37.66,360.08,113.05,22.69|377.17|954a2eff	5078f07ff3689983	5078f07ff3689983	c66d80aa6b16baeb
91	V050_VERTICAL+HORIZONTAL_RESIDUAL	DIFFERENT_ON_0909	yes	width	20	693	21	706	20	695	19.25,257.49,337.49,22.10|274.59|76146feb	19.25,262.50,351.51,22.10|279.59|76146feb	37.66,56.20,113.05,22.10|72.70|c5a2e40c	37.66,307.00,113.05,22.69|324.09|c5a2e40c	b00cdb131c67f69d	ddb5b60ee9a6d2f2	657bc391c2dd35d7
92	V050_LINE_BOX	SAME_ON_0909	no	-	1	5	1	5	1	5	143.36,146.87,103.28,33.28|171.52|b49b6e41	143.36,146.87,103.28,34.07|171.40|b49b6e41	103.20,213.43,183.60,33.28|237.95|2fdc3014	103.20,214.21,183.60,33.28|238.74|2fdc3014	37c049a16f08e9d2	37c049a16f08e9d2	4b34b53bc7e8fd52
93	V050_VERTICAL+HORIZONTAL_RESIDUAL	DIFFERENT_ON_0909	yes	width	14	505	15	511	14	507	19.25,257.49,348.88,22.10|274.59|babb4e4a	19.25,262.50,351.51,22.10|279.59|484da847	37.66,520.30,161.50,22.10|536.80|47e6b58c	37.66,692.77,161.50,22.69|709.86|47e6b58c	210a6a7069a0dfe3	03f31f28eacb3bb6	b2babcf690dba69b
94	V050_VERTICAL+HORIZONTAL_RESIDUAL	SAME_ON_0909	no	interior	1	9	1	9	1	9	143.36,146.87,103.28,33.28|171.52|ec344bbf	143.36,146.87,103.28,34.07|171.40|ec344bbf	37.66,358.10,129.20,22.10|374.60|3f397004	37.66,360.08,129.20,22.69|377.17|3f397004	4b259b93d1717bdc	4b259b93d1717bdc	0f2f06384b972c25
95	V050_VERTICAL+HORIZONTAL_RESIDUAL	DIFFERENT_ON_0909	yes	width	16	572	17	577	16	575	19.25,257.49,337.72,22.10|274.59|3f1f9da6	19.25,262.50,351.51,22.10|279.59|3f1f9da6	37.66,498.20,242.25,22.10|514.70|e21ab316	37.66,579.31,242.25,22.69|596.40|e21ab316	3b711d77e7d9b105	0e41c08a49633516	33597df947997a2f
96	V050_LINE_BOX	SAME_ON_0909	no	-	1	5	1	5	1	5	143.36,146.87,103.28,33.28|171.52|89f69caf	143.36,146.87,103.28,34.07|171.40|89f69caf	103.20,213.43,183.60,33.28|237.95|72e318fd	103.20,214.21,183.60,33.28|238.74|72e318fd	111622df839743f6	111622df839743f6	e4058a79ea27261e
97	V050_VERTICAL+HORIZONTAL_RESIDUAL	DIFFERENT_ON_0909	yes	width	13	433	14	444	13	437	19.25,257.49,337.02,22.10|274.59|2a5f4318	19.25,262.50,351.51,22.10|279.59|2a5f4318	37.66,188.80,258.40,22.10|205.30|7b0dded3	37.66,307.00,258.40,22.69|324.09|7b0dded3	4f747190309a8d32	e15bd9ce73dafef3	32727c30a874f7e6
98	V050_LINE_BOX	SAME_ON_0909	no	-	1	5	1	5	1	5	143.36,146.87,103.28,33.28|171.52|1a587e90	143.36,146.87,103.28,34.07|171.40|1a587e90	103.20,213.43,183.60,33.28|237.95|3536a021	103.20,214.21,183.60,33.28|238.74|3536a021	f36a0a04d81c8008	f36a0a04d81c8008	7b6b06f541dbd71e
99	V050_VERTICAL+HORIZONTAL_RESIDUAL	DIFFERENT_ON_0909	yes	width	12	393	12	401	12	397	19.25,257.49,326.86,22.10|274.59|eeab3c1e	19.25,262.50,351.51,22.10|279.59|eeab3c1e	37.66,100.40,274.55,22.10|116.90|4e4da819	37.66,238.92,274.55,22.69|256.02|4e4da819	ff61630db4fae0d8	d6617508b7558ed4	f593726840deb0a2
100	V050_VERTICAL+HORIZONTAL_RESIDUAL	SAME_ON_0909	no	interior	1	9	1	9	1	9	143.36,146.87,103.28,33.28|171.52|439984cb	143.36,146.87,103.28,34.07|171.40|439984cb	37.66,358.10,113.50,22.10|374.60|0ef0ef65	37.66,360.08,113.50,22.69|377.17|0ef0ef65	d972114521581a72	d972114521581a72	72e447c4ddcb29b3
101	V050_VERTICAL+HORIZONTAL_RESIDUAL	DIFFERENT_ON_0909	yes	width	16	554	17	562	16	555	19.25,257.49,134.81,22.10|274.59|860e9cdb	19.25,262.50,147.22,23.80|280.52|860e9cdb	37.66,78.30,32.30,22.10|94.80|002c2b82	37.66,238.92,32.30,22.69|256.02|002c2b82	a3bb8502a69acc81	64d86116f1ca8008	64c5651b3e8ddec4
102	V050_LINE_BOX	SAME_ON_0909	no	-	1	5	1	5	1	5	143.36,146.87,103.28,33.28|171.52|4bbe2bda	143.36,146.87,103.28,34.07|171.40|4bbe2bda	103.20,213.43,183.60,33.28|237.95|10cc567e	103.20,214.21,183.60,33.28|238.74|10cc567e	ca27ff1006e48af7	ca27ff1006e48af7	6e357ef94124a23a
103	V050_VERTICAL+HORIZONTAL_RESIDUAL	DIFFERENT_ON_0909	yes	width	14	476	15	485	14	479	19.25,257.49,337.49,22.10|274.59|8e46fb7d	19.25,262.50,351.51,22.10|279.59|8e46fb7d	37.66,564.50,145.35,22.10|581.00|48adaa95	37.66,670.08,145.35,22.69|687.17|48adaa95	c822fc54ee3d053c	3ee29a3a7790bf54	1aec0a60d305262b
104	V050_LINE_BOX	SAME_ON_0909	no	-	1	5	1	5	1	5	143.36,146.87,103.28,33.28|171.52|2640d483	143.36,146.87,103.28,34.07|171.40|2640d483	103.20,213.43,183.60,33.28|237.95|7e5fe299	103.20,214.21,183.60,33.28|238.74|7e5fe299	1925be3a4d7086de	1925be3a4d7086de	f4e9b6d401ef086c
105	V050_VERTICAL+HORIZONTAL_RESIDUAL	DIFFERENT_ON_0909	yes	width	13	442	14	446	13	441	19.25,257.49,337.49,22.10|274.59|989e306f	19.25,262.50,351.51,22.10|279.59|989e306f	37.66,233.00,80.75,22.10|249.50|2a688f71	37.66,307.00,80.75,22.69|324.09|2a688f71	749ba2b82546d947	0051c68e265f728a	bd1fef0e06230323
106	V050_VERTICAL+HORIZONTAL_RESIDUAL	SAME_ON_0909	no	interior	1	8	1	8	1	8	143.36,146.87,103.28,33.28|171.52|0fcc29e2	143.36,146.87,103.28,34.07|171.40|0fcc29e2	37.66,358.10,32.30,22.10|374.60|457a5316	37.66,360.08,32.30,22.69|377.17|457a5316	32ca34b15f4053ef	32ca34b15f4053ef	f80cf2c3e7d94a69
107	V050_VERTICAL+HORIZONTAL_RESIDUAL	DIFFERENT_ON_0909	yes	width	14	473	15	472	14	468	19.25,257.49,320.64,22.10|274.59|287f5912	19.25,262.50,351.51,22.10|279.59|287f5912	37.66,255.10,193.80,22.10|271.60|d5b7cc9b	37.66,329.69,193.80,22.69|346.79|d5b7cc9b	36c08b19731013ce	818274907f5a447c	95721040703e5d51
108	V050_LINE_BOX	SAME_ON_0909	no	-	1	5	1	5	1	5	143.36,146.87,103.28,33.28|171.52|4a6d8c01	143.36,146.87,103.28,34.07|171.40|4a6d8c01	103.20,213.43,183.60,33.28|237.95|5f51d3ca	103.20,214.21,183.60,33.28|238.74|5f51d3ca	b3a3e57f72883080	b3a3e57f72883080	0f659f4bbcec6fc2
109	V050_VERTICAL+HORIZONTAL_RESIDUAL	DIFFERENT_ON_0909	yes	width	15	528	16	538	15	532	19.25,257.49,349.11,22.10|274.59|b6a83d5b	19.25,262.50,351.51,22.10|279.59|3e92a7dc	37.66,498.20,129.20,22.10|514.70|9b681972	37.66,738.15,129.20,22.69|755.25|9b681972	874fee4775d10cde	2966952a8ce1480e	f55495330a53f6ac
110	V050_VERTICAL+HORIZONTAL_RESIDUAL	SAME_ON_0909	no	interior	1	7	1	7	1	7	153.69,146.87,82.62,33.28|171.52|b06dafb2	153.69,146.87,82.62,34.07|171.40|b06dafb2	37.66,336.00,161.50,22.10|352.50|cd0a983d	37.66,337.38,161.50,22.69|354.48|cd0a983d	83ce0b3cba2398dd	83ce0b3cba2398dd	d34ca19dd68f582c
111	V050_VERTICAL+HORIZONTAL_RESIDUAL	DIFFERENT_ON_0909	yes	width	25	758	25	765	25	757	19.25,257.49,315.41,22.10|274.59|659be91f	19.25,262.50,351.42,22.10|279.59|6d605c15	37.66,277.20,80.75,22.10|293.70|7332cd14	37.66,420.46,80.75,22.69|437.56|7332cd14	8fdc8fe26a75eb2a	33d46fb1d6d79d3b	14a4f41329ceb19e
112	V050_VERTICAL+HORIZONTAL_RESIDUAL	SAME_ON_0909	no	interior	1	7	1	7	1	7	143.36,146.87,103.28,33.28|171.52|399d64f0	143.36,146.87,103.28,34.07|171.40|399d64f0	37.66,336.00,274.55,22.10|352.50|a8972cd7	37.66,337.38,274.55,22.69|354.48|a8972cd7	9588fcb2374d6415	9588fcb2374d6415	d28622fe2e43c476
113	V050_VERTICAL+HORIZONTAL_RESIDUAL	DIFFERENT_ON_0909	yes	width	17	622	18	629	18	623	19.25,257.49,320.17,22.10|274.59|5b0c769e	19.25,262.50,351.51,22.10|279.59|5b0c769e	37.66,697.10,96.90,22.10|713.60|6bcfd443	37.66,80.08,96.90,22.69|97.17|6bcfd443	5c460621b423be2b	e06999b79d234b55	5d78da67c3311188
114	V050_LINE_BOX	SAME_ON_0909	no	-	1	5	1	5	1	5	143.36,146.87,103.28,33.28|171.52|1f13b24b	143.36,146.87,103.28,34.07|171.40|1f13b24b	103.20,213.43,183.60,33.28|237.95|f5c8d2f2	103.20,214.21,183.60,33.28|238.74|f5c8d2f2	911dfb8cfacbe15f	911dfb8cfacbe15f	f7ec5fbe1a800c56
115	V050_VERTICAL+HORIZONTAL_RESIDUAL	DIFFERENT_ON_0909	yes	width	15	485	16	498	15	491	19.25,257.49,349.34,22.10|274.59|a577967c	19.25,262.50,351.51,22.10|279.59|f92ceb21	37.66,56.20,80.75,22.10|72.70|1e1276bc	37.66,193.54,80.75,22.69|210.63|1e1276bc	070c1bf606701a8a	a73c8e6aba9bc1b2	9bc40ed16fe7ce98
116	V050_LINE_BOX	SAME_ON_0909	no	-	1	5	1	5	1	5	143.36,146.87,103.28,33.28|171.52|00ddd8f8	143.36,146.87,103.28,34.07|171.40|00ddd8f8	103.20,213.43,183.60,33.28|237.95|295a44ac	103.20,214.21,183.60,33.28|238.74|295a44ac	e413f506c84f6a5f	e413f506c84f6a5f	fd0ade41f8b01e52
117	V050_VERTICAL+HORIZONTAL_RESIDUAL	DIFFERENT_ON_0909	yes	width	17	575	18	584	17	579	19.25,257.49,320.40,22.10|274.59|86b78805	19.25,262.50,351.51,22.10|279.59|86b78805	37.66,34.10,290.64,22.10|50.60|d127ec63	37.66,261.62,290.64,22.69|278.71|d127ec63	b914e5fc93cfc29a	5b3813cf05adf850	9609bf36d8205bb7
118	V050_LINE_BOX	SAME_ON_0909	no	-	1	5	1	5	1	5	143.36,146.87,103.28,33.28|171.52|9aef70bf	143.36,146.87,103.28,34.07|171.40|9aef70bf	103.20,213.43,183.60,33.28|237.95|47434297	103.20,214.21,183.60,33.28|238.74|47434297	43a2847aa025b253	43a2847aa025b253	adaa85343fe501db
119	V050_VERTICAL+HORIZONTAL_RESIDUAL	DIFFERENT_ON_0909	yes	width	16	565	17	574	16	564	19.25,257.49,337.25,22.10|274.59|d437c184	19.25,262.50,351.51,22.10|279.59|d437c184	37.66,564.50,274.55,22.10|581.00|a4759d8c	37.66,647.39,274.55,22.69|664.48|a4759d8c	b4537de9d458f6ed	1390a4c5b30ce863	3f5ea14cc06c3ef8
120	V050_LINE_BOX	SAME_ON_0909	no	-	1	5	1	5	1	5	143.36,146.87,103.28,33.28|171.52|690f1c3b	143.36,146.87,103.28,34.07|171.40|690f1c3b	103.20,213.43,183.60,33.28|237.95|a47078c3	103.20,214.21,183.60,33.28|238.74|a47078c3	6385714ea3fd919a	6385714ea3fd919a	df7738dea96a38c5
121	V050_VERTICAL+HORIZONTAL_RESIDUAL	DIFFERENT_ON_0909	yes	width	14	456	15	461	14	458	19.25,257.49,337.49,22.10|274.59|be0a004e	19.25,262.50,351.51,22.10|279.59|be0a004e	37.66,100.40,80.75,22.10|116.90|a7df058d	37.66,238.92,80.75,22.69|256.02|a7df058d	0376059ff991ebfb	5789154bbeb1d62d	a1e5328c86a0ec07
122	V050_LINE_BOX	SAME_ON_0909	no	-	1	5	1	5	1	5	143.36,146.87,103.28,33.28|171.52|f80963da	143.36,146.87,103.28,34.07|171.40|f80963da	103.20,213.43,183.60,33.28|237.95|e49ae8db	103.20,214.21,183.60,33.28|238.74|e49ae8db	db80735a14da675f	db80735a14da675f	f492c048dc6c0197
123	V050_VERTICAL+HORIZONTAL_RESIDUAL	DIFFERENT_ON_0909	yes	width	15	512	16	516	15	511	19.25,257.49,337.49,22.10|274.59|34b10134	19.25,262.50,351.51,22.10|279.59|34b10134	37.66,498.20,258.40,22.10|514.70|79388fbe	37.66,579.31,258.40,22.69|596.40|79388fbe	874d160105061b0c	df27fbc785806f29	374335fc5ac8177a
124	V050_LINE_BOX	SAME_ON_0909	no	-	1	5	1	5	1	5	143.36,146.87,103.28,33.28|171.52|9bc56859	143.36,146.87,103.28,34.07|171.40|9bc56859	103.20,213.43,183.60,33.28|237.95|c559fc02	103.20,214.21,183.60,33.28|238.74|c559fc02	a0f8f95016346537	a0f8f95016346537	ba53b99900bfe2e8
125	V050_VERTICAL+HORIZONTAL_RESIDUAL	DIFFERENT_ON_0909	yes	width	19	644	21	655	20	646	19.25,257.49,337.49,22.10|274.59|8b1774c6	19.25,262.50,351.51,22.10|279.59|8b1774c6	37.66,454.00,193.80,22.10|470.50|fd1bdfb5	37.66,12.00,193.80,22.69|29.09|fd1bdfb5	42ba66f14d7cbbfc	684832789efa7a21	156427abe57d6d0d
126	V050_VERTICAL+HORIZONTAL_RESIDUAL	SAME_ON_0909	no	interior	1	13	1	13	1	13	143.36,146.87,103.28,33.28|171.52|cb937cd1	143.36,146.87,103.28,34.07|171.40|cb937cd1	37.66,424.40,196.29,22.10|440.90|dc311311	37.66,428.15,196.29,22.69|445.25|dc311311	a013478917740ab4	a013478917740ab4	f4995cc04cdb1d23
127	V050_VERTICAL+HORIZONTAL_RESIDUAL	DIFFERENT_ON_0909	yes	width	13	455	14	457	13	456	19.25,257.49,337.25,22.10|274.59|32dbdd93	19.25,262.50,351.51,22.10|279.59|32dbdd93	37.66,608.70,32.30,22.10|625.20|59b7127a	37.66,760.85,32.30,22.69|777.94|59b7127a	9a883e7eb4687a61	182bb8ac47eab241	0afa93d129c7f069
128	V050_LINE_BOX	SAME_ON_0909	no	-	1	5	1	5	1	5	143.36,146.87,103.28,33.28|171.52|c10538e4	143.36,146.87,103.28,34.07|171.40|c10538e4	103.20,213.43,183.60,33.28|237.95|3adfc638	103.20,214.21,183.60,33.28|238.74|3adfc638	c563850435d01ee5	c563850435d01ee5	93c05c3fe1feaabe
129	V050_VERTICAL+HORIZONTAL_RESIDUAL	DIFFERENT_ON_0909	yes	width	9	295	10	301	9	296	19.25,257.49,320.40,22.10|274.59|2a588886	19.25,262.50,351.51,22.10|279.59|2a588886	37.66,476.10,161.50,22.10|492.60|77499cd3	37.66,533.92,161.50,22.69|551.02|77499cd3	cbe6fa00d43d9050	9ff0fe657135e417	0ba9b4b8b57eb77d
130	V050_LINE_BOX	SAME_ON_0909	no	-	1	5	1	5	1	5	153.69,146.87,82.62,33.28|171.52|ffe091f8	153.69,146.87,82.62,34.07|171.40|ffe091f8	103.20,213.43,183.60,33.28|237.95|c80a7546	103.20,214.21,183.60,33.28|238.74|c80a7546	681b10124986eff9	681b10124986eff9	a6730b0b7c3d6e1b
131	V050_VERTICAL+HORIZONTAL_RESIDUAL	DIFFERENT_ON_0909	yes	width	13	424	14	430	13	424	19.25,257.49,320.64,22.10|274.59|0f1a120f	19.25,262.50,351.51,22.10|279.59|0f1a120f	37.66,210.90,258.40,22.10|227.40|adccca2d	37.66,307.00,258.40,22.69|324.09|adccca2d	6306a46ac95d30e0	c3c50171ecffcd9b	1a26e52ca0105188
132	UNCHANGED	SAME_ON_0909	no	-	1	1	1	1	1	1	19.25,29.00,4.35,22.10|46.09|abfbd10d	19.25,29.00,4.35,22.10|46.09|abfbd10d	19.25,29.00,4.35,22.10|46.09|abfbd10d	19.25,29.00,4.35,22.10|46.09|abfbd10d	cab0f027f7f89a6f	cab0f027f7f89a6f	cab0f027f7f89a6f
133	V050_VERTICAL+HORIZONTAL_RESIDUAL	SAME_ON_0909	no	interior	1	18	1	18	1	18	143.36,146.87,103.28,33.28|171.52|1e6cb6d5	143.36,146.87,103.28,34.07|171.40|1e6cb6d5	37.66,557.00,145.35,22.10|573.50|037cfc3d	37.66,564.31,145.35,22.69|581.40|037cfc3d	d06925e0145752fc	d06925e0145752fc	8f15466bd6379fbe
134	V050_VERTICAL+HORIZONTAL_RESIDUAL	DIFFERENT_ON_0909	yes	width	12	395	13	406	12	398	19.25,257.49,349.11,22.10|274.59|a819ac28	19.25,262.50,351.51,22.10|279.59|730a8e17	37.66,233.00,161.50,22.10|249.50|cf7d3321	37.66,443.15,161.50,22.69|460.25|cf7d3321	70fc80d7d96993bd	a262c95e3a0817de	1a9013d97880754f
135	V050_VERTICAL+HORIZONTAL_RESIDUAL	DIFFERENT_ON_0909	no	interior	1	12	1	12	1	12	143.36,146.87,103.28,33.28|171.52|a3a2b123	143.36,146.87,103.28,34.07|171.40|a3a2b123	37.66,446.50,274.55,22.10|463.00|04e58d82	37.66,450.85,274.55,22.69|467.94|04e58d82	cbc94ad5757f58ea	2326c8a474f037d8	2aefaea17fdcd228
136	V050_VERTICAL+HORIZONTAL_RESIDUAL	DIFFERENT_ON_0909	yes	width	23	786	25	801	23	791	19.25,257.49,348.88,22.10|274.59|d7d8e715	19.25,262.50,351.51,22.10|279.59|ae15f326	37.66,365.60,32.30,22.10|382.10|af1aef19	37.66,533.92,32.30,22.69|551.02|af1aef19	9f1e9c70a4f474ad	8308e2bdb8b69e47	d2180bf98f94b41a
137	V050_LINE_BOX	SAME_ON_0909	no	-	1	5	1	5	1	5	143.36,146.87,103.28,33.28|171.52|2ff2fca6	143.36,146.87,103.28,34.07|171.40|2ff2fca6	103.20,213.43,183.60,33.28|237.95|8455c64f	103.20,214.21,183.60,33.28|238.74|8455c64f	2d61e84a265b32f3	2d61e84a265b32f3	708eec0e3a70c79e
138	V050_VERTICAL+HORIZONTAL_RESIDUAL	DIFFERENT_ON_0909	yes	width	22	786	24	806	23	794	19.25,257.49,349.11,22.10|274.59|b432c0cf	19.25,262.50,351.51,22.10|279.59|1adab91e	37.66,520.30,193.80,22.10|536.80|e4bb3043	37.66,12.00,193.80,22.69|29.09|e4bb3043	a948a8f22474ce5f	8d05db6461d36e66	d5ce2059a95a5add
139	V050_VERTICAL+HORIZONTAL_RESIDUAL	SAME_ON_0909	no	interior	1	8	1	8	1	8	143.36,146.87,103.28,33.28|171.52|b831c1a3	143.36,146.87,103.28,34.07|171.40|b831c1a3	37.66,358.10,242.25,22.10|374.60|9d14e1f3	37.66,360.08,242.25,22.69|377.17|9d14e1f3	05d43cf7c46979d9	05d43cf7c46979d9	a0f9449ed44b6c33
140	V050_VERTICAL+HORIZONTAL_RESIDUAL	DIFFERENT_ON_0909	yes	width	21	709	22	714	21	711	19.25,257.49,337.49,22.10|274.59|97f71e6d	19.25,262.50,351.51,22.10|279.59|97f71e6d	37.66,56.20,32.30,22.10|72.70|9d3a355c	37.66,329.69,32.30,22.69|346.79|9d3a355c	56ad39a80814d5a6	2b9b8cc7167f6cc1	78bfb4ddc26b0983
141	V050_VERTICAL+HORIZONTAL_RESIDUAL	SAME_ON_0909	no	interior	1	9	1	9	1	9	143.36,146.87,103.28,33.28|171.52|ac36dd8b	143.36,146.87,103.28,34.07|171.40|ac36dd8b	37.66,358.10,64.60,22.10|374.60|7f6d75d4	37.66,360.08,64.60,22.69|377.17|7f6d75d4	44a2032f95cd682d	44a2032f95cd682d	8da90e0ee0e8dcab
142	V050_VERTICAL+HORIZONTAL_RESIDUAL	DIFFERENT_ON_0909	yes	width	12	425	13	424	13	425	19.25,257.49,337.95,22.10|274.59|41302f36	19.25,262.50,351.51,22.10|279.59|41302f36	37.66,763.40,290.70,22.10|779.90|314da22b	37.66,57.38,290.70,22.69|74.48|314da22b	38603548d0556cc9	d9f06a79dc6e347e	b39759a2a3807b9b
143	V050_LINE_BOX	SAME_ON_0909	no	-	1	5	1	5	1	5	143.36,146.87,103.28,33.28|171.52|bc0a6d03	143.36,146.87,103.28,34.07|171.40|bc0a6d03	103.20,213.43,183.60,33.28|237.95|d99d2fe0	103.20,214.21,183.60,33.28|238.74|d99d2fe0	04a3df8987c3b3f9	04a3df8987c3b3f9	b24641d547bd15ee
144	V050_VERTICAL+HORIZONTAL_RESIDUAL	DIFFERENT_ON_0909	yes	width	9	299	10	305	9	301	19.25,257.49,332.26,22.10|274.59|7d4cf1cc	19.25,262.50,351.51,22.10|279.59|7d4cf1cc	37.66,719.10,226.10,22.10|735.60|290bf7b0	37.66,800.80,226.10,22.69|817.89|290bf7b0	eb9c997441b77886	8872b5c8809833a7	e16ef9dbf337b753
145	V050_VERTICAL+HORIZONTAL_RESIDUAL	SAME_ON_0909	no	interior	1	10	1	10	1	10	143.36,146.87,103.28,33.28|171.52|ee54818e	143.36,146.87,103.28,34.07|171.40|ee54818e	37.66,402.30,274.55,22.10|418.80|e4eec38d	37.66,405.46,274.55,22.69|422.55|e4eec38d	f6774de9cf91d140	f6774de9cf91d140	31d797ae2880d6e9
146	V050_VERTICAL+HORIZONTAL_RESIDUAL	DIFFERENT_ON_0909	yes	width	15	486	16	495	15	489	19.25,257.49,320.64,22.10|274.59|0fef24a8	19.25,262.50,351.51,22.10|279.59|0fef24a8	37.66,299.20,209.95,22.10|315.70|30510f82	37.66,372.02,209.95,22.69|389.11|30510f82	dc4e93ac1238eed7	e893efb135a43d00	f1f766429b20d6c2
147	V050_LINE_BOX	SAME_ON_0909	no	-	1	7	1	7	1	7	143.36,146.87,103.28,33.28|171.52|632edbb2	143.36,146.87,103.28,34.07|171.40|632edbb2	37.66,313.90,306.85,22.10|330.40|b826f343	37.66,314.69,306.85,22.69|331.78|b826f343	e57dcb4b11fa6453	e57dcb4b11fa6453	e7db8725fa93109f
148	V050_VERTICAL+HORIZONTAL_RESIDUAL	DIFFERENT_ON_0909	yes	width	13	431	14	433	13	429	19.25,257.49,337.49,22.10|274.59|07b6518a	19.25,262.50,351.51,22.10|279.59|07b6518a	37.66,520.30,145.35,22.10|536.80|8eaef8ea	37.66,579.31,145.35,22.69|596.40|8eaef8ea	493f2ec9915ea6fb	1b9d1bd6d3fa0084	abb398d478c34292
149	V050_LINE_BOX	SAME_ON_0909	no	-	1	7	1	7	1	7	143.36,146.87,103.28,33.28|171.52|49ac4c47	143.36,146.87,103.28,34.07|171.40|49ac4c47	37.66,313.90,177.65,22.10|330.40|f64c5b0c	37.66,314.69,177.65,22.69|331.78|f64c5b0c	a86f19f09bd594ff	a86f19f09bd594ff	053b3fa21ad30ef4
150	V050_VERTICAL+HORIZONTAL_RESIDUAL	DIFFERENT_ON_0909	yes	width	12	411	13	424	13	417	19.25,257.49,320.64,22.10|274.59|30e11dd1	19.25,262.50,351.51,22.10|279.59|30e11dd1	37.66,675.00,306.85,22.10|691.50|c1276ed8	37.66,34.69,306.85,22.69|51.79|c1276ed8	4ff359f94dfd6c0f	571d6a729a26aee2	d1415a71378360b9
151	V050_LINE_BOX	SAME_ON_0909	no	-	1	5	1	5	1	5	153.69,146.87,82.62,33.28|171.52|4bc9670f	153.69,146.87,82.62,34.07|171.40|4bc9670f	103.20,213.43,183.60,33.28|237.95|ae1ec9c4	103.20,214.21,183.60,33.28|238.74|ae1ec9c4	217628754ba42aba	217628754ba42aba	1d6884fa3b18fc2a
152	V050_VERTICAL+HORIZONTAL_RESIDUAL	DIFFERENT_ON_0909	yes	width	14	466	15	469	14	465	19.25,257.49,337.25,22.10|274.59|44fd58ee	19.25,262.50,351.51,22.10|279.59|44fd58ee	37.66,454.00,258.40,22.10|470.50|559a9044	37.66,556.62,258.40,22.69|573.71|559a9044	2fa663161b453cdf	9dcca9dc3e36b2e1	14d41ca052a5db3b
153	V050_LINE_BOX	SAME_ON_0909	no	-	1	5	1	5	1	5	143.36,146.87,103.28,33.28|171.52|0e2d5ba4	143.36,146.87,103.28,34.07|171.40|0e2d5ba4	103.20,213.43,183.60,33.28|237.95|1c0111df	103.20,214.21,183.60,33.28|238.74|1c0111df	a22438023c122bb7	a22438023c122bb7	1f4ef649bc9fb35b
154	V050_VERTICAL+HORIZONTAL_RESIDUAL	DIFFERENT_ON_0909	yes	width	16	574	18	586	17	575	19.25,257.49,337.49,22.10|274.59|1cd826ad	19.25,262.50,351.51,22.10|279.59|1cd826ad	37.66,719.20,209.95,22.10|735.70|0a88d35b	37.66,34.69,209.95,22.69|51.79|0a88d35b	1b68e397c7b0a813	f64c3791e6ecfabe	4ed1d9787ea0b829
155	V050_LINE_BOX	SAME_ON_0909	no	-	1	5	1	5	1	5	143.36,146.87,103.28,33.28|171.52|93ea7be8	143.36,146.87,103.28,34.07|171.40|93ea7be8	103.20,213.43,183.60,33.28|237.95|f0bc1210	103.20,214.21,183.60,33.28|238.74|f0bc1210	20cbf3120b312833	20cbf3120b312833	07acc8d6d5c822bc
156	V050_VERTICAL+HORIZONTAL_RESIDUAL	DIFFERENT_ON_0909	yes	width	14	471	15	478	14	473	19.25,257.49,337.72,22.10|274.59|c2711e21	19.25,262.50,351.51,22.10|279.59|c2711e21	37.66,100.40,32.30,22.10|116.90|002c2b82	37.66,238.92,32.30,22.69|256.02|002c2b82	3dc67e8b752dcb26	fa5f3a04bb430c8f	07190fe7fc6c57e0
157	V050_LINE_BOX	SAME_ON_0909	no	-	1	5	1	5	1	5	143.36,146.87,103.28,33.28|171.52|1848e39e	143.36,146.87,103.28,34.07|171.40|1848e39e	103.20,213.43,183.60,33.28|237.95|8cdac459	103.20,214.21,183.60,33.28|238.74|8cdac459	899fb820946165d0	899fb820946165d0	7b122f5ee11bb7df
158	V050_VERTICAL+HORIZONTAL_RESIDUAL	DIFFERENT_ON_0909	yes	width	15	509	16	520	15	515	19.25,257.49,337.49,22.10|274.59|393e9549	19.25,262.50,351.51,22.10|279.59|393e9549	37.66,144.60,290.70,22.10|161.10|e045fa3d	37.66,579.31,290.70,22.69|596.40|e045fa3d	0ea69acd8767bf6a	6a0e3f6680fc905d	55d97dc3ab10a54f
159	V050_VERTICAL+HORIZONTAL_RESIDUAL	SAME_ON_0909	no	interior	1	9	1	9	1	9	143.36,146.87,103.28,33.28|171.52|5e0cf506	143.36,146.87,103.28,34.07|171.40|5e0cf506	37.66,358.10,32.30,22.10|374.60|f384b6b9	37.66,360.08,32.30,22.69|377.17|f384b6b9	6c57a9f597f6d7d5	6c57a9f597f6d7d5	1069b06e5d570dad
160	V050_VERTICAL+HORIZONTAL_RESIDUAL	DIFFERENT_ON_0909	yes	width	20	690	21	702	20	692	19.25,257.49,337.49,22.10|274.59|f81e3080	19.25,262.50,351.51,22.10|279.59|f81e3080	37.66,233.00,32.30,22.10|249.50|b0f34f59	37.66,420.46,32.30,22.69|437.56|b0f34f59	728fc2411bba512a	787b709b62e52c41	4b5a42760eebddca
161	V050_LINE_BOX	SAME_ON_0909	no	-	1	5	1	5	1	5	143.36,146.87,103.28,33.28|171.52|be8ea875	143.36,146.87,103.28,34.07|171.40|be8ea875	103.20,213.43,183.60,33.28|237.95|3fd3e716	103.20,214.21,183.60,33.28|238.74|3fd3e716	7e5bdfa702a04617	7e5bdfa702a04617	a05ec7be5870bc76
162	V050_VERTICAL+HORIZONTAL_RESIDUAL	DIFFERENT_ON_0909	yes	width	18	606	19	611	18	605	19.25,257.49,337.25,22.10|274.59|52a4c103	19.25,262.50,351.51,22.10|279.59|52a4c103	37.66,34.10,290.70,22.10|50.60|2d06455f	37.66,148.15,290.70,22.69|165.25|2d06455f	072f94009497110f	c5ef4f4f8e59734e	26a44a5f3e630a6e
163	V050_VERTICAL+HORIZONTAL_RESIDUAL	SAME_ON_0909	no	interior	1	7	1	7	1	7	143.36,146.87,103.28,33.28|171.52|710ba4f9	143.36,146.87,103.28,34.07|171.40|710ba4f9	37.66,336.00,177.65,22.10|352.50|448e7c05	37.66,337.38,177.65,22.69|354.48|448e7c05	9a4a65b95745890b	9a4a65b95745890b	b67afea94c5d9cb4
164	V050_VERTICAL+HORIZONTAL_RESIDUAL	DIFFERENT_ON_0909	yes	width	20	623	20	629	20	622	19.25,257.49,337.25,22.10|274.59|efb78653	19.25,262.50,351.51,22.10|279.59|efb78653	37.66,34.10,145.35,22.10|50.60|5048e1a7	37.66,193.54,145.35,22.69|210.63|5048e1a7	977614b644e873e2	8a851e9d13564df7	c8374c0f44407138
165	V050_LINE_BOX	SAME_ON_0909	no	-	1	5	1	5	1	5	143.36,146.87,103.28,33.28|171.52|da1ed2db	143.36,146.87,103.28,34.07|171.40|da1ed2db	103.20,213.43,183.60,33.28|237.95|3decebc4	103.20,214.21,183.60,33.28|238.74|3decebc4	920feaa5eaaa4561	920feaa5eaaa4561	082b60d6bb90941a
166	V050_VERTICAL+HORIZONTAL_RESIDUAL	DIFFERENT_ON_0909	yes	width	19	658	20	667	19	657	19.25,257.49,337.49,22.10|274.59|938ee02d	19.25,262.50,351.51,22.10|279.59|938ee02d	37.66,476.10,226.10,22.10|492.60|d0dc9796	37.66,624.69,226.10,22.69|641.79|d0dc9796	1d3887adc89fbd1c	42d08ed2cf8a9483	21effa1b2bd24ed7
167	V050_VERTICAL+HORIZONTAL_RESIDUAL	SAME_ON_0909	no	interior	1	8	1	8	1	8	143.36,146.87,103.28,33.28|171.52|e8dbc1ea	143.36,146.87,103.28,34.07|171.40|e8dbc1ea	37.66,358.10,96.90,22.10|374.60|f4edf1b0	37.66,360.08,96.90,22.69|377.17|f4edf1b0	99e135c26af0f9c7	99e135c26af0f9c7	372e86204045740f
168	V050_VERTICAL+HORIZONTAL_RESIDUAL	DIFFERENT_ON_0909	yes	width	28	1034	29	1040	29	1031	19.25,257.49,337.25,22.10|274.59|16d2e757	19.25,262.50,351.51,22.10|279.59|16d2e757	37.66,608.70,80.75,22.10|625.20|9f062c1c	37.66,170.85,80.75,22.69|187.94|9f062c1c	f425348fc9eddec2	0067e199a0227957	edd1402663eb94da
169	V050_VERTICAL+HORIZONTAL_RESIDUAL	SAME_ON_0909	no	interior	1	12	1	12	1	12	143.36,146.87,103.28,33.28|171.52|5dd4e714	143.36,146.87,103.28,34.07|171.40|5dd4e714	37.66,446.50,96.90,22.10|463.00|a8115873	37.66,450.85,96.90,22.69|467.94|a8115873	15f11b8946ff9e18	15f11b8946ff9e18	84a9bffc521ef906
170	V050_VERTICAL+HORIZONTAL_RESIDUAL	DIFFERENT_ON_0909	yes	width	10	339	11	345	10	342	19.25,257.49,337.49,22.10|274.59|a483feaa	19.25,262.50,351.51,22.10|279.59|a483feaa	37.66,431.90,209.95,22.10|448.40|aeb6eabb	37.66,602.00,209.95,22.69|619.09|aeb6eabb	62d8e02cdd24bdfd	321cc4c47449fe0b	c4947316dbdd4e3a
171	V050_VERTICAL+HORIZONTAL_RESIDUAL	SAME_ON_0909	no	interior	1	11	1	11	1	11	153.69,146.87,82.62,33.28|171.52|18f4b391	153.69,146.87,82.62,34.07|171.40|18f4b391	37.66,424.40,274.55,22.10|440.90|2f2aea5a	37.66,428.15,274.55,22.69|445.25|2f2aea5a	3add58c033395cee	3add58c033395cee	10fbd8461f6c51ea
172	V050_VERTICAL+HORIZONTAL_RESIDUAL	DIFFERENT_ON_0909	yes	width	13	433	14	439	13	437	19.25,257.49,337.72,22.10|274.59|bcaf7aca	19.25,262.50,351.51,22.10|279.59|bcaf7aca	37.66,255.10,32.30,22.10|271.60|002c2b82	37.66,397.77,32.30,22.69|414.86|002c2b82	b07e52b93417d0e8	08396cc22539b017	195ef0cd37856bb4
173	V050_VERTICAL+HORIZONTAL_RESIDUAL	SAME_ON_0909	no	interior	1	13	1	13	1	13	143.36,146.87,103.28,33.28|171.52|c4354988	143.36,146.87,103.28,34.07|171.40|c4354988	37.66,424.40,258.40,22.10|440.90|25f196f4	37.66,428.15,258.40,22.69|445.25|25f196f4	b5db062b82212729	b5db062b82212729	1b5b8d9eee448d78
174	V050_VERTICAL+HORIZONTAL_RESIDUAL	DIFFERENT_ON_0909	no	width	12	427	13	430	12	430	19.25,257.49,337.49,22.10|274.59|7a5a8eb6	19.25,262.50,351.51,22.10|279.59|7a5a8eb6	37.66,608.70,274.55,22.10|625.20|bba97072	37.66,760.85,274.55,22.69|777.94|bba97072	147c510aed5a12b6	e7a29c40b4640eb0	a51e4cf63c760451
175	V050_LINE_BOX	SAME_ON_0909	no	-	1	5	1	5	1	5	143.36,146.87,103.28,33.28|171.52|02371482	143.36,146.87,103.28,34.07|171.40|02371482	103.20,213.43,183.60,33.28|237.95|bba366d1	103.20,214.21,183.60,33.28|238.74|bba366d1	9cc0a3300a13b037	9cc0a3300a13b037	cd99359337dc2d47
176	V050_VERTICAL+HORIZONTAL_RESIDUAL	DIFFERENT_ON_0909	yes	width	14	473	15	482	14	471	19.25,257.49,349.34,22.10|274.59|2b0eec9c	19.25,262.50,351.51,22.10|279.59|3dc5523c	37.66,56.20,161.50,22.10|72.70|eecf43b7	37.66,102.77,161.50,22.69|119.86|eecf43b7	4f70323a7ed495dc	bcd7c3f8d2edfa97	cf026303f38ee7df
177	V050_LINE_BOX	SAME_ON_0909	no	-	1	5	1	5	1	5	143.36,146.87,103.28,33.28|171.52|d5f77b56	143.36,146.87,103.28,34.07|171.40|d5f77b56	103.20,213.43,183.60,33.28|237.95|83631666	103.20,214.21,183.60,33.28|238.74|83631666	473bf282f097cb40	473bf282f097cb40	800b2e7a9c9c1910
178	V050_VERTICAL+HORIZONTAL_RESIDUAL	DIFFERENT_ON_0909	yes	width	14	491	15	503	14	495	19.25,257.49,320.40,22.10|274.59|53809002	19.25,262.50,351.51,22.10|279.59|53809002	37.66,454.00,274.55,22.10|470.50|14c14487	37.66,556.62,274.55,22.69|573.71|14c14487	9a72d1339cd100aa	38fd077ef644360e	c3d445ff309ebef3
179	V050_LINE_BOX	SAME_ON_0909	no	-	1	5	1	5	1	5	143.36,146.87,103.28,33.28|171.52|8e73abdb	143.36,146.87,103.28,34.07|171.40|8e73abdb	103.20,213.43,183.60,33.28|237.95|799d6231	103.20,214.21,183.60,33.28|238.74|799d6231	ca3f962336a6738f	ca3f962336a6738f	b0ef03dab6011f70
180	V050_VERTICAL+HORIZONTAL_RESIDUAL	DIFFERENT_ON_0909	yes	width	14	466	15	474	14	468	19.25,257.49,320.17,22.10|274.59|f7b7650e	19.25,262.50,351.51,22.10|279.59|f7b7650e	37.66,12.00,290.70,22.10|28.50|c036c286	37.66,102.77,290.70,22.69|119.86|c036c286	0e4fb3e239f4a761	b4a33d83d0037c0e	8da3b95c1a8c37f0
181	V050_VERTICAL+HORIZONTAL_RESIDUAL	SAME_ON_0909	no	interior	1	9	1	9	1	9	143.36,146.87,103.28,33.28|171.52|74835852	143.36,146.87,103.28,34.07|171.40|74835852	37.66,358.10,48.45,22.10|374.60|7c74f305	37.66,360.08,48.45,22.69|377.17|7c74f305	2621d24c776f02c8	2621d24c776f02c8	2dfbc0eadcf774e7
182	V050_VERTICAL+HORIZONTAL_RESIDUAL	DIFFERENT_ON_0909	yes	width	13	458	14	467	14	460	19.25,257.49,337.25,22.10|274.59|ad8ee473	19.25,262.50,351.51,22.10|279.59|ad8ee473	37.66,763.40,145.35,22.10|779.90|24936ec5	37.66,57.38,145.35,22.69|74.48|24936ec5	b7f25668c1cefe00	dd41a71c5c61d98e	49a391e247d295d2
183	V050_LINE_BOX	SAME_ON_0909	no	-	1	5	1	5	1	5	143.36,146.87,103.28,33.28|171.52|ff16f6b3	143.36,146.87,103.28,34.07|171.40|ff16f6b3	103.20,213.43,183.60,33.28|237.95|2e34c906	103.20,214.21,183.60,33.28|238.74|2e34c906	21838379972a8c42	21838379972a8c42	44f682cf653b7bb0
184	V050_VERTICAL+HORIZONTAL_RESIDUAL	DIFFERENT_ON_0909	yes	width	12	425	13	431	12	427	19.25,257.49,320.40,22.10|274.59|7443c933	19.25,262.50,351.51,22.10|279.59|7443c933	37.66,476.10,32.30,22.10|492.60|002c2b82	37.66,556.62,32.30,22.69|573.71|002c2b82	378044ec208837d9	5fc27f9406c51e14	1a0e82af65577721
185	V050_LINE_BOX	SAME_ON_0909	no	-	1	5	1	5	1	5	143.36,146.87,103.28,33.28|171.52|e6378a18	143.36,146.87,103.28,34.07|171.40|e6378a18	103.20,213.43,183.60,33.28|237.95|8592f8e3	103.20,214.21,183.60,33.28|238.74|8592f8e3	6df63628d0cedcd0	6df63628d0cedcd0	020405ecc0ed01eb
186	V050_VERTICAL+HORIZONTAL_RESIDUAL	DIFFERENT_ON_0909	yes	width	14	490	15	498	14	492	19.25,257.49,337.49,22.10|274.59|4a9db08b	19.25,262.50,351.51,22.10|279.59|4a9db08b	37.66,321.40,274.55,22.10|337.90|3ac0c5e9	37.66,488.54,274.55,22.69|505.63|3ac0c5e9	7a12af155f3c2f09	1ba6acfc4273b567	df9108fedddb13be
187	V050_LINE_BOX	SAME_ON_0909	no	-	1	5	1	5	1	5	143.36,146.87,103.28,33.28|171.52|a6989007	143.36,146.87,103.28,34.07|171.40|a6989007	103.20,213.43,183.60,33.28|237.95|330cdee0	103.20,214.21,183.60,33.28|238.74|330cdee0	eb4c423e165c086b	eb4c423e165c086b	2531093bddf4d6c4
188	V050_VERTICAL+HORIZONTAL_RESIDUAL	DIFFERENT_ON_0909	yes	width	11	385	12	396	11	389	19.25,257.49,337.25,22.10|274.59|cc8f1d06	19.25,262.50,351.51,22.10|279.59|cc8f1d06	37.66,564.50,177.65,22.10|581.00|e5a73187	37.66,670.08,177.65,22.69|687.17|e5a73187	c11db06f25a57065	60efa7e9618a1351	9fe17a70009cd263
189	V050_VERTICAL+HORIZONTAL_RESIDUAL	SAME_ON_0909	no	interior	1	12	1	12	1	12	143.36,146.87,103.28,33.28|171.52|7e4e794a	143.36,146.87,103.28,34.07|171.40|7e4e794a	37.66,424.40,96.90,22.10|440.90|5b577f87	37.66,428.15,96.90,22.69|445.25|5b577f87	b86595650b1470e1	b86595650b1470e1	3ba1af1bba3da76c
190	V050_VERTICAL+HORIZONTAL_RESIDUAL	DIFFERENT_ON_0909	yes	width	11	366	12	373	11	366	19.25,257.49,337.49,22.10|274.59|15379aa0	19.25,262.50,351.51,22.10|279.59|15379aa0	37.66,299.30,145.35,22.10|315.80|c0ec97a9	37.66,329.69,145.35,22.69|346.79|c0ec97a9	b5deb066df165110	d154f5861104f38d	14f32d83844601e8
191	V050_LINE_BOX	SAME_ON_0909	no	-	1	6	1	6	1	6	153.69,146.87,82.62,33.28|171.52|d0520075	153.69,146.87,82.62,34.07|171.40|d0520075	37.66,313.90,96.90,22.10|330.40|b367c37c	37.66,314.69,96.90,22.69|331.78|b367c37c	220391d10d1fd19c	220391d10d1fd19c	60153f06ef65a6b9
192	V050_VERTICAL+HORIZONTAL_RESIDUAL	DIFFERENT_ON_0909	yes	width	10	330	11	336	10	332	19.25,257.49,337.49,22.10|274.59|45b0c318	19.25,262.50,351.51,22.10|279.59|45b0c318	37.66,409.70,32.30,22.10|426.20|002c2b82	37.66,462.12,32.30,22.69|479.21|002c2b82	8f6f9943d8a7bac4	48f2b804a0872275	c699535a3092cead
193	V050_LINE_BOX	SAME_ON_0909	no	-	1	5	1	5	1	5	143.36,146.87,103.28,33.28|171.52|fc1287ec	143.36,146.87,103.28,34.07|171.40|fc1287ec	103.20,213.43,183.60,33.28|237.95|4ade91be	103.20,214.21,183.60,33.28|238.74|4ade91be	1245f18e1f05e4fa	1245f18e1f05e4fa	b0be0b50e2c13a5f
194	V050_VERTICAL+HORIZONTAL_RESIDUAL	DIFFERENT_ON_0909	yes	width	10	344	11	346	10	344	19.25,257.49,320.64,22.10|274.59|96e0fecb	19.25,262.50,351.51,22.10|279.59|96e0fecb	37.66,299.30,48.45,22.10|315.80|e6a07464	37.66,420.46,48.45,22.69|437.56|e6a07464	35f6f1f48abf525b	9f856528e6c0c382	c75159bfaefa5537
195	V050_VERTICAL+HORIZONTAL_RESIDUAL	SAME_ON_0909	no	interior	1	7	1	7	1	7	143.36,146.87,103.28,33.28|171.52|fc54198f	143.36,146.87,103.28,34.07|171.40|fc54198f	37.66,336.00,80.75,22.10|352.50|b1b2cfde	37.66,337.38,80.75,22.69|354.48|b1b2cfde	cbaa58bd71f4e87f	cbaa58bd71f4e87f	bbb57db9fb1840a2
196	V050_VERTICAL+HORIZONTAL_RESIDUAL	DIFFERENT_ON_0909	yes	width	14	519	15	528	14	521	19.25,257.49,349.11,22.10|274.59|33ab8a35	19.25,262.50,351.51,22.10|279.59|84cb4728	37.66,564.50,32.30,22.10|581.00|9bbb7845	37.66,670.08,32.30,22.69|687.17|9bbb7845	f5164672c6d063a4	163bb609c11bf3e6	dbfe5bbe0820dead
197	V050_LINE_BOX	SAME_ON_0909	no	-	1	5	1	5	1	5	143.36,146.87,103.28,33.28|171.52|53a9ec7d	143.36,146.87,103.28,34.07|171.40|53a9ec7d	103.20,213.43,183.60,33.28|237.95|c1d53e35	103.20,214.21,183.60,33.28|238.74|c1d53e35	254664c744efa66a	254664c744efa66a	07bb5ebfb31fca9a
198	V050_VERTICAL+HORIZONTAL_RESIDUAL	DIFFERENT_ON_0909	yes	width	11	366	12	370	11	366	19.25,257.49,349.11,22.10|274.59|9bf2b87f	19.25,262.50,351.51,22.10|279.59|a046323d	37.66,321.40,242.25,22.10|337.90|2922a12e	37.66,420.46,242.25,22.69|437.56|2922a12e	b3126d34b2543536	a6134309442113e4	a62a70386f986d48
199	V050_LINE_BOX	SAME_ON_0909	no	-	1	5	1	5	1	5	143.36,146.87,103.28,33.28|171.52|c20ea760	143.36,146.87,103.28,34.07|171.40|c20ea760	103.20,213.43,183.60,33.28|237.95|470ce745	103.20,214.21,183.60,33.28|238.74|470ce745	b3e2cff596540947	b3e2cff596540947	ac2b3f14e23e1e27
200	V050_VERTICAL+HORIZONTAL_RESIDUAL	DIFFERENT_ON_0909	yes	width	13	450	14	458	13	453	19.25,257.49,337.49,22.10|274.59|30fbcfea	19.25,262.50,351.51,22.10|279.59|30fbcfea	37.66,697.00,129.20,22.10|713.50|3c98a787	37.66,777.52,129.20,22.69|794.61|3c98a787	b1498f4d4cbebed2	2a2073cafa40c4b9	66e91c684be29770
201	V050_LINE_BOX	SAME_ON_0909	no	-	1	5	1	5	1	5	143.36,146.87,103.28,33.28|171.52|a9d3bf8e	143.36,146.87,103.28,34.07|171.40|a9d3bf8e	103.20,213.43,183.60,33.28|237.95|4b4bb818	103.20,214.21,183.60,33.28|238.74|4b4bb818	740278df54c8159d	740278df54c8159d	dec770fcb0ac05b5
202	V050_VERTICAL+HORIZONTAL_RESIDUAL	DIFFERENT_ON_0909	yes	width	11	363	12	369	11	366	19.25,257.49,337.25,22.10|274.59|976659b5	19.25,262.50,351.51,22.10|279.59|976659b5	37.66,233.00,48.45,22.10|249.50|4e12d435	37.66,375.08,48.45,22.69|392.17|4e12d435	33113cdbb58eb2ab	2e4a2b1b167bf40a	6036214430c528e1
203	V050_LINE_BOX	SAME_ON_0909	no	-	1	5	1	5	1	5	143.36,146.87,103.28,33.28|171.52|2f8af138	143.36,146.87,103.28,34.07|171.40|2f8af138	103.20,213.43,183.60,33.28|237.95|1163bced	103.20,214.21,183.60,33.28|238.74|1163bced	38d487d3d433c6dc	38d487d3d433c6dc	369049f9d65d9041
204	V050_VERTICAL+HORIZONTAL_RESIDUAL	DIFFERENT_ON_0909	yes	width	11	367	12	375	11	370	19.25,257.49,337.49,22.10|274.59|6df325b2	19.25,262.50,351.51,22.10|279.59|6df325b2	37.66,233.00,290.70,22.10|249.50|f5f85463	37.66,329.69,290.70,22.69|346.79|f5f85463	a4c882ea382540bf	f0aac2e6df43f4a3	b5adf87ed3a2d581
205	V050_LINE_BOX	SAME_ON_0909	no	-	1	5	1	5	1	5	143.36,146.87,103.28,33.28|171.52|92dfb895	143.36,146.87,103.28,34.07|171.40|92dfb895	103.20,213.43,183.60,33.28|237.95|2cde16a2	103.20,214.21,183.60,33.28|238.74|2cde16a2	742ff63401c9c348	742ff63401c9c348	67f7b4bd55ca7989
206	V050_VERTICAL+HORIZONTAL_RESIDUAL	DIFFERENT_ON_0909	yes	width	17	560	18	568	17	562	19.25,257.49,337.49,22.10|274.59|2359b67e	19.25,262.50,351.51,22.10|279.59|2359b67e	37.66,56.20,274.55,22.10|72.70|68ed53d8	37.66,397.77,274.55,22.69|414.86|68ed53d8	dab5270eda055e97	14644d305ed99d87	b6ec24ead839c16a
207	V050_LINE_BOX	SAME_ON_0909	no	-	1	5	1	5	1	5	143.36,146.87,103.28,33.28|171.52|fdb46e2c	143.36,146.87,103.28,34.07|171.40|fdb46e2c	103.20,213.43,183.60,33.28|237.95|1149b174	103.20,214.21,183.60,33.28|238.74|1149b174	4c65b57506a15d20	4c65b57506a15d20	7bc3dc39911d9c15
208	V050_VERTICAL+HORIZONTAL_RESIDUAL	DIFFERENT_ON_0909	yes	width	10	314	11	319	10	316	19.25,257.49,320.64,22.10|274.59|34e9729a	19.25,262.50,351.51,22.10|279.59|34e9729a	37.66,299.20,242.25,22.10|315.70|54d2399b	37.66,370.83,242.25,22.69|387.92|54d2399b	0fed612c3d05f5b2	457950afee177896	0e464296c59bcf23
209	V050_VERTICAL+HORIZONTAL_RESIDUAL	SAME_ON_0909	no	interior	1	11	1	11	1	11	143.36,146.87,103.28,33.28|171.52|a8185ab2	143.36,146.87,103.28,34.07|171.40|a8185ab2	37.66,402.30,209.95,22.10|418.80|ad514cba	37.66,405.46,209.95,22.69|422.55|ad514cba	f5e9ed964c16d18a	f5e9ed964c16d18a	d8f8c64c861444c3
210	V050_VERTICAL+HORIZONTAL_RESIDUAL	DIFFERENT_ON_0909	yes	width	11	394	12	401	11	394	19.25,257.49,341.74,22.10|274.59|d920de0a	19.25,262.50,351.51,22.10|279.59|d920de0a	37.66,476.10,161.50,22.10|492.60|25ff4878	37.66,556.62,161.50,22.69|573.71|25ff4878	577c6f82f1ae604a	99678b6ce2e0e3a1	2b5a1c576dbba1f7
211	V050_LINE_BOX	SAME_ON_0909	no	-	1	5	1	5	1	5	143.36,146.87,103.28,33.28|171.52|ce1a60fe	143.36,146.87,103.28,34.07|171.40|ce1a60fe	103.20,213.43,183.60,33.28|237.95|83ece960	103.20,214.21,183.60,33.28|238.74|83ece960	a271fc75ce433697	a271fc75ce433697	4f4ba7e41745a0dd
212	V050_VERTICAL+HORIZONTAL_RESIDUAL	DIFFERENT_ON_0909	yes	width	9	304	10	306	9	304	19.25,257.49,337.49,22.10|274.59|b00f177b	19.25,262.50,351.51,22.10|279.59|b00f177b	37.66,431.80,113.05,22.10|448.30|26be2646	37.66,506.99,113.05,22.69|524.08|26be2646	88ef263f46ce06f0	07d51c0114e1a744	61daa129b2b7e227
213	V050_LINE_BOX	SAME_ON_0909	no	-	1	5	1	5	1	5	143.36,146.87,103.28,33.28|171.52|dc149be9	143.36,146.87,103.28,34.07|171.40|dc149be9	103.20,213.43,183.60,33.28|237.95|910187b6	103.20,214.21,183.60,33.28|238.74|910187b6	5c237fbd8fb4950b	5c237fbd8fb4950b	b127a8d7c41e88f3
214	V050_VERTICAL+HORIZONTAL_RESIDUAL	DIFFERENT_ON_0909	yes	width	13	434	14	443	13	436	19.25,257.49,337.49,22.10|274.59|b8b202fa	19.25,262.50,351.51,22.10|279.59|b8b202fa	37.66,144.60,145.35,22.10|161.10|f0aa3b99	37.66,216.23,145.35,22.69|233.32|f0aa3b99	f89a566e21f2ffad	12bced339870f109	61acbdbce76040de
215	V050_VERTICAL+HORIZONTAL_RESIDUAL	SAME_ON_0909	no	interior	1	8	1	8	1	8	143.36,146.87,103.28,33.28|171.52|90a19893	143.36,146.87,103.28,34.07|171.40|90a19893	37.66,358.10,129.20,22.10|374.60|75e5ba1b	37.66,360.08,129.20,22.69|377.17|75e5ba1b	61723484c0c6f969	61723484c0c6f969	df5c1e0935e593de
216	V050_VERTICAL+HORIZONTAL_RESIDUAL	DIFFERENT_ON_0909	yes	width	10	332	10	334	10	332	19.25,257.49,337.49,22.10|274.59|fe5436ca	19.25,262.50,351.51,22.10|279.59|fe5436ca	37.66,122.50,242.25,22.10|139.00|6bb05c9b	37.66,216.23,242.25,22.69|233.32|6bb05c9b	5593fbd0b605db2e	df8a01961d1fb19d	7830945dfcc6f605
217	V050_LINE_BOX	SAME_ON_0909	no	-	1	5	1	5	1	5	143.36,146.87,103.28,33.28|171.52|a5fee010	143.36,146.87,103.28,34.07|171.40|a5fee010	103.20,213.43,183.60,33.28|237.95|fd7f795b	103.20,214.21,183.60,33.28|238.74|fd7f795b	80cda318f9485615	80cda318f9485615	f5de1fb5d804ae53
218	V050_VERTICAL+HORIZONTAL_RESIDUAL	DIFFERENT_ON_0909	yes	width	11	381	12	387	11	381	19.25,257.49,337.49,22.10|274.59|3dad0bab	19.25,262.50,351.51,22.10|279.59|3dad0bab	37.66,476.10,226.10,22.10|492.60|0f07e720	37.66,511.23,226.10,22.69|528.32|0f07e720	bf413e5cdedd61bc	f265f73d8b4e0ee6	fff80f72d25b386c
219	V050_LINE_BOX	SAME_ON_0909	no	-	1	5	1	5	1	5	143.36,146.87,103.28,33.28|171.52|c140a532	143.36,146.87,103.28,34.07|171.40|c140a532	103.20,213.43,183.60,33.28|237.95|6e238a0b	103.20,214.21,183.60,33.28|238.74|6e238a0b	a73253fc1e0d5153	a73253fc1e0d5153	5178e8babe17aa06
220	V050_VERTICAL+HORIZONTAL_RESIDUAL	DIFFERENT_ON_0909	yes	width	10	328	11	332	10	329	19.25,257.49,337.49,22.10|274.59|de8dee23	19.25,262.50,351.51,22.10|279.59|de8dee23	37.66,299.20,96.90,22.10|315.70|83e38726	37.66,327.22,96.90,22.69|344.32|83e38726	0051ab897c77b4b7	fca00fd3235d536c	a9a648e60ce73b24
221	V050_VERTICAL+HORIZONTAL_RESIDUAL	SAME_ON_0909	no	interior	1	12	1	12	1	12	143.36,146.87,103.28,33.28|171.52|652f57c3	143.36,146.87,103.28,34.07|171.40|652f57c3	37.66,424.40,32.30,22.10|440.90|b87a21a1	37.66,428.15,32.30,22.69|445.25|b87a21a1	e0d6d28cbf57a745	e0d6d28cbf57a745	67a76929bc9c5b95
222	V050_VERTICAL+HORIZONTAL_RESIDUAL	DIFFERENT_ON_0909	yes	width	10	347	11	352	10	348	19.25,257.49,337.25,22.10|274.59|ee9425b8	19.25,262.50,351.51,22.10|279.59|ee9425b8	37.66,277.20,96.90,22.10|293.70|27d740d4	37.66,375.08,96.90,22.69|392.17|27d740d4	ee670ef1cd67e2e3	4dee0e4d9d642169	789bd1de98e51b1b
223	V050_LINE_BOX	SAME_ON_0909	no	-	1	5	1	5	1	5	143.36,146.87,103.28,33.28|171.52|ed8fde80	143.36,146.87,103.28,34.07|171.40|ed8fde80	103.20,213.43,183.60,33.28|237.95|c73e90b7	103.20,214.21,183.60,33.28|238.74|c73e90b7	eacdd1b841901e9e	eacdd1b841901e9e	8d21310ad6c0704d
224	V050_VERTICAL+HORIZONTAL_RESIDUAL	DIFFERENT_ON_0909	yes	width	9	306	10	308	9	306	19.25,257.49,337.49,22.10|274.59|012b4134	19.25,262.50,351.51,22.10|279.59|012b4134	37.66,559.30,177.65,22.10|575.80|0093010e	37.66,632.12,177.65,22.69|649.21|0093010e	81f58d1cb60ac5f2	15bcfb8b862aa9d1	d1f0b0bceb0b73b1
225	V050_LINE_BOX	SAME_ON_0909	no	-	1	5	1	5	1	5	143.36,146.87,103.28,33.28|171.52|6b342ac0	143.36,146.87,103.28,34.07|171.40|6b342ac0	103.20,213.43,183.60,33.28|237.95|91e8e4ab	103.20,214.21,183.60,33.28|238.74|91e8e4ab	57badc6aac89811d	57badc6aac89811d	5492baf182def45d
226	V050_VERTICAL+HORIZONTAL_RESIDUAL	DIFFERENT_ON_0909	yes	width	10	352	11	355	11	356	19.25,257.49,202.45,22.10|274.59|4d5192b3	19.25,262.50,213.95,23.80|280.52|4d5192b3	37.66,763.30,274.55,22.10|779.80|38dfa620	37.66,57.38,274.55,22.69|74.48|38dfa620	4b5e36fec2533190	17b88261a9c8d9ab	4a7139d50ae6fc68
227	V050_LINE_BOX	SAME_ON_0909	no	-	1	5	1	5	1	5	143.36,146.87,103.28,33.28|171.52|eae6519b	143.36,146.87,103.28,34.07|171.40|eae6519b	103.20,213.43,183.60,33.28|237.95|afe7876b	103.20,214.21,183.60,33.28|238.74|afe7876b	febbc3efc620c450	febbc3efc620c450	86893a7c796558a9
228	V050_VERTICAL+HORIZONTAL_RESIDUAL	DIFFERENT_ON_0909	yes	width	12	418	13	425	12	420	19.25,257.49,337.25,22.10|274.59|5ff00428	19.25,262.50,351.51,22.10|279.59|5ff00428	37.66,321.40,226.10,22.10|337.90|36762f95	37.66,465.85,226.10,22.69|482.94|36762f95	085fa441dc22da35	4fcc82fbe5a2c6ca	0f063047969a0fb6
229	V050_VERTICAL+HORIZONTAL_RESIDUAL	SAME_ON_0909	no	interior	1	8	1	8	1	8	143.36,146.87,103.28,33.28|171.52|a7abb0b6	143.36,146.87,103.28,34.07|171.40|a7abb0b6	37.66,358.10,129.20,22.10|374.60|29bb8e3d	37.66,360.08,129.20,22.69|377.17|29bb8e3d	fc066116c4ef0c62	fc066116c4ef0c62	dae9ccfb45910f85
230	V050_VERTICAL+HORIZONTAL_RESIDUAL	DIFFERENT_ON_0909	yes	width	14	478	15	488	14	479	19.25,257.49,337.49,22.10|274.59|e0180e58	19.25,262.50,351.51,22.10|279.59|e0180e58	37.66,520.20,145.35,22.10|536.70|0d69edfd	37.66,597.75,145.35,22.69|614.85|0d69edfd	5381fbde80ac0600	4b8a0c8cffab1081	7a09d025d4580caf
231	V050_VERTICAL+HORIZONTAL_RESIDUAL	SAME_ON_0909	no	interior	1	8	1	8	1	8	143.36,146.87,103.28,33.28|171.52|7dd170df	143.36,146.87,103.28,34.07|171.40|7dd170df	37.66,336.00,32.30,22.10|352.50|7c3a1c32	37.66,337.38,32.30,22.69|354.48|7c3a1c32	529d53f0425d4140	529d53f0425d4140	77ee341c8c3d6064
232	V050_VERTICAL+HORIZONTAL_RESIDUAL	DIFFERENT_ON_0909	yes	width	11	368	12	373	11	368	19.25,257.49,348.88,22.10|274.59|dd9d9112	19.25,262.50,351.51,22.10|279.59|015bf7ed	37.66,255.10,48.45,22.10|271.60|25954e10	37.66,307.00,48.45,22.69|324.09|25954e10	dfd21b5e3a28e122	fe262dc9c9429d8e	df8954b16941638c
233	V050_LINE_BOX	SAME_ON_0909	no	-	1	7	1	7	1	7	143.36,146.87,103.28,33.28|171.52|4090f6df	143.36,146.87,103.28,34.07|171.40|4090f6df	37.66,313.90,244.53,22.10|330.40|6ce1b4a1	37.66,314.69,244.53,22.69|331.78|6ce1b4a1	fc90447f47adb63b	fc90447f47adb63b	145933eb3e2124f7
234	V050_VERTICAL+HORIZONTAL_RESIDUAL	DIFFERENT_ON_0909	yes	width	12	393	13	400	12	395	19.25,257.49,337.49,22.10|274.59|0ef40993	19.25,262.50,351.51,22.10|279.59|0ef40993	37.66,78.30,129.20,22.10|94.80|fc2ed280	37.66,170.85,129.20,22.69|187.94|fc2ed280	147f6437ab00474a	4257e4c1d42ae34e	30f4ff478f2f5efd
235	V050_LINE_BOX	SAME_ON_0909	no	-	1	8	1	8	1	8	143.36,146.87,103.28,33.28|171.52|d013bb9c	143.36,146.87,103.28,34.07|171.40|d013bb9c	37.66,336.00,145.35,22.10|352.50|e57d8fa0	37.66,337.38,145.35,22.69|354.48|e57d8fa0	57ebfe8de2a04d70	57ebfe8de2a04d70	0c24a0b818f40d29
236	V050_VERTICAL+HORIZONTAL_RESIDUAL	DIFFERENT_ON_0909	yes	width	11	381	12	393	11	385	19.25,257.49,337.25,22.10|274.59|61a8cec9	19.25,262.50,351.51,22.10|279.59|61a8cec9	37.66,608.60,242.25,22.10|625.10|bbf595ea	37.66,710.03,242.25,22.69|727.12|bbf595ea	c63aca6f838f82b8	8945b3cdfa7ec5f8	4a8604430580664e
237	V050_LINE_BOX	SAME_ON_0909	no	-	1	5	1	5	1	5	143.36,146.87,103.28,33.28|171.52|bee85528	143.36,146.87,103.28,34.07|171.40|bee85528	103.20,213.43,183.60,33.28|237.95|788dcbd8	103.20,214.21,183.60,33.28|238.74|788dcbd8	d5b3385a19b055d6	d5b3385a19b055d6	cde056f6f5ea9f0e
238	V050_VERTICAL+HORIZONTAL_RESIDUAL	DIFFERENT_ON_0909	yes	width	11	356	12	363	11	359	19.25,257.49,337.49,22.10|274.59|6db8a7eb	19.25,262.50,351.51,22.10|279.59|6db8a7eb	37.66,144.60,48.45,22.10|161.10|4e12d435	37.66,236.45,48.45,22.69|253.55|4e12d435	2543a1be9c7ce8e1	5b7a4884036614e1	d4a531a1940be523
239	V050_VERTICAL+HORIZONTAL_RESIDUAL	SAME_ON_0909	no	interior	1	8	1	8	1	8	143.36,146.87,103.28,33.28|171.52|714c9b5e	143.36,146.87,103.28,34.07|171.40|714c9b5e	37.66,336.00,48.45,22.10|352.50|fa791de9	37.66,337.38,48.45,22.69|354.48|fa791de9	8b1865385114e8db	8b1865385114e8db	c31fe67962c28a25
240	V050_VERTICAL+HORIZONTAL_RESIDUAL	DIFFERENT_ON_0909	yes	width	8	270	9	272	8	269	19.25,257.49,337.49,22.10|274.59|1b3edaf0	19.25,262.50,351.51,22.10|279.59|1b3edaf0	37.66,542.30,48.45,22.10|558.80|53c64f81	37.66,551.19,48.45,22.69|568.28|53c64f81	4df5cda44b9ff96b	3690655de4ee1f07	aea7e57e1c3a0ad7
241	V050_LINE_BOX	SAME_ON_0909	no	-	1	5	1	5	1	5	143.36,146.87,103.28,33.28|171.52|090aac8a	143.36,146.87,103.28,34.07|171.40|090aac8a	103.20,213.43,183.60,33.28|237.95|668827ea	103.20,214.21,183.60,33.28|238.74|668827ea	e18b8837c741afe5	e18b8837c741afe5	5288c9b3a3618420
242	V050_VERTICAL+HORIZONTAL_RESIDUAL	DIFFERENT_ON_0909	yes	width	12	394	12	397	12	394	19.25,257.49,337.25,22.10|274.59|b6630bba	19.25,262.50,351.51,22.10|279.59|b6630bba	37.66,56.20,226.10,22.10|72.70|92d401d0	37.66,80.08,226.10,22.69|97.17|92d401d0	9a025b69fe55ee2c	3950617c9a8597f3	5a802b359fc54649
243	V050_LINE_BOX	SAME_ON_0909	no	-	1	5	1	5	1	5	143.36,146.87,103.28,33.28|171.52|fac29f61	143.36,146.87,103.28,34.07|171.40|fac29f61	103.20,213.43,183.60,33.28|237.95|54f5fe5a	103.20,214.21,183.60,33.28|238.74|54f5fe5a	c7812fd1036a0da5	c7812fd1036a0da5	385edec463d77050
244	V050_VERTICAL+HORIZONTAL_RESIDUAL	DIFFERENT_ON_0909	yes	width	11	352	12	357	11	351	19.25,257.49,320.64,22.10|274.59|aa1e1a4b	19.25,262.50,351.51,22.10|279.59|aa1e1a4b	37.66,188.70,242.25,22.10|205.20|923eafc1	37.66,191.66,242.25,22.69|208.75|923eafc1	085b8d3e6c14723b	fe1d1c2f7b4a43da	1b0a338091bbe484
245	V050_LINE_BOX	SAME_ON_0909	no	-	1	5	1	5	1	5	143.36,146.87,103.28,33.28|171.52|09a130ef	143.36,146.87,103.28,34.07|171.40|09a130ef	103.20,213.43,183.60,33.28|237.95|42823863	103.20,214.21,183.60,33.28|238.74|42823863	36716bd9eb810ff3	36716bd9eb810ff3	5c849c5e56525c04
246	V050_VERTICAL+HORIZONTAL_RESIDUAL	DIFFERENT_ON_0909	yes	width	12	418	13	420	12	418	19.25,257.49,337.25,22.10|274.59|ba5b3ee9	19.25,262.50,351.51,22.10|279.59|ba5b3ee9	37.66,542.40,118.28,22.10|558.90|b53cd5e7	37.66,624.69,118.28,22.69|641.79|b53cd5e7	ba7e491019c485ef	c6d19031827af372	134c2dc5160555cc
247	V050_LINE_BOX	SAME_ON_0909	no	-	1	5	1	5	1	5	143.36,146.87,103.28,33.28|171.52|75485ac4	143.36,146.87,103.28,34.07|171.40|75485ac4	103.20,213.43,183.60,33.28|237.95|5623ba39	103.20,214.21,183.60,33.28|238.74|5623ba39	566b50e1062e9cf9	566b50e1062e9cf9	24a9d094a36075ef
248	V050_VERTICAL+HORIZONTAL_RESIDUAL	DIFFERENT_ON_0909	yes	width	13	445	14	451	13	445	19.25,257.49,337.49,22.10|274.59|ec21aaa5	19.25,262.50,351.51,22.10|279.59|ec21aaa5	37.66,498.20,274.55,22.10|514.70|7dd24250	37.66,556.62,274.55,22.69|573.71|7dd24250	5972f04be932d68e	f3be69f719ea1292	63bc7803c11431f1
249	V050_LINE_BOX	SAME_ON_0909	no	-	1	5	1	5	1	5	143.36,146.87,103.28,33.28|171.52|72e0f209	143.36,146.87,103.28,34.07|171.40|72e0f209	103.20,213.43,183.60,33.28|237.95|37995c40	103.20,214.21,183.60,33.28|238.74|37995c40	745245ce35754c06	745245ce35754c06	b4fd1b8b3beb338f
250	V050_VERTICAL+HORIZONTAL_RESIDUAL	DIFFERENT_ON_0909	yes	width	15	516	16	523	15	521	19.25,257.49,337.49,22.10|274.59|08a9d9b1	19.25,262.50,351.51,22.10|279.59|08a9d9b1	37.66,520.30,161.50,22.10|536.80|656db60f	37.66,647.39,161.50,22.69|664.48|656db60f	1f81c5fc95b5d361	03dd05a76375c8d0	acca375d510e30c4
251	V050_LINE_BOX	SAME_ON_0909	no	-	1	5	1	5	1	5	143.36,146.87,103.28,33.28|171.52|a3ddc25a	143.36,146.87,103.28,34.07|171.40|a3ddc25a	103.20,213.43,183.60,33.28|237.95|c85cdb90	103.20,214.21,183.60,33.28|238.74|c85cdb90	509b3f82dccb6b57	509b3f82dccb6b57	a238c0183111c759
252	V050_VERTICAL+HORIZONTAL_RESIDUAL	DIFFERENT_ON_0909	yes	width	14	467	15	477	14	476	19.25,257.49,337.49,22.10|274.59|a577c583	19.25,262.50,351.51,22.10|279.59|a577c583	37.66,233.00,274.55,22.10|249.50|b7a2f81e	37.66,397.77,274.55,22.69|414.86|b7a2f81e	177904343053c70b	30f742c146a3f751	bf8f810bfa052170
253	UNCHANGED	SAME_ON_0909	no	-	1	1	1	1	1	1	15.66,29.00,4.35,22.10|46.09|abfbd10d	15.66,29.00,4.35,22.10|46.09|abfbd10d	15.66,29.00,4.35,22.10|46.09|abfbd10d	15.66,29.00,4.35,22.10|46.09|abfbd10d	6422bd6e577db1df	6422bd6e577db1df	6422bd6e577db1df
254	UNCHANGED	SAME_ON_0909	no	-	1	1	1	1	1	1	19.25,29.00,4.35,22.10|46.09|abfbd10d	19.25,29.00,4.35,22.10|46.09|abfbd10d	19.25,29.00,4.35,22.10|46.09|abfbd10d	19.25,29.00,4.35,22.10|46.09|abfbd10d	cab0f027f7f89a6f	cab0f027f7f89a6f	cab0f027f7f89a6f
255	V050_VERTICAL+HORIZONTAL_RESIDUAL	SAME_ON_0909	no	interior	2	52	2	52	2	52	16.00,249.28,45.90,30.60|272.27|2366052c	16.00,255.13,45.90,30.60|278.13|2366052c	168.66,284.00,169.86,22.10|300.43|f0523a43	168.66,285.59,169.86,22.42|302.02|f0523a43	2b286adb3e1e4b77	2b286adb3e1e4b77	248f08b193c350f8
256	V050_VERTICAL+HORIZONTAL_RESIDUAL	SAME_ON_0909	no	interior	1	24	1	24	1	24	16.00,249.28,61.20,30.60|272.27|aa757848	16.00,255.13,61.20,30.60|278.13|aa757848	15.66,725.28,34.00,22.10|741.71|5c6a9b1f	15.66,732.41,34.00,22.10|748.84|5c6a9b1f	6d40e67d814fa310	6d40e67d814fa310	05eccbaea221fae0
257	V050_LINE_BOX	SAME_ON_0909	no	-	1	3	1	3	1	3	169.50,253.69,51.00,22.10|270.67|9134b008	169.50,253.69,51.00,22.10|270.58|9134b008	93.00,275.79,204.00,22.79|294.20|59a9e492	93.00,275.79,204.00,23.27|293.85|59a9e492	ad7087f348159ebf	ad7087f348159ebf	afa2271758e5827d
258	V050_VERTICAL+HORIZONTAL_RESIDUAL	DIFFERENT_ON_0909	no	width	5	276	6	277	6	277	15.66,232.90,357.00,22.10|249.33|d91f666b	15.66,238.76,358.68,22.10|255.19|d91f666b	34.00,452.85,225.94,17.68|467.14|5f573b2c	34.00,440.40,225.94,23.80|458.34|5f573b2c	93151c85bd2d78f5	cfc14c76cbbc43eb	2b4a6835c5b0059a
259	V050_VERTICAL+HORIZONTAL_RESIDUAL	DIFFERENT_ON_0909	no	interior	10	485	12	491	12	491	16.00,249.28,153.00,30.60|272.27|cd25b767	16.00,255.13,153.00,30.60|278.13|cd25b767	34.00,665.06,225.94,17.68|679.35|5f573b2c	34.00,35.80,225.94,23.80|53.74|5f573b2c	adc570f94c87d592	a5d9639475b71602	5bcd5e6f46294a03
260	V050_VERTICAL+HORIZONTAL_RESIDUAL	DIFFERENT_ON_0909	no	interior	10	461	11	471	11	471	16.00,249.28,198.90,30.60|272.27|c0515732	16.00,255.13,198.90,30.60|278.13|c0515732	34.00,65.05,225.94,17.68|79.35|5f573b2c	34.00,321.40,225.94,23.80|339.34|5f573b2c	721a22c82cc6ce96	2aa66309e34e678d	5bd26da9b14a7964
261	V050_VERTICAL+HORIZONTAL_RESIDUAL	DIFFERENT_ON_0909	no	interior	9	427	11	431	10	431	16.00,249.28,183.60,30.60|272.27|09171075	16.00,255.13,183.60,30.60|278.13|09171075	34.00,594.32,225.94,17.68|608.61|5f573b2c	34.00,726.00,225.94,23.80|743.94|5f573b2c	3c375cb832ca134a	e583196ed154b378	6426e933c5b36fe3
262	V050_LINE_BOX	SAME_ON_0909	no	-	1	3	1	3	1	3	169.50,253.69,51.00,22.10|270.67|50b57dc0	169.50,253.69,51.00,22.10|270.58|50b57dc0	93.00,275.79,204.00,22.79|294.20|756b7aec	93.00,275.79,204.00,23.27|293.85|756b7aec	d5b35e18f5174b0d	d5b35e18f5174b0d	92ad61891f874b92
263	V050_VERTICAL+HORIZONTAL_RESIDUAL	DIFFERENT_ON_0909	no	width	3	189	4	188	4	188	15.66,232.90,204.00,22.10|249.99|82cc4856	15.66,238.76,212.78,22.76|255.85|82cc4856	34.00,719.37,32.30,17.68|733.66|fa6e2616	34.00,488.00,32.30,23.80|505.94|fa6e2616	183458efff976d5e	621d38c77174a2c6	b27719046fb2dffd
264	V050_VERTICAL+HORIZONTAL_RESIDUAL	DIFFERENT_ON_0909	no	interior	22	881	25	904	24	904	16.00,249.28,143.84,30.60|272.27|5c6a24c0	16.00,255.13,143.84,30.60|278.13|5c6a24c0	34.00,684.00,32.30,17.68|698.29|fa6e2616	34.00,83.40,32.30,23.80|101.34|fa6e2616	7177d33e9d08432a	0f3e8b67f3d1602a	36844dadd4224dbe
265	V050_VERTICAL+HORIZONTAL_RESIDUAL	DIFFERENT_ON_0909	no	interior	9	447	11	451	10	451	16.00,249.28,61.20,30.60|272.27|b8258093	16.00,255.13,61.20,30.60|278.13|b8258093	34.00,701.69,32.30,17.68|715.98|fa6e2616	34.00,583.20,32.30,23.80|601.14|fa6e2616	98d046dd0def4c45	c6340592ca4f42e7	da1ad9cba6bf927e
266	V050_LINE_BOX	SAME_ON_0909	no	-	1	3	1	3	1	3	169.50,253.69,51.00,22.10|270.67|c59b4c14	169.50,253.69,51.00,22.10|270.58|c59b4c14	82.80,275.79,224.40,22.79|294.20|85ab897e	82.80,275.79,224.40,23.27|293.85|85ab897e	790ea23e4cf9c6d9	790ea23e4cf9c6d9	d28a0de9ea7bb256
267	V050_VERTICAL+HORIZONTAL_RESIDUAL	SAME_ON_0909	no	width	1	11	1	11	1	11	15.66,232.90,357.00,22.10|249.33|c91704a3	15.66,238.76,358.68,22.10|255.19|c91704a3	15.66,409.70,68.00,22.10|426.13|282c103a	15.66,415.88,68.00,22.10|432.31|282c103a	c541b40c0dd52454	c541b40c0dd52454	e03d057985171504
268	V050_VERTICAL+HORIZONTAL_RESIDUAL	DIFFERENT_ON_0909	no	interior	6	230	6	233	6	233	16.00,249.28,168.30,30.60|272.27|0bcc3850	16.00,255.13,168.30,30.60|278.13|0bcc3850	34.00,12.00,153.18,17.68|26.29|72222e51	34.00,488.00,153.18,23.80|505.94|72222e51	6fb673fe15aef88a	4e05a17ff6af291e	10441170d3bd0ce2
269	V050_VERTICAL+HORIZONTAL_RESIDUAL	DIFFERENT_ON_0909	no	interior	8	309	9	316	9	316	16.00,249.28,122.40,30.60|272.27|e9aebbdf	16.00,255.13,122.40,30.60|278.13|e9aebbdf	34.00,418.74,153.18,17.68|433.03|72222e51	34.00,154.80,153.18,23.80|172.74|72222e51	0bd2887f58fdbee7	9481e7c0b75ec0cb	c12d1a89b89e2136
270	V050_VERTICAL+HORIZONTAL_RESIDUAL	DIFFERENT_ON_0909	no	interior	12	517	13	522	12	522	16.00,249.28,122.40,30.60|272.27|ff8c6ec0	16.00,255.13,122.40,30.60|278.13|ff8c6ec0	34.00,171.16,153.18,17.68|185.45|72222e51	34.00,726.00,153.18,23.80|743.94|72222e51	b7bfbdb0c6d1f93b	15cafc03af2585fb	99c1356bac11319b
271	V050_VERTICAL+HORIZONTAL_RESIDUAL	DIFFERENT_ON_0909	no	interior	22	983	24	999	23	999	16.00,249.28,122.40,30.60|272.27|9d6ba82a	16.00,255.13,122.40,30.60|278.13|9d6ba82a	34.00,383.37,153.18,17.68|397.66|72222e51	34.00,511.80,153.18,23.80|529.74|72222e51	cc5dc5959e3f6b7f	5771ae8514b1abc0	964c8f05251ed4e5
272	V050_LINE_BOX	SAME_ON_0909	no	-	1	9	1	9	1	9	99.84,158.40,17.00,20.40|174.53|af50a0fe	99.84,158.40,17.00,20.40|174.44|af50a0fe	32.30,293.61,25.50,28.49|316.62|c7cce240	32.30,284.65,25.50,25.50|306.17|c7cce240	076dc7087e165c2e	076dc7087e165c2e	f1f37e6d65a6a878
273	UNCHANGED	SAME_ON_0909	no	-	1	1	1	1	1	1	19.25,29.00,4.35,22.10|46.09|abfbd10d	19.25,29.00,4.35,22.10|46.09|abfbd10d	19.25,29.00,4.35,22.10|46.09|abfbd10d	19.25,29.00,4.35,22.10|46.09|abfbd10d	cab0f027f7f89a6f	cab0f027f7f89a6f	cab0f027f7f89a6f
274	UNCHANGED	SAME_ON_0909	no	-	1	1	1	1	1	1	19.25,29.00,4.35,22.10|46.09|abfbd10d	19.25,29.00,4.35,22.10|46.09|abfbd10d	19.25,29.00,4.35,22.10|46.09|abfbd10d	19.25,29.00,4.35,22.10|46.09|abfbd10d	cab0f027f7f89a6f	cab0f027f7f89a6f	cab0f027f7f89a6f
275	UNCHANGED	SAME_ON_0909	no	-	1	1	1	1	1	1	19.25,29.00,4.35,22.10|46.09|abfbd10d	19.25,29.00,4.35,22.10|46.09|abfbd10d	19.25,29.00,4.35,22.10|46.09|abfbd10d	19.25,29.00,4.35,22.10|46.09|abfbd10d	cab0f027f7f89a6f	cab0f027f7f89a6f	cab0f027f7f89a6f
276	UNCHANGED	SAME_ON_0909	no	-	1	1	1	1	1	1	19.25,29.00,4.35,22.10|46.09|abfbd10d	19.25,29.00,4.35,22.10|46.09|abfbd10d	19.25,29.00,4.35,22.10|46.09|abfbd10d	19.25,29.00,4.35,22.10|46.09|abfbd10d	cab0f027f7f89a6f	cab0f027f7f89a6f	cab0f027f7f89a6f
277	UNCHANGED	SAME_ON_0909	no	-	1	1	1	1	1	1	19.25,29.00,4.35,22.10|46.09|abfbd10d	19.25,29.00,4.35,22.10|46.09|abfbd10d	19.25,29.00,4.35,22.10|46.09|abfbd10d	19.25,29.00,4.35,22.10|46.09|abfbd10d	cab0f027f7f89a6f	cab0f027f7f89a6f	cab0f027f7f89a6f
278	V050_VERTICAL+HORIZONTAL_RESIDUAL	DIFFERENT_ON_0909	no	x	16	27	16	27	16	27	141.70,29.85,17.69,23.21|47.80|0cff3c9b	128.46,29.85,18.19,23.21|47.80|0cff3c9b	170.70,543.80,48.61,19.12|558.80|f379108b	172.10,548.81,45.81,19.12|563.88|f379108b	9abf0b479015da68	35f58e77e2a2fcc4	60a6e6b7078c7b64
279	V050_VERTICAL+HORIZONTAL_RESIDUAL	DIFFERENT_ON_0909	no	x	5	18	5	18	5	18	130.59,29.85,17.69,23.21|47.80|e0d5a9cb	114.10,29.85,18.19,23.21|47.80|e0d5a9cb	174.12,543.80,41.76,19.12|558.80|61022c23	175.12,548.81,39.76,19.12|563.88|61022c23	23811d4555c21942	2e03afb78c10dc98	449ff29af9c99cae
280	V050_VERTICAL+HORIZONTAL_RESIDUAL	DIFFERENT_ON_0909	no	interior	12	748	15	749	15	749	15.66,232.90,187.00,22.10|249.33|eba3658d	15.66,238.76,187.00,22.10|255.19|eba3658d	34.00,241.90,96.42,17.68|256.19|31f6ceea	34.00,583.20,96.42,23.80|601.14|31f6ceea	e1a1155dad9908b6	5f41094c343dee3b	00bfa99416df5108
281	V050_VERTICAL+HORIZONTAL_RESIDUAL	DIFFERENT_ON_0909	no	interior	25	1230	29	1244	28	1244	16.00,247.92,183.60,30.60|270.91|690b9344	16.00,253.78,183.60,30.60|276.77|690b9344	34.00,47.37,96.42,17.68|61.66|31f6ceea	34.00,773.60,96.42,23.80|791.54|31f6ceea	330d45a823dd26c0	3b625b5bbc81557a	9d852db385256dc0
282	V050_VERTICAL+HORIZONTAL_RESIDUAL	DIFFERENT_ON_0909	no	interior	26	1257	31	1272	30	1272	16.00,247.92,229.50,30.60|270.91|96b5f4a7	16.00,253.78,229.50,30.60|276.77|96b5f4a7	34.00,153.47,96.42,17.68|167.77|31f6ceea	34.00,178.60,96.42,23.80|196.54|31f6ceea	90b683ff7aec52be	94572bbadab12398	0a733d46094209a7
283	V050_VERTICAL+HORIZONTAL_RESIDUAL	DIFFERENT_ON_0909	no	interior	21	1104	25	1113	25	1113	16.00,247.92,220.34,30.60|270.91|4c234be1	16.00,253.78,220.34,30.60|276.77|4c234be1	34.00,471.79,96.42,17.68|486.08|31f6ceea	34.00,226.20,96.42,23.80|244.14|31f6ceea	1374af143d08b722	52f1b4d0ef06ba08	3cbcd8eb271f7a03
284	V050_VERTICAL+HORIZONTAL_RESIDUAL	DIFFERENT_ON_0909	no	interior	21	1155	26	1158	25	1158	16.00,247.92,137.70,30.60|270.91|a4e2d4ec	16.00,253.78,137.70,30.60|276.77|a4e2d4ec	34.00,772.42,96.42,17.68|786.72|31f6ceea	34.00,535.60,96.42,23.80|553.54|31f6ceea	6a07a248d36da8b2	676482000031f142	41c79c0f258c0544
285	V050_VERTICAL+HORIZONTAL_RESIDUAL	DIFFERENT_ON_0909	no	interior	38	1805	44	1838	42	1838	16.00,247.92,198.90,30.60|270.91|4479ed23	16.00,253.78,198.90,30.60|276.77|4479ed23	34.00,312.63,96.42,17.68|326.92|31f6ceea	34.00,559.40,96.42,23.80|577.34|31f6ceea	1263aba16b3da30d	779d474e291b0d4a	600ba43f8ba1be04
286	V050_VERTICAL+HORIZONTAL_RESIDUAL	DIFFERENT_ON_0909	no	interior	28	1254	33	1271	32	1271	16.00,247.92,122.40,30.60|270.91|db7a5ca3	16.00,253.78,122.40,30.60|276.77|db7a5ca3	34.00,12.00,96.42,17.68|26.29|31f6ceea	34.00,321.40,96.42,23.80|339.34|31f6ceea	bead2d73093e8865	2ce6989c364ee51c	ceb39ca3e60cb969
287	V050_VERTICAL+HORIZONTAL_RESIDUAL	DIFFERENT_ON_0909	no	interior	14	811	18	816	17	816	16.00,247.92,61.20,30.60|270.91|9b2b64f5	16.00,253.78,61.20,30.60|276.77|9b2b64f5	34.00,153.47,96.42,17.68|167.77|31f6ceea	34.00,559.40,96.42,23.80|577.34|31f6ceea	e13935524f5ab387	191f2c421721c7e2	ac4a2657c381c93a
288	V050_LINE_BOX	SAME_ON_0909	no	-	1	9	1	9	1	9	99.84,158.40,17.00,20.40|174.53|af50a0fe	99.84,158.40,17.00,20.40|174.44|af50a0fe	32.30,293.61,25.50,28.49|316.62|c7cce240	32.30,284.65,25.50,25.50|306.17|c7cce240	9d04e09328263b8b	9d04e09328263b8b	0227fd778418344f
289	UNCHANGED	SAME_ON_0909	no	-	1	1	1	1	1	1	19.25,29.00,4.35,22.10|46.09|abfbd10d	19.25,29.00,4.35,22.10|46.09|abfbd10d	19.25,29.00,4.35,22.10|46.09|abfbd10d	19.25,29.00,4.35,22.10|46.09|abfbd10d	cab0f027f7f89a6f	cab0f027f7f89a6f	cab0f027f7f89a6f
290	UNCHANGED	SAME_ON_0909	no	-	1	1	1	1	1	1	19.25,29.00,4.35,22.10|46.09|abfbd10d	19.25,29.00,4.35,22.10|46.09|abfbd10d	19.25,29.00,4.35,22.10|46.09|abfbd10d	19.25,29.00,4.35,22.10|46.09|abfbd10d	cab0f027f7f89a6f	cab0f027f7f89a6f	cab0f027f7f89a6f
291	V050_VERTICAL+HORIZONTAL_RESIDUAL	DIFFERENT_ON_0909	no	x	11	22	11	22	11	22	141.70,29.85,17.69,23.21|47.80|7f327f7e	128.46,29.85,18.19,23.21|47.80|7f327f7e	174.12,543.80,41.76,19.12|558.80|720f3fd0	175.11,548.81,39.78,19.12|563.88|720f3fd0	cbf7573fc3401d13	b180ee7812f2f81a	f638d029a6e5f697
292	V050_VERTICAL+HORIZONTAL_RESIDUAL	DIFFERENT_ON_0909	no	width	12	697	15	697	15	697	15.66,232.90,357.00,22.10|249.33|e2b41d43	15.66,238.76,358.68,22.10|255.19|e2b41d43	228.70,118.11,112.89,17.68|132.40|7aebad3a	228.70,345.20,112.89,23.80|363.14|7aebad3a	4c92a398fe196a3f	b2ffe611e39f50fd	c79f28829b9c8bdf
293	V050_VERTICAL+HORIZONTAL_RESIDUAL	DIFFERENT_ON_0909	no	interior	16	896	20	906	20	906	16.00,247.92,153.00,30.60|270.91|a433bd70	16.00,253.78,153.00,30.60|276.77|a433bd70	228.70,595.58,112.89,17.68|609.87|7aebad3a	228.70,226.20,112.89,23.80|244.14|7aebad3a	f6da04b8c89103c8	eb2130fc2e935f5f	a81bfe4ac9c656f6
294	V050_VERTICAL+HORIZONTAL_RESIDUAL	DIFFERENT_ON_0909	no	interior	29	1497	34	1519	33	1519	16.00,247.92,137.70,30.60|270.91|b8643c07	16.00,253.78,137.70,30.60|276.77|b8643c07	228.70,595.58,112.89,17.68|609.87|7aebad3a	228.70,654.60,112.89,23.80|672.54|7aebad3a	f40df0f64af891fb	76e27f811c1def50	ff05cd3d77f4ea8c
295	V050_VERTICAL+HORIZONTAL_RESIDUAL	DIFFERENT_ON_0909	no	interior	42	1896	48	1918	46	1918	16.00,247.92,137.70,30.60|270.91|6d1ae74a	16.00,253.78,137.70,30.60|276.77|6d1ae74a	228.70,100.42,112.89,17.68|114.71|7aebad3a	228.70,297.60,112.89,23.80|315.54|7aebad3a	85d686cf2280b13c	aa550d3ef3d246c7	a3fb22055a944ceb
296	V050_VERTICAL+HORIZONTAL_RESIDUAL	DIFFERENT_ON_0909	no	interior	24	1140	28	1158	28	1158	16.00,247.92,107.10,30.60|270.91|0d0b4b92	16.00,253.78,107.10,30.60|276.77|0d0b4b92	228.70,294.95,112.89,17.68|309.24|7aebad3a	228.70,154.80,112.89,23.80|172.74|7aebad3a	6e4ff37285a16805	3d32a9ef0e286469	3de068eb0d7c095b
297	V050_VERTICAL+HORIZONTAL_RESIDUAL	DIFFERENT_ON_0909	no	interior	25	1157	29	1169	28	1169	16.00,247.92,137.70,30.60|270.91|c0579e8a	16.00,253.78,137.70,30.60|276.77|c0579e8a	228.70,12.00,112.89,17.68|26.29|7aebad3a	228.70,607.00,112.89,23.80|624.94|7aebad3a	59f491fc4a119b00	21fa24d615339605	53e641af1e187e9d
298	V050_VERTICAL+HORIZONTAL_RESIDUAL	DIFFERENT_ON_0909	no	interior	45	2016	53	2069	50	2069	16.00,247.92,107.10,30.60|270.91|1b2f2067	16.00,253.78,107.10,30.60|276.77|1b2f2067	228.70,719.37,112.89,17.68|733.66|7aebad3a	228.70,630.80,112.89,23.80|648.74|7aebad3a	b3f24f5fcf6816b1	3836a59f787ea893	0538b6540c1ae0bf
299	V050_VERTICAL+HORIZONTAL_RESIDUAL	DIFFERENT_ON_0909	no	interior	27	1220	31	1238	30	1238	16.00,247.92,137.70,30.60|270.91|90f96215	16.00,253.78,137.70,30.60|276.77|90f96215	228.70,135.79,112.89,17.68|150.08|7aebad3a	228.70,702.20,112.89,23.80|720.14|7aebad3a	40542f1d3d721387	273fdf87517d0aa8	8695784877461806
300	V050_VERTICAL+HORIZONTAL_RESIDUAL	DIFFERENT_ON_0909	no	interior	13	750	17	755	16	755	16.00,247.92,76.50,30.60|270.91|907dfa50	16.00,253.78,76.50,30.60|276.77|907dfa50	228.70,401.05,112.89,17.68|415.35|7aebad3a	228.70,773.60,112.89,23.80|791.54|7aebad3a	31f78712e47724fc	ed1c24b122a03239	10c5453efeacc852
301	V050_LINE_BOX	SAME_ON_0909	no	-	1	9	1	9	1	9	99.84,158.40,17.00,20.40|174.53|af50a0fe	99.84,158.40,17.00,20.40|174.44|af50a0fe	32.30,293.61,25.50,28.49|316.62|c7cce240	32.30,284.65,25.50,25.50|306.17|c7cce240	4b2f9ddeb215aa09	4b2f9ddeb215aa09	f8b452cac404dc06
302	UNCHANGED	SAME_ON_0909	no	-	1	1	1	1	1	1	19.25,29.00,4.35,22.10|46.09|abfbd10d	19.25,29.00,4.35,22.10|46.09|abfbd10d	19.25,29.00,4.35,22.10|46.09|abfbd10d	19.25,29.00,4.35,22.10|46.09|abfbd10d	cab0f027f7f89a6f	cab0f027f7f89a6f	cab0f027f7f89a6f
303	UNCHANGED	SAME_ON_0909	no	-	1	1	1	1	1	1	19.25,29.00,4.35,22.10|46.09|abfbd10d	19.25,29.00,4.35,22.10|46.09|abfbd10d	19.25,29.00,4.35,22.10|46.09|abfbd10d	19.25,29.00,4.35,22.10|46.09|abfbd10d	cab0f027f7f89a6f	cab0f027f7f89a6f	cab0f027f7f89a6f
304	V050_VERTICAL+HORIZONTAL_RESIDUAL	DIFFERENT_ON_0909	no	x	1	12	1	12	1	12	141.70,29.85,17.69,23.21|47.80|6bc42385	128.46,29.85,18.19,23.21|47.80|6bc42385	175.44,639.13,39.12,19.12|654.14|260fbd8e	176.68,644.14,36.65,19.12|659.21|260fbd8e	f3ecaae099e4a47e	ad89f1d131ee692b	8188d86459e9f78c
305	UNCHANGED	SAME_ON_0909	no	-	1	1	1	1	1	1	15.66,29.00,4.35,22.10|46.09|abfbd10d	15.66,29.00,4.35,22.10|46.09|abfbd10d	15.66,29.00,4.35,22.10|46.09|abfbd10d	15.66,29.00,4.35,22.10|46.09|abfbd10d	6422bd6e577db1df	6422bd6e577db1df	6422bd6e577db1df
306	V050_VERTICAL+HORIZONTAL_RESIDUAL	DIFFERENT_ON_0909	no	interior	1	21	2	22	1	22	16.00,247.92,198.90,30.60|270.91|1ae9b123	16.00,253.78,198.90,30.60|276.77|1ae9b123	15.66,778.32,46.54,22.10|795.42|edd8434f	15.66,806.28,168.98,22.10|823.37|32c8c905	0d72e45ef14abf81	0ad18af736ba5328	9991c51404cc05de
307	V050_VERTICAL+HORIZONTAL_RESIDUAL	DIFFERENT_ON_0909	no	interior	29	939	32	971	30	971	16.00,247.92,198.90,30.60|270.91|15d98f20	16.00,253.78,198.90,30.60|276.77|15d98f20	34.00,241.90,225.78,17.68|256.19|754db52b	34.00,416.60,225.78,23.80|434.54|754db52b	52eeb54e9b06044f	096ebbe919d815b5	f01d5caf84bda00b
308	V050_VERTICAL+HORIZONTAL_RESIDUAL	DIFFERENT_ON_0909	no	interior	5	164	6	167	6	167	16.00,247.92,168.30,30.60|270.91|d04aa3e6	16.00,253.78,168.30,30.60|276.77|d04aa3e6	34.00,798.07,258.08,17.68|812.36|139bf9c5	34.00,202.40,258.08,23.80|220.34|139bf9c5	d7b8db9d2a0fe4db	3147d0c5a2b1696e	5259a0f17af7c856
309	V050_VERTICAL+HORIZONTAL_RESIDUAL	DIFFERENT_ON_0909	no	interior	13	388	15	400	14	400	16.00,247.92,168.30,30.60|270.91|fcb20a2c	16.00,253.78,168.30,30.60|276.77|fcb20a2c	34.00,554.97,290.70,17.68|569.26|2d9e60d3	34.00,250.00,290.70,23.80|267.94|2d9e60d3	bdad7912ee342293	ee6fc2a3f2ec8ff1	3e39aa7c0878785c
310	V050_VERTICAL+HORIZONTAL_RESIDUAL	DIFFERENT_ON_0909	no	interior	24	882	27	898	26	898	16.00,247.92,137.70,30.60|270.91|94027df8	16.00,253.78,137.70,30.60|276.77|94027df8	34.00,773.75,177.17,17.68|788.05|1d529b53	34.00,59.60,177.17,23.80|77.54|1d529b53	5fc70c7325834ddc	cb076f9766523dd0	fb22353e2ad53c9c
311	V050_VERTICAL+HORIZONTAL_RESIDUAL	DIFFERENT_ON_0909	no	interior	18	588	20	602	19	602	16.00,247.92,214.20,30.60|270.91|d3ecbec5	16.00,253.78,214.20,30.60|276.77|d3ecbec5	34.00,65.05,274.07,17.68|79.35|9df62b42	34.00,59.60,274.07,23.80|77.54|9df62b42	c9df09b197f1b674	c9013dcd0a4f35b1	2cf3df1af1dae6e9
312	V050_LINE_BOX	SAME_ON_0909	no	-	1	9	1	9	1	9	99.84,158.40,17.00,20.40|174.53|af50a0fe	99.84,158.40,17.00,20.40|174.44|af50a0fe	32.30,293.61,25.50,28.49|316.62|c7cce240	32.30,284.65,25.50,25.50|306.17|c7cce240	a44984adceacc8de	a44984adceacc8de	e7b69b28e13382d5
313	UNCHANGED	SAME_ON_0909	no	-	1	1	1	1	1	1	19.25,29.00,4.35,22.10|46.09|abfbd10d	19.25,29.00,4.35,22.10|46.09|abfbd10d	19.25,29.00,4.35,22.10|46.09|abfbd10d	19.25,29.00,4.35,22.10|46.09|abfbd10d	cab0f027f7f89a6f	cab0f027f7f89a6f	cab0f027f7f89a6f
314	UNCHANGED	SAME_ON_0909	no	-	1	1	1	1	1	1	19.25,29.00,4.35,22.10|46.09|abfbd10d	19.25,29.00,4.35,22.10|46.09|abfbd10d	19.25,29.00,4.35,22.10|46.09|abfbd10d	19.25,29.00,4.35,22.10|46.09|abfbd10d	cab0f027f7f89a6f	cab0f027f7f89a6f	cab0f027f7f89a6f
315	UNCHANGED	SAME_ON_0909	no	-	1	1	1	1	1	1	19.25,29.00,4.35,22.10|46.09|abfbd10d	19.25,29.00,4.35,22.10|46.09|abfbd10d	19.25,29.00,4.35,22.10|46.09|abfbd10d	19.25,29.00,4.35,22.10|46.09|abfbd10d	cab0f027f7f89a6f	cab0f027f7f89a6f	cab0f027f7f89a6f
316	V050_VERTICAL+HORIZONTAL_RESIDUAL	DIFFERENT_ON_0909	no	x	7	18	7	18	7	18	141.70,29.85,17.69,23.21|47.80|6bc42385	128.46,29.85,18.19,23.21|47.80|6bc42385	174.19,543.80,41.61,19.12|558.80|8c78052a	175.19,548.81,39.62,19.12|563.88|8c78052a	907f2964d0963293	ddb0908a9a106c6e	0d66a3227c2c63f2
317	V050_VERTICAL+HORIZONTAL_RESIDUAL	DIFFERENT_ON_0909	no	width	9	589	12	589	12	589	15.66,232.90,340.00,22.10|249.33|db3f08ba	15.66,238.76,358.68,22.10|255.19|db3f08ba	147.28,577.90,64.44,17.68|592.19|b4260572	147.28,392.80,64.44,23.80|410.74|b4260572	4e323de7a10bc8dc	d3c719e7eb599c54	539003b655ace886
318	V050_VERTICAL+HORIZONTAL_RESIDUAL	DIFFERENT_ON_0909	no	interior	16	885	20	892	19	892	16.00,247.92,76.50,30.60|270.91|b145448b	16.00,253.78,76.50,30.60|276.77|b145448b	147.28,719.37,64.44,17.68|733.66|b4260572	147.28,702.20,64.44,23.80|720.14|b4260572	7c14cea7c488cd8b	72d175267123ff05	ff78d4cd265a954a
319	V050_VERTICAL+HORIZONTAL_RESIDUAL	DIFFERENT_ON_0909	no	interior	19	965	23	978	23	978	16.00,247.92,137.70,30.60|270.91|e18735ab	16.00,253.78,137.70,30.60|276.77|e18735ab	147.28,701.69,64.44,17.68|715.98|b4260572	147.28,35.80,64.44,23.80|53.74|b4260572	1db4d873a302c443	e4f143f642432d86	d3456781e6cb64f8
320	V050_VERTICAL+HORIZONTAL_RESIDUAL	DIFFERENT_ON_0909	no	interior	20	1068	24	1078	23	1078	16.00,247.92,137.70,30.60|270.91|0f2a0745	16.00,253.78,137.70,30.60|276.77|0f2a0745	147.28,259.58,64.44,17.68|273.87|b4260572	147.28,297.60,64.44,23.80|315.54|b4260572	5819728f32445efc	26594bcea0238f30	760d7d45da171103
321	V050_VERTICAL+HORIZONTAL_RESIDUAL	DIFFERENT_ON_0909	no	interior	36	1733	42	1759	40	1759	16.00,247.92,137.70,30.60|270.91|b79d50b5	16.00,253.78,137.70,30.60|276.77|b79d50b5	147.28,330.32,64.44,17.68|344.61|b4260572	147.28,154.80,64.44,23.80|172.74|b4260572	29d56350f23f5617	a29879629335699d	fe989439b85e9edd
322	V050_VERTICAL+HORIZONTAL_RESIDUAL	DIFFERENT_ON_0909	no	interior	17	911	21	922	20	922	16.00,247.92,198.90,30.60|270.91|46158a17	16.00,253.78,198.90,30.60|276.77|46158a17	147.28,684.00,64.44,17.68|698.29|b4260572	147.28,654.60,64.44,23.80|672.54|b4260572	448a7f08802d826d	24e0ec95bf0212b2	52b0171e7fbec64e
323	V050_VERTICAL+HORIZONTAL_RESIDUAL	DIFFERENT_ON_0909	no	interior	14	767	17	773	17	773	16.00,247.92,107.10,30.60|270.91|b49131a1	16.00,253.78,107.10,30.60|276.77|b49131a1	147.28,259.58,64.44,17.68|273.87|b4260572	147.28,154.80,64.44,23.80|172.74|b4260572	03c591493b125437	b42302b168ca2a5f	ce1d19d574ee342d
324	V050_VERTICAL+HORIZONTAL_RESIDUAL	DIFFERENT_ON_0909	no	interior	12	682	15	686	15	686	16.00,247.92,76.50,30.60|270.91|9a3dd8a4	16.00,253.78,76.50,30.60|276.77|9a3dd8a4	147.28,312.63,64.44,17.68|326.92|b4260572	147.28,202.40,64.44,23.80|220.34|b4260572	9fd0fc62b584580e	64ebc2c2ea872a48	5da6d017c326f75a
325	V050_LINE_BOX	SAME_ON_0909	no	-	1	9	1	9	1	9	99.84,158.40,17.00,20.40|174.53|af50a0fe	99.84,158.40,17.00,20.40|174.44|af50a0fe	32.30,293.61,25.50,28.49|316.62|c7cce240	32.30,284.65,25.50,25.50|306.17|c7cce240	b12b1f0c72722933	b12b1f0c72722933	6daeb419feefd7b1
326	UNCHANGED	SAME_ON_0909	no	-	1	1	1	1	1	1	19.25,29.00,4.35,22.10|46.09|abfbd10d	19.25,29.00,4.35,22.10|46.09|abfbd10d	19.25,29.00,4.35,22.10|46.09|abfbd10d	19.25,29.00,4.35,22.10|46.09|abfbd10d	cab0f027f7f89a6f	cab0f027f7f89a6f	cab0f027f7f89a6f
327	V050_VERTICAL+HORIZONTAL_RESIDUAL	DIFFERENT_ON_0909	no	x	3	14	3	14	3	14	141.70,29.85,17.69,23.21|47.80|6bc42385	128.46,29.85,18.19,23.21|47.80|6bc42385	174.19,543.80,41.61,19.12|558.80|8c78052a	175.19,548.81,39.62,19.12|563.88|8c78052a	e689d6dbb94c33c4	4ad3f0de868dd2ef	d653f1ab821d336c
328	V050_VERTICAL+HORIZONTAL_RESIDUAL	DIFFERENT_ON_0909	no	width	3	126	3	126	3	126	15.66,232.90,357.00,22.10|249.33|6800d992	15.66,238.76,358.68,22.10|255.19|6800d992	34.00,241.90,80.27,17.68|256.19|4acebea5	34.00,654.60,80.27,23.80|672.54|4acebea5	418a47ffe76627fa	1e7839e4f2cd9264	601c9d341bf6904a
329	V050_VERTICAL+HORIZONTAL_RESIDUAL	DIFFERENT_ON_0909	no	interior	7	304	8	312	8	312	16.00,247.92,183.60,30.60|270.91|d621f0d1	16.00,253.78,183.60,30.60|276.77|d621f0d1	34.00,259.58,80.27,17.68|273.87|4acebea5	34.00,35.80,80.27,23.80|53.74|4acebea5	3846522f4bd93d95	aba076242f0042ef	47a9920ec08b9f08
330	V050_VERTICAL+HORIZONTAL_RESIDUAL	DIFFERENT_ON_0909	no	interior	11	440	13	448	12	448	16.00,247.92,214.20,30.60|270.91|a91f51ef	16.00,253.78,214.20,30.60|276.77|a91f51ef	34.00,613.26,80.27,17.68|627.56|4acebea5	34.00,416.60,80.27,23.80|434.54|4acebea5	4dcbe1769a8afcc4	e60fff9bceb2b6a6	f4e624eb0d70b43e
331	V050_VERTICAL+HORIZONTAL_RESIDUAL	DIFFERENT_ON_0909	no	interior	10	373	11	383	11	383	16.00,247.92,137.70,30.60|270.91|6655cdff	16.00,253.78,137.70,30.60|276.77|6655cdff	34.00,489.47,80.27,17.68|503.77|4acebea5	34.00,273.80,80.27,23.80|291.74|4acebea5	29a01095ce48099a	16324ddbb7e1bbe0	ae68875e7c953b13
332	V050_VERTICAL+HORIZONTAL_RESIDUAL	DIFFERENT_ON_0909	no	interior	6	244	7	253	7	253	16.00,247.92,76.50,30.60|270.91|694943ed	16.00,253.78,76.50,30.60|276.77|694943ed	34.00,542.53,80.27,17.68|556.82|4acebea5	34.00,369.00,80.27,23.80|386.94|4acebea5	b6d083095bbf08f5	8750f5b0486a801d	48df6e4644c3da55
333	V050_VERTICAL+HORIZONTAL_RESIDUAL	DIFFERENT_ON_0909	no	interior	8	301	9	304	8	304	16.00,247.92,168.30,30.60|270.91|59960cbf	16.00,253.78,168.30,30.60|276.77|59960cbf	34.00,294.95,80.27,17.68|309.24|4acebea5	34.00,797.40,80.27,23.80|815.34|4acebea5	c5cc0a66e52503bb	7c12945282a84dd2	2006f5ef4f4080fd
334	V050_VERTICAL+HORIZONTAL_RESIDUAL	DIFFERENT_ON_0909	no	interior	4	166	5	168	5	168	16.00,247.92,91.80,30.60|270.91|4762c74f	16.00,253.78,91.80,30.60|276.77|4762c74f	34.00,507.16,80.27,17.68|521.45|4acebea5	34.00,131.00,80.27,23.80|148.94|4acebea5	e90d905f7c54a6fb	acabd8325d79b038	d94c230e7b7ee0c7
335	V050_LINE_BOX	SAME_ON_0909	no	-	1	9	1	9	1	9	99.84,158.40,17.00,20.40|174.53|af50a0fe	99.84,158.40,17.00,20.40|174.44|af50a0fe	32.30,293.61,25.50,28.49|316.62|c7cce240	32.30,284.65,25.50,25.50|306.17|c7cce240	3943724e82457429	3943724e82457429	e40d180174f59630
336	UNCHANGED	SAME_ON_0909	no	-	1	1	1	1	1	1	19.25,29.00,4.35,22.10|46.09|abfbd10d	19.25,29.00,4.35,22.10|46.09|abfbd10d	19.25,29.00,4.35,22.10|46.09|abfbd10d	19.25,29.00,4.35,22.10|46.09|abfbd10d	cab0f027f7f89a6f	cab0f027f7f89a6f	cab0f027f7f89a6f
337	V050_VERTICAL+HORIZONTAL_RESIDUAL	DIFFERENT_ON_0909	no	x	5	16	5	16	5	16	141.70,29.85,17.69,23.21|47.80|6bc42385	128.46,29.85,18.19,23.21|47.80|6bc42385	174.26,543.80,41.48,19.12|558.80|85c70b66	175.16,548.81,39.68,19.12|563.88|85c70b66	4a3a1eb775b8e7f5	009a987ff6daf9f4	58aeb76c41e841a6
338	V050_VERTICAL+HORIZONTAL_RESIDUAL	DIFFERENT_ON_0909	no	width	4	203	5	203	5	203	15.66,232.90,357.00,22.10|249.33|6996ce55	15.66,238.76,358.68,22.10|255.19|6996ce55	108.70,348.00,246.84,17.68|362.29|602a363f	108.70,297.60,246.84,23.80|315.54|602a363f	4c971085440140b0	e7a7aefce3a2bfb4	28762afc109cda38
339	V050_VERTICAL+HORIZONTAL_RESIDUAL	DIFFERENT_ON_0909	no	interior	7	320	8	322	8	322	16.00,247.92,137.70,30.60|270.91|26cef976	16.00,253.78,137.70,30.60|276.77|26cef976	108.70,294.95,246.84,17.68|309.24|602a363f	108.70,369.00,246.84,23.80|386.94|602a363f	d9c039a4a9fe4432	2bb4b2551c20dccd	5a7895cf43c1fc65
340	V050_VERTICAL+HORIZONTAL_RESIDUAL	DIFFERENT_ON_0909	no	interior	15	635	17	649	16	649	16.00,247.92,214.20,30.60|270.91|615a7a26	16.00,253.78,214.20,30.60|276.77|615a7a26	108.70,542.53,246.84,17.68|556.82|602a363f	108.70,678.40,246.84,23.80|696.34|602a363f	9d691b0f7acd5d8c	66039bf246d7483b	71cfdc6720d580b4
341	V050_VERTICAL+HORIZONTAL_RESIDUAL	DIFFERENT_ON_0909	no	interior	13	536	14	540	14	540	16.00,247.92,137.70,30.60|270.91|752e0ab2	16.00,253.78,137.70,30.60|276.77|752e0ab2	108.70,171.16,246.84,17.68|185.45|602a363f	108.70,321.40,246.84,23.80|339.34|602a363f	bad722307e0eb2d2	1a885eb032fd5036	cec1e6785fc41f9b
342	V050_VERTICAL+HORIZONTAL_RESIDUAL	DIFFERENT_ON_0909	no	interior	7	313	8	317	8	317	16.00,247.92,168.30,30.60|270.91|60cbb2c1	16.00,253.78,168.30,30.60|276.77|60cbb2c1	108.70,383.37,246.84,17.68|397.66|602a363f	108.70,440.40,246.84,23.80|458.34|602a363f	0e7d3c0f32ebe7e5	fcdfa07d99d85ec6	cbbf9a46c7e2fe17
343	V050_LINE_BOX	SAME_ON_0909	no	-	1	9	1	9	1	9	99.84,158.40,17.00,20.40|174.53|af50a0fe	99.84,158.40,17.00,20.40|174.44|af50a0fe	32.30,293.61,25.50,28.49|316.62|c7cce240	32.30,284.65,25.50,25.50|306.17|c7cce240	5b1ee5ea15d65d60	5b1ee5ea15d65d60	6c97b58b8ec6abe4
344	UNCHANGED	SAME_ON_0909	no	-	1	1	1	1	1	1	19.25,29.00,4.35,22.10|46.09|abfbd10d	19.25,29.00,4.35,22.10|46.09|abfbd10d	19.25,29.00,4.35,22.10|46.09|abfbd10d	19.25,29.00,4.35,22.10|46.09|abfbd10d	cab0f027f7f89a6f	cab0f027f7f89a6f	cab0f027f7f89a6f
345	UNCHANGED	SAME_ON_0909	no	-	1	1	1	1	1	1	19.25,29.00,4.35,22.10|46.09|abfbd10d	19.25,29.00,4.35,22.10|46.09|abfbd10d	19.25,29.00,4.35,22.10|46.09|abfbd10d	19.25,29.00,4.35,22.10|46.09|abfbd10d	cab0f027f7f89a6f	cab0f027f7f89a6f	cab0f027f7f89a6f
346	V050_VERTICAL+HORIZONTAL_RESIDUAL	DIFFERENT_ON_0909	no	x	1	12	1	12	1	12	141.70,29.85,17.69,23.21|47.80|f171d5a5	128.46,29.85,18.19,23.21|47.80|f171d5a5	175.44,639.13,39.12,19.12|654.14|260fbd8e	176.68,644.14,36.65,19.12|659.21|260fbd8e	d22c6f6516ec68e0	520ad89ae839dda9	28d98c96b02fbb1c
347	V050_VERTICAL+HORIZONTAL_RESIDUAL	DIFFERENT_ON_0909	no	interior	5	202	5	202	5	202	16.00,247.92,30.60,30.60|270.91|d9dc1d2f	16.00,253.78,30.60,30.60|276.77|d9dc1d2f	34.00,65.05,209.63,17.68|79.35|d46284d0	34.00,559.40,209.63,23.80|577.34|d46284d0	1bf8c380e4e81902	87588b100232ccbd	62c06067c56bd1a1
348	V050_VERTICAL+HORIZONTAL_RESIDUAL	DIFFERENT_ON_0909	no	interior	8	320	9	329	9	329	16.00,247.92,107.10,30.60|270.91|3fa81697	16.00,253.78,107.10,30.60|276.77|3fa81697	34.00,508.49,209.63,17.68|522.78|d46284d0	34.00,345.20,209.63,23.80|363.14|d46284d0	89ab540ce07974a6	b870799fd6c275fe	1be4fb0fde3d8ad7
349	V050_VERTICAL+HORIZONTAL_RESIDUAL	DIFFERENT_ON_0909	no	interior	11	437	12	444	12	444	16.00,247.92,229.50,30.60|270.91|a75bcb9a	16.00,253.78,229.50,30.60|276.77|a75bcb9a	34.00,349.33,209.63,17.68|363.63|d46284d0	34.00,226.20,209.63,23.80|244.14|d46284d0	d8ea7b3d7ca10603	4cacbea0bcefd639	76ffb8cf3d01d985
350	V050_VERTICAL+HORIZONTAL_RESIDUAL	DIFFERENT_ON_0909	no	interior	16	616	18	627	17	627	16.00,247.92,198.90,30.60|270.91|c338eb0a	16.00,253.78,198.90,30.60|276.77|c338eb0a	34.00,669.65,209.63,17.68|683.94|d46284d0	34.00,630.80,209.63,23.80|648.74|d46284d0	f1fe992842396066	15b13ae69563377e	e008f86640d4a2ea
351	V050_VERTICAL+HORIZONTAL_RESIDUAL	DIFFERENT_ON_0909	no	interior	7	295	9	301	8	301	16.00,247.92,76.50,30.60|270.91|914b2985	16.00,253.78,76.50,30.60|276.77|914b2985	34.00,758.07,209.63,17.68|772.36|d46284d0	34.00,535.60,209.63,23.80|553.54|d46284d0	bb690eecd3451a58	0eee2f907d8de122	5a25c6c319adec8b
352	V050_VERTICAL+HORIZONTAL_RESIDUAL	DIFFERENT_ON_0909	no	interior	5	220	6	223	6	223	16.00,247.92,107.10,30.60|270.91|eaa6f246	16.00,253.78,107.10,30.60|276.77|eaa6f246	34.00,580.56,209.63,17.68|594.85|d46284d0	34.00,321.40,209.63,23.80|339.34|d46284d0	57c7cf01b3cddfe8	6f3d3f3df39def3b	a19feb24b0403bfa
353	V050_LINE_BOX	SAME_ON_0909	no	-	1	11	1	11	1	11	99.84,158.40,17.00,20.40|174.53|af50a0fe	99.84,158.40,17.00,20.40|174.44|af50a0fe	32.30,314.01,25.50,28.49|337.02|c7cce240	32.30,305.05,25.50,25.50|326.57|c7cce240	e1b27c8287c9feda	e1b27c8287c9feda	3a5f6bb7b2b29acd
354	UNCHANGED	SAME_ON_0909	no	-	1	1	1	1	1	1	19.25,29.00,4.35,22.10|46.09|abfbd10d	19.25,29.00,4.35,22.10|46.09|abfbd10d	19.25,29.00,4.35,22.10|46.09|abfbd10d	19.25,29.00,4.35,22.10|46.09|abfbd10d	cab0f027f7f89a6f	cab0f027f7f89a6f	cab0f027f7f89a6f
355	V050_VERTICAL+HORIZONTAL_RESIDUAL	DIFFERENT_ON_0909	no	x	8	19	8	19	8	19	141.70,29.85,17.69,23.21|47.80|3399a0e6	128.46,29.85,18.19,23.21|47.80|3399a0e6	174.10,543.80,41.79,19.12|558.80|f1070fb5	175.14,548.81,39.72,19.12|563.88|f1070fb5	7a4a08dc7e033f51	b83b2a4507740a11	5cd7c17a707d6788
356	V050_VERTICAL+HORIZONTAL_RESIDUAL	DIFFERENT_ON_0909	no	interior	6	267	7	268	7	268	16.00,247.92,30.60,30.60|270.91|d9dc1d2f	16.00,253.78,30.60,30.60|276.77|d9dc1d2f	34.00,560.21,96.58,17.68|574.50|a0dfb76c	34.00,440.40,96.58,23.80|458.34|a0dfb76c	d36f72365d59274f	97a5a82a02513899	e68a3adb64187578
357	V050_VERTICAL+HORIZONTAL_RESIDUAL	DIFFERENT_ON_0909	no	interior	14	591	16	596	16	596	16.00,247.92,137.70,30.60|270.91|11b94614	16.00,253.78,137.70,30.60|276.77|11b94614	34.00,737.05,96.58,17.68|751.35|a0dfb76c	34.00,59.60,96.58,23.80|77.54|a0dfb76c	5ddc582be4560b35	8b89d19b9681c484	3e1e30ccdf7a77b4
358	V050_VERTICAL+HORIZONTAL_RESIDUAL	DIFFERENT_ON_0909	no	interior	16	635	18	645	17	645	16.00,247.92,137.70,30.60|270.91|00ee8943	16.00,253.78,137.70,30.60|276.77|00ee8943	34.00,259.58,96.58,17.68|273.87|a0dfb76c	34.00,392.80,96.58,23.80|410.74|a0dfb76c	939b39e219da487c	3e62fd2f13f01612	83309285888f881b
359	V050_VERTICAL+HORIZONTAL_RESIDUAL	DIFFERENT_ON_0909	no	interior	8	316	9	317	8	317	16.00,247.92,137.70,30.60|270.91|dd3c8c85	16.00,253.78,137.70,30.60|276.77|dd3c8c85	34.00,12.00,96.58,17.68|26.29|a0dfb76c	34.00,749.80,96.58,23.80|767.74|a0dfb76c	f33385633cdf8d7b	443c7fc4845040ef	e964fb97ddaafd77
360	V050_VERTICAL+HORIZONTAL_RESIDUAL	DIFFERENT_ON_0909	no	interior	14	615	16	630	15	630	16.00,247.92,122.40,30.60|270.91|029e969b	16.00,253.78,122.40,30.60|276.77|029e969b	34.00,684.00,96.58,17.68|698.29|a0dfb76c	34.00,797.40,96.58,23.80|815.34|a0dfb76c	90d9c2775d60cb6a	6051fc0f90f26b61	21fb865c6f653dd6
361	V050_VERTICAL+HORIZONTAL_RESIDUAL	DIFFERENT_ON_0909	no	interior	19	720	21	736	20	736	16.00,247.92,153.00,30.60|270.91|6b415555	16.00,253.78,153.00,30.60|276.77|6b415555	34.00,12.00,96.58,17.68|26.29|a0dfb76c	34.00,273.80,96.58,23.80|291.74|a0dfb76c	eaf64bfa984855de	c8b9d1d186524642	3d9c5cae5ff0c5d7
362	V050_VERTICAL+HORIZONTAL_RESIDUAL	DIFFERENT_ON_0909	no	interior	12	463	13	472	13	472	16.00,247.92,107.10,30.60|270.91|dfd45134	16.00,253.78,107.10,30.60|276.77|dfd45134	34.00,188.84,96.58,17.68|203.14|a0dfb76c	34.00,250.00,96.58,23.80|267.94|a0dfb76c	a23dd3bddbb96a01	d4cec61312dbd131	0bd33c1f653dd804
363	V050_VERTICAL+HORIZONTAL_RESIDUAL	DIFFERENT_ON_0909	no	interior	14	574	16	585	15	585	16.00,247.92,137.70,30.60|270.91|d20d115e	16.00,253.78,137.70,30.60|276.77|d20d115e	34.00,135.79,96.58,17.68|150.08|a0dfb76c	34.00,321.40,96.58,23.80|339.34|a0dfb76c	bc1076f9cc3ce964	a9b7038fc7f2dbcb	a1232279c8d43bc6
364	V050_VERTICAL+HORIZONTAL_RESIDUAL	DIFFERENT_ON_0909	no	interior	6	267	7	270	7	270	16.00,247.92,168.30,30.60|270.91|8151d89d	16.00,253.78,168.30,30.60|276.77|8151d89d	34.00,135.79,96.58,17.68|150.08|a0dfb76c	34.00,35.80,96.58,23.80|53.74|a0dfb76c	ac770a1e6d52380b	6237a6a55b452b79	27a7dad2c8940fa2
365	V050_LINE_BOX	SAME_ON_0909	no	-	1	10	1	10	1	10	99.84,158.40,17.00,20.40|174.53|af50a0fe	99.84,158.40,17.00,20.40|174.44|af50a0fe	32.30,285.53,25.50,28.49|308.54|c7cce240	32.30,279.55,25.50,25.50|301.07|c7cce240	ab61d6cf2d17ad7b	ab61d6cf2d17ad7b	7bc92b7f20f0db3b
366	UNCHANGED	SAME_ON_0909	no	-	1	1	1	1	1	1	19.25,29.00,4.35,22.10|46.09|abfbd10d	19.25,29.00,4.35,22.10|46.09|abfbd10d	19.25,29.00,4.35,22.10|46.09|abfbd10d	19.25,29.00,4.35,22.10|46.09|abfbd10d	cab0f027f7f89a6f	cab0f027f7f89a6f	cab0f027f7f89a6f
367	V050_VERTICAL+HORIZONTAL_RESIDUAL	DIFFERENT_ON_0909	no	x	1	10	1	10	1	10	152.81,29.85,17.69,23.21|47.80|c16667ca	142.82,29.85,18.19,23.21|47.80|c16667ca	175.44,639.13,39.12,19.12|654.14|260fbd8e	176.68,644.14,36.65,19.12|659.21|260fbd8e	28003bc748b6f696	a9af0c18eb3f0b64	859d978832357c58
368	V050_VERTICAL+HORIZONTAL_RESIDUAL	SAME_ON_0909	no	width	1	10	1	10	1	10	15.66,232.90,357.00,22.10|249.33|f8b6920a	15.66,238.76,358.68,22.10|255.19|f8b6920a	15.66,448.80,68.00,22.10|465.23|0e1cb641	15.66,454.66,68.00,22.10|471.09|0e1cb641	2ec1e7ec6219ec85	2ec1e7ec6219ec85	051c2cd462b72159
369	V050_VERTICAL+HORIZONTAL_RESIDUAL	DIFFERENT_ON_0909	no	interior	10	425	11	428	11	428	16.00,247.92,137.70,30.60|270.91|d5c1231b	16.00,253.78,137.70,30.60|276.77|d5c1231b	213.70,12.00,72.43,17.68|26.29|9e965790	213.70,345.20,72.43,23.80|363.14|9e965790	55ee2e14831b814f	686b92cba25d102b	c7ce5884d84088da
370	V050_VERTICAL+HORIZONTAL_RESIDUAL	DIFFERENT_ON_0909	no	interior	15	613	18	624	17	624	16.00,247.92,183.60,30.60|270.91|ff3d2a43	16.00,253.78,183.60,30.60|276.77|ff3d2a43	213.70,649.96,72.43,17.68|664.26|9e965790	213.70,321.40,72.43,23.80|339.34|9e965790	780beb4ddc064209	6e8d58579cb30cc3	d3de7c491f194dff
371	V050_VERTICAL+HORIZONTAL_RESIDUAL	DIFFERENT_ON_0909	no	interior	17	670	19	685	18	685	16.00,247.92,168.30,30.60|270.91|479016cb	16.00,253.78,168.30,30.60|276.77|479016cb	213.70,47.37,72.43,17.68|61.66|9e965790	213.70,630.80,72.43,23.80|648.74|9e965790	2a9bcf6761618425	938cde223e088226	4c61af5fcd1195b4
372	V050_VERTICAL+HORIZONTAL_RESIDUAL	DIFFERENT_ON_0909	no	interior	14	622	16	634	15	634	16.00,247.92,91.80,30.60|270.91|f8ff2217	16.00,253.78,91.80,30.60|276.77|f8ff2217	213.70,277.93,72.43,17.68|292.22|9e965790	213.70,773.60,72.43,23.80|791.54|9e965790	a580180d46f15f15	3a7c0632055d6bfc	563489e4c5c003a6
373	V050_VERTICAL+HORIZONTAL_RESIDUAL	DIFFERENT_ON_0909	no	interior	14	582	16	589	16	589	16.00,247.92,198.90,30.60|270.91|e755b6fb	16.00,253.78,198.90,30.60|276.77|e755b6fb	213.70,490.81,72.43,17.68|505.10|9e965790	213.70,178.60,72.43,23.80|196.54|9e965790	e521f6eaf4144958	b4712fc6e2b973d4	bfcb872d05bd1aff
374	V050_VERTICAL+HORIZONTAL_RESIDUAL	DIFFERENT_ON_0909	no	interior	8	415	10	418	10	418	16.00,247.92,91.80,30.60|270.91|3940244d	16.00,253.78,91.80,30.60|276.77|3940244d	213.70,791.44,72.43,17.68|805.73|9e965790	213.70,321.40,72.43,23.80|339.34|9e965790	7499bce73e1f7a34	8f3f3bf0715e8365	b567126f67bdad67
375	V050_LINE_BOX	SAME_ON_0909	no	-	1	10	1	10	1	10	99.84,158.40,17.00,20.40|174.53|af50a0fe	99.84,158.40,17.00,20.40|174.44|af50a0fe	32.30,285.53,25.50,28.49|308.54|c7cce240	32.30,279.55,25.50,25.50|301.07|c7cce240	ca28beaa94a1c074	ca28beaa94a1c074	1d74ed8ad5a1a766
376	UNCHANGED	SAME_ON_0909	no	-	1	1	1	1	1	1	19.25,29.00,4.35,22.10|46.09|abfbd10d	19.25,29.00,4.35,22.10|46.09|abfbd10d	19.25,29.00,4.35,22.10|46.09|abfbd10d	19.25,29.00,4.35,22.10|46.09|abfbd10d	cab0f027f7f89a6f	cab0f027f7f89a6f	cab0f027f7f89a6f
377	UNCHANGED	SAME_ON_0909	no	-	1	1	1	1	1	1	19.25,29.00,4.35,22.10|46.09|abfbd10d	19.25,29.00,4.35,22.10|46.09|abfbd10d	19.25,29.00,4.35,22.10|46.09|abfbd10d	19.25,29.00,4.35,22.10|46.09|abfbd10d	cab0f027f7f89a6f	cab0f027f7f89a6f	cab0f027f7f89a6f
378	V050_VERTICAL+HORIZONTAL_RESIDUAL	DIFFERENT_ON_0909	no	x	2	11	2	11	2	11	152.81,29.85,17.69,23.21|47.80|a449ca00	142.82,29.85,18.19,23.21|47.80|a449ca00	174.37,543.80,41.25,19.12|558.80|68ab320b	175.17,548.81,39.67,19.12|563.88|68ab320b	e013fafbbe1f4223	39a45bce00b06f75	71f32745a6b6b361
379	V050_VERTICAL+HORIZONTAL_RESIDUAL	DIFFERENT_ON_0909	no	width	1	31	1	31	1	31	15.66,232.90,357.00,22.10|249.33|6be1d859	15.66,238.76,358.68,22.10|255.19|6be1d859	15.66,753.10,170.00,22.10|769.53|1dede770	15.66,761.58,170.00,22.10|778.01|1dede770	9c771b55f14331b2	988edc47cf95b50a	f6fe422d0d62185c
380	V050_VERTICAL+HORIZONTAL_RESIDUAL	DIFFERENT_ON_0909	no	interior	10	453	11	457	11	457	16.00,247.92,168.30,30.60|270.91|535f846d	16.00,253.78,168.30,30.60|276.77|535f846d	274.85,47.37,64.44,17.68|61.66|5ebdfbda	274.85,131.00,64.44,23.80|148.94|5ebdfbda	f151810ecda5ddbb	a2d6fb5c01e388db	f308ebaf2a84c486
381	V050_VERTICAL+HORIZONTAL_RESIDUAL	DIFFERENT_ON_0909	no	interior	10	473	12	478	11	478	16.00,247.92,214.20,30.60|270.91|98bcb6ac	16.00,253.78,214.20,30.60|276.77|98bcb6ac	274.85,543.86,64.44,17.68|558.15|5ebdfbda	274.85,726.00,64.44,23.80|743.94|5ebdfbda	42e19c4b54601d46	b2c5ed891394f99b	079079ba9123753c
382	V050_VERTICAL+HORIZONTAL_RESIDUAL	DIFFERENT_ON_0909	no	interior	20	866	22	881	21	881	16.00,247.92,214.20,30.60|270.91|fe6737a4	16.00,253.78,214.20,30.60|276.77|fe6737a4	274.85,47.37,64.44,17.68|61.66|5ebdfbda	274.85,464.20,64.44,23.80|482.14|5ebdfbda	de1b02da74fb55bc	762bc704d1584ccf	c9939ee9c88a6f66
383	V050_VERTICAL+HORIZONTAL_RESIDUAL	DIFFERENT_ON_0909	no	interior	14	592	16	603	15	603	16.00,247.92,205.04,30.60|270.91|59b73354	16.00,253.78,205.04,30.60|276.77|59b73354	274.85,277.26,64.44,17.68|291.56|5ebdfbda	274.85,488.00,64.44,23.80|505.94|5ebdfbda	e8989cff5de00a9a	f3529f67fae50e8d	59d525a70c0941e8
384	V050_VERTICAL+HORIZONTAL_RESIDUAL	DIFFERENT_ON_0909	no	interior	10	452	12	459	11	459	16.00,247.92,198.90,30.60|270.91|bfadf887	16.00,253.78,198.90,30.60|276.77|bfadf887	274.85,312.63,64.44,17.68|326.92|5ebdfbda	274.85,583.20,64.44,23.80|601.14|5ebdfbda	896bedf81781f9a0	868fa66b3d3a4654	8922b92e9d137dac
385	V050_VERTICAL+HORIZONTAL_RESIDUAL	DIFFERENT_ON_0909	no	interior	5	272	6	273	6	273	16.00,247.92,76.50,30.60|270.91|a6910304	16.00,253.78,76.50,30.60|276.77|a6910304	274.85,471.79,64.44,17.68|486.08|5ebdfbda	274.85,535.60,64.44,23.80|553.54|5ebdfbda	015df83e2e8bb3a2	a76f2e85eda20335	b4391efc02b94558
386	V050_LINE_BOX	SAME_ON_0909	no	-	1	11	1	11	1	11	99.84,158.40,17.00,20.40|174.53|af50a0fe	99.84,158.40,17.00,20.40|174.44|af50a0fe	32.30,314.01,25.50,28.49|337.02|c7cce240	32.30,305.05,25.50,25.50|326.57|c7cce240	3bcaddb92c794999	3bcaddb92c794999	afc9572fa39ed7e7
387	UNCHANGED	SAME_ON_0909	no	-	1	1	1	1	1	1	19.25,29.00,4.35,22.10|46.09|abfbd10d	19.25,29.00,4.35,22.10|46.09|abfbd10d	19.25,29.00,4.35,22.10|46.09|abfbd10d	19.25,29.00,4.35,22.10|46.09|abfbd10d	cab0f027f7f89a6f	cab0f027f7f89a6f	cab0f027f7f89a6f
388	V050_VERTICAL+HORIZONTAL_RESIDUAL	DIFFERENT_ON_0909	no	x	1	12	1	12	1	12	141.70,29.85,17.69,23.21|47.80|8a8df676	128.46,29.85,18.19,23.21|47.80|8a8df676	175.44,639.13,39.12,19.12|654.14|260fbd8e	176.68,644.14,36.65,19.12|659.21|260fbd8e	55493ee5cf181aec	c0d19bfbfd735d5c	c536763149827a6b
389	V050_VERTICAL+HORIZONTAL_RESIDUAL	DIFFERENT_ON_0909	no	interior	8	456	11	457	11	457	16.00,247.92,91.80,30.60|270.91|adea8c25	16.00,253.78,91.80,30.60|276.77|adea8c25	34.00,807.79,250.08,17.68|822.08|27be0883	34.00,12.00,250.08,23.80|29.94|27be0883	91f39cd29cac7510	c7da9f7920d87c0e	2183cb079e536339
390	V050_VERTICAL+HORIZONTAL_RESIDUAL	DIFFERENT_ON_0909	no	interior	20	898	24	912	23	912	16.00,247.92,168.30,30.60|270.91|824f832c	16.00,253.78,168.30,30.60|276.77|824f832c	34.00,648.63,250.08,17.68|662.93|27be0883	34.00,297.60,250.08,23.80|315.54|27be0883	b59e4565b242a4e6	0cbe8dbd24f60412	8c664129e3e7b260
391	V050_VERTICAL+HORIZONTAL_RESIDUAL	DIFFERENT_ON_0909	no	interior	19	852	22	866	21	866	16.00,247.92,153.00,30.60|270.91|13cd26f0	16.00,253.78,153.00,30.60|276.77|13cd26f0	34.00,418.74,250.08,17.68|433.03|27be0883	34.00,607.00,250.08,23.80|624.94|27be0883	6c13ea8236e18427	2fe95e5a50801704	d6dcdaa0dba069fd
392	V050_VERTICAL+HORIZONTAL_RESIDUAL	DIFFERENT_ON_0909	no	interior	21	945	25	961	24	961	16.00,247.92,91.80,30.60|270.91|14ccbb00	16.00,253.78,91.80,30.60|276.77|14ccbb00	34.00,684.00,250.08,17.68|698.29|27be0883	34.00,321.40,250.08,23.80|339.34|27be0883	56a3a73487f9a5b7	a7847709be9460f9	767a9b17391de4e7
393	V050_VERTICAL+HORIZONTAL_RESIDUAL	DIFFERENT_ON_0909	no	interior	15	686	18	695	17	695	16.00,247.92,76.50,30.60|270.91|8758269b	16.00,253.78,76.50,30.60|276.77|8758269b	34.00,401.05,250.08,17.68|415.35|27be0883	34.00,678.40,250.08,23.80|696.34|27be0883	699f26a066d0c26e	a92f5961eca2fe6e	61fbaa402c246278
394	V050_VERTICAL+HORIZONTAL_RESIDUAL	DIFFERENT_ON_0909	no	interior	11	541	13	551	13	551	16.00,247.92,76.50,30.60|270.91|45b32758	16.00,253.78,76.50,30.60|276.77|45b32758	34.00,206.53,250.08,17.68|220.82|27be0883	34.00,416.60,250.08,23.80|434.54|27be0883	c247e4d724df01cd	8ebb257e56ffe8f6	05af9047cbccdb7b
395	V050_LINE_BOX	SAME_ON_0909	no	-	1	3	1	3	1	3	161.00,253.69,68.00,22.10|270.67|60d79911	161.00,253.69,68.00,22.10|270.58|60d79911	42.00,275.79,306.00,22.79|294.20|dc42cf3f	42.00,275.79,306.00,23.27|293.85|dc42cf3f	cf3c1059396c19e0	cf3c1059396c19e0	fe47e56289b682e9
396	UNCHANGED	SAME_ON_0909	no	-	1	1	1	1	1	1	19.25,29.00,4.35,22.10|46.09|abfbd10d	19.25,29.00,4.35,22.10|46.09|abfbd10d	19.25,29.00,4.35,22.10|46.09|abfbd10d	19.25,29.00,4.35,22.10|46.09|abfbd10d	cab0f027f7f89a6f	cab0f027f7f89a6f	cab0f027f7f89a6f
397	V050_VERTICAL+HORIZONTAL_RESIDUAL	DIFFERENT_ON_0909	no	width	3	137	4	137	4	137	15.66,232.90,357.00,22.10|249.33|0b8dbf1a	15.66,238.76,358.68,22.10|255.19|0b8dbf1a	34.00,630.95,96.74,17.68|645.24|7bb33153	34.00,178.60,96.74,23.80|196.54|7bb33153	da4899554540973c	742f427d32095efa	3ae170d804b41b20
398	V050_VERTICAL+HORIZONTAL_RESIDUAL	DIFFERENT_ON_0909	no	interior	6	247	7	250	7	250	16.00,247.92,122.40,30.60|270.91|4ed77fa5	16.00,253.78,122.40,30.60|276.77|4ed77fa5	34.00,737.05,96.74,17.68|751.35|7bb33153	34.00,416.60,96.74,23.80|434.54|7bb33153	c7ee668dc389cc66	28bf836143c40804	d2400f4f44709922
399	V050_VERTICAL+HORIZONTAL_RESIDUAL	DIFFERENT_ON_0909	no	interior	10	400	11	407	10	407	16.00,247.92,137.70,30.60|270.91|2b5912c6	16.00,253.78,137.70,30.60|276.77|2b5912c6	34.00,188.84,96.74,17.68|203.14|7bb33153	34.00,773.60,96.74,23.80|791.54|7bb33153	ff0ee2ae40dd11fe	91319a25f28b45f1	e725a040df740de2
400	V050_VERTICAL+HORIZONTAL_RESIDUAL	DIFFERENT_ON_0909	no	interior	5	202	6	206	6	206	16.00,247.92,137.70,30.60|270.91|296d1169	16.00,253.78,137.70,30.60|276.77|296d1169	34.00,383.37,96.74,17.68|397.66|7bb33153	34.00,12.00,96.74,23.80|29.94|7bb33153	7f43e7a52ca2085e	16471ddf66d87ee4	bd87fedd3e2fc92d
401	UNCHANGED	SAME_ON_0909	no	-	1	1	1	1	1	1	15.66,29.00,4.35,22.10|46.09|abfbd10d	15.66,29.00,4.35,22.10|46.09|abfbd10d	15.66,29.00,4.35,22.10|46.09|abfbd10d	15.66,29.00,4.35,22.10|46.09|abfbd10d	6422bd6e577db1df	6422bd6e577db1df	6422bd6e577db1df
402	UNCHANGED	SAME_ON_0909	no	-	1	1	1	1	1	1	19.25,29.00,4.35,22.10|46.09|abfbd10d	19.25,29.00,4.35,22.10|46.09|abfbd10d	19.25,29.00,4.35,22.10|46.09|abfbd10d	19.25,29.00,4.35,22.10|46.09|abfbd10d	cab0f027f7f89a6f	cab0f027f7f89a6f	cab0f027f7f89a6f
403	V050_LINE_BOX	SAME_ON_0909	no	-	1	3	1	3	1	3	169.50,253.69,51.00,22.10|270.67|9134b008	169.50,253.69,51.00,22.10|270.58|9134b008	93.00,275.79,204.00,22.79|294.20|15f5b8bf	93.00,275.79,204.00,23.27|293.85|15f5b8bf	8df0dc8b6ccc39a7	8df0dc8b6ccc39a7	44e24f16ed76c13c
404	V050_VERTICAL+HORIZONTAL_RESIDUAL	DIFFERENT_ON_0909	no	interior	13	508	14	510	14	510	15.66,232.90,229.50,22.10|249.33|61793551	15.66,238.76,229.50,22.10|255.19|61793551	34.00,755.40,128.88,17.68|769.70|40a3c1e9	34.00,369.00,128.88,23.80|386.94|40a3c1e9	a55d1fe061ea3e2c	245d66ece741dff1	c5fd5b5c88bdc0a1
405	V050_LINE_BOX	SAME_ON_0909	no	-	1	9	1	9	1	9	99.84,158.40,17.00,20.40|174.53|af50a0fe	99.84,158.40,17.00,20.40|174.44|af50a0fe	32.30,293.61,25.50,28.49|316.62|c7cce240	32.30,284.65,25.50,25.50|306.17|c7cce240	1abc34d54a1ec2d4	1abc34d54a1ec2d4	6a2c240cdd85a566
406	V050_VERTICAL+HORIZONTAL_RESIDUAL	DIFFERENT_ON_0909	no	x	1	12	1	12	1	12	141.70,29.85,17.69,23.21|47.80|6bc42385	128.46,29.85,18.19,23.21|47.80|6bc42385	175.44,639.13,39.12,19.12|654.14|260fbd8e	176.68,644.14,36.65,19.12|659.21|260fbd8e	6b31fae422402200	290eee48b99b9384	ab5b3e47665b39f9
407	V050_VERTICAL+HORIZONTAL_RESIDUAL	DIFFERENT_ON_0909	no	interior	9	350	10	355	10	355	16.00,247.92,76.50,30.60|270.91|8b6637af	16.00,253.78,76.50,30.60|276.77|8b6637af	319.85,802.53,16.15,17.68|816.82|eb0d5884	319.85,488.00,16.15,23.80|505.94|eb0d5884	5a8b064440795b6c	84b509d1dc912f6c	ea88df2bd08283f8
408	V050_VERTICAL+HORIZONTAL_RESIDUAL	DIFFERENT_ON_0909	no	interior	17	627	19	640	17	640	16.00,247.92,183.60,30.60|270.91|c815f307	16.00,253.78,183.60,30.60|276.77|c815f307	34.00,118.11,152.86,17.68|132.40|44077c2f	34.00,726.00,152.86,23.80|743.94|44077c2f	79f8b0b569e8c2e0	d7a66be976f51c22	8b1b5bd6acea4507
409	V050_VERTICAL+HORIZONTAL_RESIDUAL	DIFFERENT_ON_0909	no	interior	37	1425	41	1465	39	1465	16.00,247.92,275.40,30.60|270.91|7a63f532	16.00,253.78,275.40,30.60|276.77|7a63f532	78.70,118.11,72.43,17.68|132.40|de154ca7	78.70,226.20,72.43,23.80|244.14|de154ca7	edd0ed6aa73828ff	f81b7c927402e9ed	2455c214d215e823
410	V050_VERTICAL+HORIZONTAL_RESIDUAL	DIFFERENT_ON_0909	no	interior	27	1046	30	1078	28	1078	16.00,247.92,137.70,30.60|270.91|9186679c	16.00,253.78,137.70,30.60|276.77|9186679c	34.00,188.84,169.33,17.68|203.14|2ac96ae8	34.00,535.60,169.33,23.80|553.54|2ac96ae8	b0096689d8ea92d2	ebf93ba095ca4e8d	3fb7b28bc2ae57c1
411	V050_VERTICAL+HORIZONTAL_RESIDUAL	DIFFERENT_ON_0909	no	interior	27	1006	30	1033	28	1033	16.00,247.92,153.00,30.60|270.91|d10483a8	16.00,253.78,153.00,30.60|276.77|d10483a8	34.00,348.67,266.23,17.68|362.96|09669955	34.00,678.40,266.23,23.80|696.34|09669955	7516345f50b31a17	ef2aa22653eaabed	f3a56657807168d1
412	V050_VERTICAL+HORIZONTAL_RESIDUAL	DIFFERENT_ON_0909	no	interior	8	333	10	343	9	343	16.00,247.92,168.30,30.60|270.91|17336359	16.00,253.78,168.30,30.60|276.77|17336359	276.00,812.45,72.43,17.68|826.75|3b3e2815	276.00,464.20,72.43,23.80|482.14|3b3e2815	3182a1181b7f826a	c3b30ce275438d03	42ba2b275bfed129
413	V050_VERTICAL+HORIZONTAL_RESIDUAL	DIFFERENT_ON_0909	no	interior	6	181	7	186	7	186	16.00,247.92,76.50,30.60|270.91|410f5346	16.00,253.78,76.50,30.60|276.77|410f5346	34.00,656.55,32.30,17.68|670.85|47edc833	34.00,12.00,32.30,23.80|29.94|47edc833	08eea3fb935ac278	ff8108f14b5fe5c3	b9b226b2165751e7
414	V050_LINE_BOX	SAME_ON_0909	no	-	1	8	1	8	1	8	99.84,158.40,17.00,20.40|174.53|af50a0fe	99.84,158.40,17.00,20.40|174.44|af50a0fe	32.30,265.13,25.50,28.49|288.14|c7cce240	32.30,259.15,25.50,25.50|280.67|c7cce240	b8af5d915b9b6565	b8af5d915b9b6565	f2a73e7571bf8a50
415	UNCHANGED	SAME_ON_0909	no	-	1	1	1	1	1	1	19.25,29.00,4.35,22.10|46.09|abfbd10d	19.25,29.00,4.35,22.10|46.09|abfbd10d	19.25,29.00,4.35,22.10|46.09|abfbd10d	19.25,29.00,4.35,22.10|46.09|abfbd10d	cab0f027f7f89a6f	cab0f027f7f89a6f	cab0f027f7f89a6f
416	V050_VERTICAL+HORIZONTAL_RESIDUAL	DIFFERENT_ON_0909	no	x	1	10	1	10	1	10	152.81,29.85,17.69,23.21|47.80|cf4c4cd8	142.82,29.85,18.19,23.21|47.80|cf4c4cd8	175.44,639.13,39.12,19.12|654.14|260fbd8e	176.68,644.14,36.65,19.12|659.21|260fbd8e	443e63311a23e734	0e8f5b1e5efeb2d2	9c56eb596932db0e
417	V050_VERTICAL+HORIZONTAL_RESIDUAL	SAME_ON_0909	no	width	1	14	1	14	1	14	15.66,232.90,357.00,22.10|249.33|1d1d762f	15.66,238.76,358.68,22.10|255.19|1d1d762f	15.66,537.20,170.00,22.10|553.63|4be27a14	15.66,543.06,170.00,22.10|559.49|4be27a14	71cb11a7749a71b8	71cb11a7749a71b8	c169c72684b68b7f
418	V050_VERTICAL+HORIZONTAL_RESIDUAL	DIFFERENT_ON_0909	no	interior	2	47	2	49	2	49	16.00,247.92,30.60,30.60|270.91|ef6fba91	16.00,253.78,30.60,30.60|276.77|ef6fba91	34.00,383.21,88.58,17.68|397.50|6468738b	34.00,467.50,88.58,23.80|485.44|6468738b	00861b87462042c6	01871cda3b7779e0	49591f227760e893
419	V050_VERTICAL+HORIZONTAL_RESIDUAL	DIFFERENT_ON_0909	no	interior	9	310	10	318	9	318	16.00,247.92,214.20,30.60|270.91|a826593c	16.00,253.78,214.20,30.60|276.77|a826593c	34.00,442.03,274.55,17.68|456.32|2e3263ea	34.00,742.70,274.55,23.80|760.65|2e3263ea	a501cce6611bf01e	a9bec2352fc4d1ad	25ce4d02a1780658
420	V050_VERTICAL+HORIZONTAL_RESIDUAL	DIFFERENT_ON_0909	no	interior	8	305	9	315	9	315	16.00,247.92,229.50,30.60|270.91|96794217	16.00,253.78,229.50,30.60|276.77|96794217	34.00,763.41,120.88,17.68|777.70|e1fe077c	34.00,345.20,120.88,23.80|363.14|e1fe077c	4a8dd3587122030a	6837ade0455e10c6	39184c15a558c955
421	V050_VERTICAL+HORIZONTAL_RESIDUAL	DIFFERENT_ON_0909	no	interior	12	391	13	399	12	399	16.00,247.92,214.20,30.60|270.91|10401f78	16.00,253.78,214.20,30.60|276.77|10401f78	153.70,65.05,72.43,17.68|79.35|cfa33909	153.70,389.30,72.43,23.80|407.24|cfa33909	78e37cd0c1b275ae	ae19fba0624cd1c4	5ca182a2db76e02d
422	V050_VERTICAL+HORIZONTAL_RESIDUAL	DIFFERENT_ON_0909	no	interior	12	483	14	490	13	490	16.00,247.92,107.10,30.60|270.91|4eba39a7	16.00,253.78,107.10,30.60|276.77|4eba39a7	34.00,667.65,298.53,17.68|681.94|f768a9b3	34.00,464.20,298.53,23.80|482.14|f768a9b3	1ed36b18dadf12eb	633553cad629546c	c46840fc980d5311
423	V050_VERTICAL+HORIZONTAL_RESIDUAL	DIFFERENT_ON_0909	no	interior	2	75	3	76	2	76	16.00,247.92,76.50,30.60|270.91|bd2cd5cf	16.00,253.78,76.50,30.60|276.77|bd2cd5cf	78.70,727.27,120.88,17.68|741.56|d153c59f	78.70,789.53,120.88,23.80|807.47|d153c59f	39b66ccccf163b1c	bd9ba4427c615bbc	4bd2c547686651d1
424	V050_LINE_BOX	SAME_ON_0909	no	-	1	8	1	8	1	8	99.84,158.40,17.00,20.40|174.53|af50a0fe	99.84,158.40,17.00,20.40|174.44|af50a0fe	32.30,265.13,25.50,28.49|288.14|c7cce240	32.30,259.15,25.50,25.50|280.67|c7cce240	4ccff782950bf14b	4ccff782950bf14b	1ef1ef308185696d
425	UNCHANGED	SAME_ON_0909	no	-	1	1	1	1	1	1	19.25,29.00,4.35,22.10|46.09|abfbd10d	19.25,29.00,4.35,22.10|46.09|abfbd10d	19.25,29.00,4.35,22.10|46.09|abfbd10d	19.25,29.00,4.35,22.10|46.09|abfbd10d	cab0f027f7f89a6f	cab0f027f7f89a6f	cab0f027f7f89a6f
426	V050_VERTICAL+HORIZONTAL_RESIDUAL	DIFFERENT_ON_0909	no	x	1	10	1	10	1	10	152.81,29.85,17.69,23.21|47.80|6379ede5	142.82,29.85,18.19,23.21|47.80|6379ede5	175.44,639.13,39.12,19.12|654.14|260fbd8e	176.68,644.14,36.65,19.12|659.21|260fbd8e	ee3b795b6a50f494	7d131519d8b0c5ea	1a348998f2a7ff5d
427	V050_VERTICAL+HORIZONTAL_RESIDUAL	DIFFERENT_ON_0909	no	interior	5	144	5	145	5	145	16.00,247.92,153.00,30.60|270.91|5ededf31	16.00,253.78,153.00,30.60|276.77|5ededf31	34.00,188.84,161.02,17.68|203.14|e0c5afce	34.00,321.40,161.02,23.80|339.34|e0c5afce	bd9dee41246eb275	7276315dd6b0f463	b873300506d21cd4
428	V050_VERTICAL+HORIZONTAL_RESIDUAL	DIFFERENT_ON_0909	no	interior	16	608	17	624	16	624	16.00,247.92,107.10,30.60|270.91|6fd16ee0	16.00,253.78,107.10,30.60|276.77|6fd16ee0	34.00,278.60,206.01,18.35|293.40|45427957	34.00,795.09,206.01,23.80|813.03|45427957	304c8de8e2b7cbdf	81861e1ba57a10cc	dbc7053d7d414d8c
429	V050_VERTICAL+HORIZONTAL_RESIDUAL	DIFFERENT_ON_0909	no	interior	5	173	6	180	5	180	16.00,247.92,153.00,30.60|270.91|bd2f0d41	16.00,253.78,153.00,30.60|276.77|bd2f0d41	34.00,604.21,24.14,17.68|618.50|3e01ad38	34.00,803.59,24.14,23.80|821.53|3e01ad38	1fd3522e060513ff	028b11f1c3bc9a07	088d423379a14216
430	V050_VERTICAL+HORIZONTAL_RESIDUAL	DIFFERENT_ON_0909	no	interior	9	318	10	324	9	324	16.00,247.92,198.90,30.60|270.91|8f38a872	16.00,253.78,198.90,30.60|276.77|8f38a872	34.00,334.61,96.74,17.68|348.90|9709b93d	34.00,535.50,96.74,23.80|553.44|9709b93d	6ee08fbe30bf2237	a7ae35ecd70456c1	0f788c7ea0dcdc8c
431	V050_VERTICAL+HORIZONTAL_RESIDUAL	DIFFERENT_ON_0909	no	interior	21	785	23	811	22	811	16.00,247.92,137.70,30.60|270.91|ad1a8c37	16.00,253.78,137.70,30.60|276.77|ad1a8c37	243.70,418.74,64.44,17.68|433.03|cc37f4fe	243.70,321.40,64.44,23.80|339.34|cc37f4fe	40f0482e48d4322c	8d154795d8e58aa5	3323460800cdfebf
432	V050_VERTICAL+HORIZONTAL_RESIDUAL	DIFFERENT_ON_0909	no	interior	6	207	6	215	6	215	16.00,247.92,153.00,30.60|270.91|fda10055	16.00,253.78,153.00,30.60|276.77|fda10055	108.70,65.05,72.43,17.68|79.35|d6ff627f	108.70,440.40,72.43,23.80|458.34|d6ff627f	e27aefe21d450ac6	35ac308a81b04a3d	ca061b26e29d41cd
433	V050_VERTICAL+HORIZONTAL_RESIDUAL	DIFFERENT_ON_0909	no	interior	13	523	14	533	13	533	16.00,247.92,91.80,30.60|270.91|8b5573a3	16.00,253.78,91.80,30.60|276.77|8b5573a3	34.00,65.05,153.18,17.68|79.35|2cff885c	34.00,559.40,153.18,23.80|577.34|2cff885c	454469d052e971da	4f1bacf8f94b5127	80deddc3fc90b9c1
434	V050_VERTICAL+HORIZONTAL_RESIDUAL	DIFFERENT_ON_0909	no	interior	21	750	23	776	22	776	16.00,247.92,91.80,30.60|270.91|496dfa25	16.00,253.78,91.80,30.60|276.77|496dfa25	34.00,100.42,201.63,17.68|114.71|92b53109	34.00,12.00,201.63,23.80|29.94|92b53109	fc0847c2f8690732	6d0d8c69d5e80150	560e823d68e52196
435	V050_VERTICAL+HORIZONTAL_RESIDUAL	DIFFERENT_ON_0909	no	interior	14	549	16	559	15	559	16.00,247.92,137.70,30.60|270.91|e05f5f51	16.00,253.78,137.70,30.60|276.77|e05f5f51	34.00,545.86,104.73,17.68|560.15|bb88652c	34.00,416.60,104.73,23.80|434.54|bb88652c	b98df9ee7e14c253	378e0b7e7c0ded94	10afa62683f29a90
436	V050_VERTICAL+HORIZONTAL_RESIDUAL	DIFFERENT_ON_0909	no	interior	2	55	2	57	2	57	16.00,247.92,30.60,30.60|270.91|4c79dee3	16.00,253.78,30.60,30.60|276.77|4c79dee3	34.00,519.54,295.77,17.68|533.83|f40ab508	34.00,612.98,295.77,23.80|630.92|f40ab508	feba83392b1ea462	24697f5117ac1e79	187abd0875f8eb06
437	V050_LINE_BOX	SAME_ON_0909	no	-	1	8	1	8	1	8	99.84,158.40,17.00,20.40|174.53|af50a0fe	99.84,158.40,17.00,20.40|174.44|af50a0fe	32.30,265.13,25.50,28.49|288.14|c7cce240	32.30,259.15,25.50,25.50|280.67|c7cce240	6be76691dca9610f	6be76691dca9610f	cbbcd4da1fada925
438	UNCHANGED	SAME_ON_0909	no	-	1	1	1	1	1	1	19.25,29.00,4.35,22.10|46.09|abfbd10d	19.25,29.00,4.35,22.10|46.09|abfbd10d	19.25,29.00,4.35,22.10|46.09|abfbd10d	19.25,29.00,4.35,22.10|46.09|abfbd10d	cab0f027f7f89a6f	cab0f027f7f89a6f	cab0f027f7f89a6f
439	V050_VERTICAL+HORIZONTAL_RESIDUAL	DIFFERENT_ON_0909	no	x	1	10	1	10	1	10	152.81,29.85,17.69,23.21|47.80|39071237	142.82,29.85,18.19,23.21|47.80|39071237	175.44,639.13,39.12,19.12|654.14|260fbd8e	176.68,644.14,36.65,19.12|659.21|260fbd8e	6542efb75f9af75a	894b4cb92b2ab5dd	50558fbb491fd2d6
440	V050_VERTICAL+HORIZONTAL_RESIDUAL	DIFFERENT_ON_0909	no	interior	3	102	3	103	3	103	16.00,247.92,30.60,30.60|270.91|d9dc1d2f	16.00,253.78,30.60,30.60|276.77|d9dc1d2f	34.00,607.96,56.28,17.68|622.25|7c38286e	34.00,686.80,56.28,23.80|704.74|7c38286e	d4e1a0672836c235	a6f3ee64fd66760b	aaeaafdaf7e8432b
441	V050_VERTICAL+HORIZONTAL_RESIDUAL	DIFFERENT_ON_0909	no	interior	22	902	25	914	23	914	16.00,247.92,76.50,30.60|270.91|944d1670	16.00,253.78,76.50,30.60|276.77|944d1670	108.70,665.06,112.57,17.68|679.35|ad6ad658	108.70,797.40,112.57,23.80|815.34|ad6ad658	6a43a20e3392112b	4115e08a99cdb633	2832df0c613e49f5
442	V050_VERTICAL+HORIZONTAL_RESIDUAL	DIFFERENT_ON_0909	no	interior	24	900	27	920	25	920	16.00,247.92,76.50,30.60|270.91|64367a3d	16.00,253.78,76.50,30.60|276.77|64367a3d	229.85,383.37,80.43,17.68|397.66|857fe3c7	229.85,321.40,80.43,23.80|339.34|857fe3c7	76daf3eb05f45728	a83e03e797b84021	2a17066813745a36
443	V050_VERTICAL+HORIZONTAL_RESIDUAL	DIFFERENT_ON_0909	no	interior	16	640	18	661	17	661	16.00,247.92,137.70,30.60|270.91|9ab0cde2	16.00,253.78,137.70,30.60|276.77|9ab0cde2	34.00,702.35,112.89,17.68|716.64|4bf09d7f	34.00,702.20,112.89,23.80|720.14|4bf09d7f	9f50e2412228b800	319a5883ae72b780	dba14b88a6354f21
444	V050_VERTICAL+HORIZONTAL_RESIDUAL	DIFFERENT_ON_0909	no	interior	26	1052	29	1080	28	1080	16.00,247.92,214.20,30.60|270.91|cad42ce8	16.00,253.78,214.20,30.60|276.77|cad42ce8	34.00,277.26,32.14,17.68|291.56|3cb7fd5f	34.00,12.00,32.14,23.80|29.94|3cb7fd5f	fd71303a4d89de7b	4b4bfc9f44d30714	446460c849bef5a9
445	V050_VERTICAL+HORIZONTAL_RESIDUAL	DIFFERENT_ON_0909	no	interior	22	811	24	824	23	824	16.00,247.92,168.30,30.60|270.91|7a948aa0	16.00,253.78,168.30,30.60|276.77|7a948aa0	64.00,537.97,258.40,17.68|552.26|955d192a	64.00,297.60,258.40,23.80|315.54|955d192a	3a7e8d50dca72aac	60e694eaee03697a	875ed0422262fe1f
446	V050_VERTICAL+HORIZONTAL_RESIDUAL	DIFFERENT_ON_0909	no	interior	2	58	2	59	2	59	16.00,247.92,30.60,30.60|270.91|4c79dee3	16.00,253.78,30.60,30.60|276.77|4c79dee3	34.00,585.86,120.88,17.68|600.15|1340f1a3	34.00,703.80,120.88,23.80|721.74|1340f1a3	c67d786bacd667ed	caa62528a5aa4ac3	4a278e09c689d26a
447	V050_LINE_BOX	SAME_ON_0909	no	-	1	9	1	9	1	9	99.84,158.40,17.00,20.40|174.53|af50a0fe	99.84,158.40,17.00,20.40|174.44|af50a0fe	32.30,293.61,25.50,28.49|316.62|c7cce240	32.30,284.65,25.50,25.50|306.17|c7cce240	f796ef9b1804547e	f796ef9b1804547e	37709c1366b044b4
448	V050_VERTICAL+HORIZONTAL_RESIDUAL	SAME_ON_0909	no	width	2	30	2	30	2	30	15.66,232.90,357.00,22.10|249.33|c8dce879	15.66,238.76,358.68,22.10|255.19|c8dce879	15.66,78.30,238.00,22.10|94.73|a6627293	15.66,78.30,238.00,22.10|94.73|a6627293	c65116e3991db83d	c65116e3991db83d	697c6eda76c7c049
449	V050_VERTICAL+HORIZONTAL_RESIDUAL	DIFFERENT_ON_0909	no	interior	4	139	5	143	5	143	16.00,247.92,137.70,30.60|270.91|99a29b4b	16.00,253.78,137.70,30.60|276.77|99a29b4b	228.70,758.28,64.44,17.68|772.58|89e41723	228.70,154.80,64.44,23.80|172.74|89e41723	1400e9417747acf5	d59109e0a0aec71a	30dae6f01791d45a
450	V050_VERTICAL+HORIZONTAL_RESIDUAL	DIFFERENT_ON_0909	no	interior	21	688	23	709	21	709	16.00,247.92,137.70,30.60|270.91|17a1c314	16.00,253.78,137.70,30.60|276.77|17a1c314	34.00,65.05,40.13,17.68|79.35|610ee1ac	34.00,787.10,40.13,23.80|805.04|610ee1ac	3ad906f8ac99dbc4	7c5be63f42d78b5f	a53209798f95d2cd
451	V050_VERTICAL+HORIZONTAL_RESIDUAL	DIFFERENT_ON_0909	no	interior	14	568	16	590	15	590	16.00,247.92,183.60,30.60|270.91|b8b594a3	16.00,253.78,183.60,30.60|276.77|b8b594a3	34.00,793.44,145.03,17.68|807.73|101daff4	34.00,654.60,145.03,23.80|672.54|101daff4	c26888726e1f287d	895e409996d531b1	3898f754c30b6bd2
452	V050_VERTICAL+HORIZONTAL_RESIDUAL	DIFFERENT_ON_0909	no	interior	8	295	9	297	9	297	16.00,247.92,214.20,30.60|270.91|22c2b9b7	16.00,253.78,214.20,30.60|276.77|22c2b9b7	183.70,507.16,64.44,17.68|521.45|b32a7340	183.70,59.60,64.44,23.80|77.54|b32a7340	94d9271bb5351649	397e7e0773e5cb0d	3dc08918fb43ed34
453	V050_VERTICAL+HORIZONTAL_RESIDUAL	DIFFERENT_ON_0909	no	interior	7	223	8	228	7	228	16.00,247.92,137.70,30.60|270.91|ca3d0c72	16.00,253.78,137.70,30.60|276.77|ca3d0c72	34.00,383.23,193.64,17.68|397.52|1db16c02	34.00,608.60,193.64,23.80|626.54|1db16c02	42c97f1b1fb5cfc4	80974492544ed5d2	9198dee48967a3c9
454	V050_LINE_BOX	SAME_ON_0909	no	-	1	9	1	9	1	9	99.84,158.40,17.00,20.40|174.53|af50a0fe	99.84,158.40,17.00,20.40|174.44|af50a0fe	32.30,293.61,25.50,28.49|316.62|22babb02	32.30,284.65,25.50,25.50|306.17|22babb02	000e0aa5a977b650	000e0aa5a977b650	d79595be91fb8c4c
455	V050_VERTICAL+HORIZONTAL_RESIDUAL	DIFFERENT_ON_0909	no	interior	2	60	2	60	2	60	16.00,247.92,137.70,30.60|270.91|673ee42e	16.00,253.78,137.70,30.60|276.77|673ee42e	34.00,410.41,48.29,17.68|424.70|72088983	34.00,470.90,48.29,23.80|488.84|72088983	135893295584757e	de1fbe919f1e6881	136a82ce0dc3c693
456	V050_VERTICAL+HORIZONTAL_RESIDUAL	DIFFERENT_ON_0909	no	interior	9	320	10	328	9	328	16.00,247.92,153.00,30.60|270.91|d234ab93	16.00,253.78,153.00,30.60|276.77|d234ab93	183.70,243.23,72.43,17.68|257.52|100af85f	183.70,610.30,72.43,23.80|628.24|100af85f	13b4213963cc36f9	9434765136aca9da	ca15f37faf83ff73
457	V050_VERTICAL+HORIZONTAL_RESIDUAL	DIFFERENT_ON_0909	no	interior	14	550	16	562	15	562	16.00,247.92,137.70,30.60|270.91|673ee42e	16.00,253.78,137.70,30.60|276.77|673ee42e	34.00,666.32,241.77,17.68|680.61|e1ad00c3	34.00,607.00,241.77,23.80|624.94|e1ad00c3	3025f119610d2393	e1ebafabf129f8b0	ccc1fbf713b03e9a
