utc,monotonic_s,scenario,pid,kind,cpu_ps_percent,cpu_total_s,rss_mib
2026-09-07T15:47:26.173263+00:00,342418.459,final-default-off-continuous,68738,reader,13.5,11.800,642.031
2026-09-07T15:47:26.173304+00:00,342418.459,final-default-off-continuous,68745,webcontent,0.0,3.960,278.562
2026-09-07T15:47:26.173309+00:00,342418.459,final-default-off-continuous,68747,webcontent,0.0,3.880,278.609
2026-09-07T15:47:26.173312+00:00,342418.459,final-default-off-continuous,68748,webcontent,0.0,3.990,278.594
2026-09-07T15:47:26.173314+00:00,342418.459,final-default-off-continuous,68749,webcontent,0.0,3.910,278.672
2026-09-07T15:47:26.173317+00:00,342418.459,final-default-off-continuous,68751,webkit_network,0.0,0.380,119.484
2026-09-07T15:47:27.187865+00:00,342419.469,final-default-off-continuous,68738,reader,7.9,11.950,631.641
2026-09-07T15:47:27.187905+00:00,342419.469,final-default-off-continuous,68745,webcontent,0.0,3.960,278.562
2026-09-07T15:47:27.187911+00:00,342419.469,final-default-off-continuous,68747,webcontent,0.0,3.880,278.609
2026-09-07T15:47:27.187915+00:00,342419.469,final-default-off-continuous,68748,webcontent,0.0,3.990,278.594
2026-09-07T15:47:27.187919+00:00,342419.469,final-default-off-continuous,68749,webcontent,0.0,3.910,278.672
2026-09-07T15:47:27.187922+00:00,342419.469,final-default-off-continuous,68751,webkit_network,0.0,0.380,119.484
2026-09-07T15:47:28.174771+00:00,342420.477,final-default-off-continuous,68738,reader,8.1,12.080,632.828
2026-09-07T15:47:28.174809+00:00,342420.477,final-default-off-continuous,68745,webcontent,0.0,3.960,278.562
2026-09-07T15:47:28.174814+00:00,342420.477,final-default-off-continuous,68747,webcontent,0.0,3.880,278.609
2026-09-07T15:47:28.174817+00:00,342420.477,final-default-off-continuous,68748,webcontent,0.0,3.990,278.594
2026-09-07T15:47:28.174820+00:00,342420.477,final-default-off-continuous,68749,webcontent,0.0,3.910,278.672
2026-09-07T15:47:28.174824+00:00,342420.477,final-default-off-continuous,68751,webkit_network,0.0,0.380,119.484
2026-09-07T15:47:29.200604+00:00,342421.484,final-default-off-continuous,68738,reader,17.7,12.180,632.969
2026-09-07T15:47:29.200647+00:00,342421.484,final-default-off-continuous,68745,webcontent,0.0,3.960,278.562
2026-09-07T15:47:29.200654+00:00,342421.484,final-default-off-continuous,68747,webcontent,0.0,3.880,278.609
2026-09-07T15:47:29.200658+00:00,342421.484,final-default-off-continuous,68748,webcontent,0.0,3.990,278.594
2026-09-07T15:47:29.200661+00:00,342421.484,final-default-off-continuous,68749,webcontent,0.0,3.910,278.672
2026-09-07T15:47:29.200664+00:00,342421.484,final-default-off-continuous,68751,webkit_network,0.0,0.380,119.484
2026-09-07T15:47:30.220608+00:00,342422.494,final-default-off-continuous,68738,reader,2.8,12.250,633.688
2026-09-07T15:47:30.220652+00:00,342422.494,final-default-off-continuous,68745,webcontent,0.0,3.960,278.562
2026-09-07T15:47:30.220657+00:00,342422.494,final-default-off-continuous,68747,webcontent,0.0,3.880,278.609
2026-09-07T15:47:30.220662+00:00,342422.494,final-default-off-continuous,68748,webcontent,0.0,3.990,278.594
2026-09-07T15:47:30.220665+00:00,342422.494,final-default-off-continuous,68749,webcontent,0.0,3.910,278.672
2026-09-07T15:47:30.220668+00:00,342422.494,final-default-off-continuous,68751,webkit_network,0.0,0.380,119.484
2026-09-07T15:47:31.213348+00:00,342423.505,final-default-off-continuous,68738,reader,9.4,12.360,648.859
2026-09-07T15:47:31.213392+00:00,342423.505,final-default-off-continuous,68745,webcontent,0.0,3.960,278.562
2026-09-07T15:47:31.213398+00:00,342423.505,final-default-off-continuous,68747,webcontent,0.0,3.880,278.609
2026-09-07T15:47:31.213401+00:00,342423.505,final-default-off-continuous,68748,webcontent,0.0,3.990,278.594
2026-09-07T15:47:31.213404+00:00,342423.505,final-default-off-continuous,68749,webcontent,0.0,3.910,278.672
2026-09-07T15:47:31.213407+00:00,342423.505,final-default-off-continuous,68751,webkit_network,0.0,0.380,119.484
2026-09-07T15:47:32.224392+00:00,342424.515,final-default-off-continuous,68738,reader,1.2,12.410,634.297
2026-09-07T15:47:32.224439+00:00,342424.515,final-default-off-continuous,68745,webcontent,0.0,3.960,278.562
2026-09-07T15:47:32.224446+00:00,342424.515,final-default-off-continuous,68747,webcontent,0.0,3.880,278.609
2026-09-07T15:47:32.224451+00:00,342424.515,final-default-off-continuous,68748,webcontent,0.0,3.990,278.594
2026-09-07T15:47:32.224455+00:00,342424.515,final-default-off-continuous,68749,webcontent,0.0,3.910,278.672
2026-09-07T15:47:32.224459+00:00,342424.515,final-default-off-continuous,68751,webkit_network,0.0,0.380,119.484
2026-09-07T15:47:33.253091+00:00,342425.525,final-default-off-continuous,68738,reader,9.8,12.520,634.734
2026-09-07T15:47:33.253132+00:00,342425.525,final-default-off-continuous,68745,webcontent,0.0,3.960,278.562
2026-09-07T15:47:33.253143+00:00,342425.525,final-default-off-continuous,68747,webcontent,0.0,3.880,278.609
2026-09-07T15:47:33.253147+00:00,342425.525,final-default-off-continuous,68748,webcontent,0.0,3.990,278.594
2026-09-07T15:47:33.253150+00:00,342425.525,final-default-off-continuous,68749,webcontent,0.0,3.910,278.672
2026-09-07T15:47:33.253153+00:00,342425.525,final-default-off-continuous,68751,webkit_network,0.0,0.380,119.484
2026-09-07T15:47:34.237048+00:00,342426.535,final-default-off-continuous,68738,reader,13.1,12.660,649.641
2026-09-07T15:47:34.237090+00:00,342426.535,final-default-off-continuous,68745,webcontent,0.0,3.960,278.562
2026-09-07T15:47:34.237096+00:00,342426.535,final-default-off-continuous,68747,webcontent,0.0,3.880,278.609
2026-09-07T15:47:34.237100+00:00,342426.535,final-default-off-continuous,68748,webcontent,0.0,3.990,278.594
2026-09-07T15:47:34.237103+00:00,342426.535,final-default-off-continuous,68749,webcontent,0.0,3.910,278.672
2026-09-07T15:47:34.237107+00:00,342426.535,final-default-off-continuous,68751,webkit_network,0.0,0.380,119.484
2026-09-07T15:47:35.271334+00:00,342427.546,final-default-off-continuous,68738,reader,1.4,12.680,635.078
2026-09-07T15:47:35.271379+00:00,342427.546,final-default-off-continuous,68745,webcontent,0.0,3.960,278.562
2026-09-07T15:47:35.271385+00:00,342427.546,final-default-off-continuous,68747,webcontent,0.0,3.880,278.609
2026-09-07T15:47:35.271390+00:00,342427.546,final-default-off-continuous,68748,webcontent,0.0,3.990,278.594
2026-09-07T15:47:35.271393+00:00,342427.546,final-default-off-continuous,68749,webcontent,0.0,3.910,278.672
2026-09-07T15:47:35.271397+00:00,342427.546,final-default-off-continuous,68751,webkit_network,0.0,0.380,119.484
2026-09-07T15:47:36.285525+00:00,342428.556,final-default-off-continuous,68738,reader,8.0,12.820,635.391
2026-09-07T15:47:36.285576+00:00,342428.556,final-default-off-continuous,68745,webcontent,0.0,3.960,278.562
2026-09-07T15:47:36.285582+00:00,342428.556,final-default-off-continuous,68747,webcontent,0.0,3.880,278.609
2026-09-07T15:47:36.285585+00:00,342428.556,final-default-off-continuous,68748,webcontent,0.0,3.990,278.594
2026-09-07T15:47:36.285589+00:00,342428.556,final-default-off-continuous,68749,webcontent,0.0,3.910,278.672
2026-09-07T15:47:36.285593+00:00,342428.556,final-default-off-continuous,68751,webkit_network,0.0,0.380,119.484
2026-09-07T15:47:37.255034+00:00,342429.557,final-default-off-continuous,68738,reader,12.8,12.960,650.094
2026-09-07T15:47:37.255074+00:00,342429.557,final-default-off-continuous,68745,webcontent,0.0,3.960,278.562
2026-09-07T15:47:37.255078+00:00,342429.557,final-default-off-continuous,68747,webcontent,0.0,3.880,278.609
2026-09-07T15:47:37.255082+00:00,342429.557,final-default-off-continuous,68748,webcontent,0.0,3.990,278.594
2026-09-07T15:47:37.255085+00:00,342429.557,final-default-off-continuous,68749,webcontent,0.0,3.910,278.672
2026-09-07T15:47:37.255088+00:00,342429.557,final-default-off-continuous,68751,webkit_network,0.0,0.380,119.484
2026-09-07T15:47:38.288448+00:00,342430.568,final-default-off-continuous,68738,reader,1.8,12.980,635.531
2026-09-07T15:47:38.288494+00:00,342430.568,final-default-off-continuous,68745,webcontent,0.0,3.960,278.562
2026-09-07T15:47:38.288500+00:00,342430.568,final-default-off-continuous,68747,webcontent,0.0,3.880,278.609
2026-09-07T15:47:38.288505+00:00,342430.568,final-default-off-continuous,68748,webcontent,0.0,3.990,278.594
2026-09-07T15:47:38.288508+00:00,342430.568,final-default-off-continuous,68749,webcontent,0.0,3.910,278.672
2026-09-07T15:47:38.288512+00:00,342430.568,final-default-off-continuous,68751,webkit_network,0.0,0.380,119.484
2026-09-07T15:47:39.306791+00:00,342431.578,final-default-off-continuous,68738,reader,15.9,13.170,637.578
2026-09-07T15:47:39.306836+00:00,342431.578,final-default-off-continuous,68745,webcontent,0.0,3.960,278.562
2026-09-07T15:47:39.306841+00:00,342431.578,final-default-off-continuous,68747,webcontent,0.0,3.880,278.609
2026-09-07T15:47:39.306846+00:00,342431.578,final-default-off-continuous,68748,webcontent,0.0,3.990,278.594
2026-09-07T15:47:39.306850+00:00,342431.578,final-default-off-continuous,68749,webcontent,0.0,3.910,278.672
2026-09-07T15:47:39.306853+00:00,342431.578,final-default-off-continuous,68751,webkit_network,0.0,0.380,119.484
2026-09-07T15:47:40.303312+00:00,342432.589,final-default-off-continuous,68738,reader,13.1,13.250,652.281
2026-09-07T15:47:40.303358+00:00,342432.589,final-default-off-continuous,68745,webcontent,0.0,3.960,278.562
2026-09-07T15:47:40.303363+00:00,342432.589,final-default-off-continuous,68747,webcontent,0.0,3.880,278.609
2026-09-07T15:47:40.303368+00:00,342432.589,final-default-off-continuous,68748,webcontent,0.0,3.990,278.594
2026-09-07T15:47:40.303371+00:00,342432.589,final-default-off-continuous,68749,webcontent,0.0,3.910,278.672
2026-09-07T15:47:40.303374+00:00,342432.589,final-default-off-continuous,68751,webkit_network,0.0,0.380,119.484
2026-09-07T15:47:41.321301+00:00,342433.594,final-default-off-continuous,68738,reader,8.0,13.330,637.922
2026-09-07T15:47:41.321340+00:00,342433.594,final-default-off-continuous,68745,webcontent,0.0,3.960,278.562
2026-09-07T15:47:41.321346+00:00,342433.594,final-default-off-continuous,68747,webcontent,0.0,3.880,278.609
2026-09-07T15:47:41.321351+00:00,342433.594,final-default-off-continuous,68748,webcontent,0.0,3.990,278.594
2026-09-07T15:47:41.321354+00:00,342433.594,final-default-off-continuous,68749,webcontent,0.0,3.910,278.672
2026-09-07T15:47:41.321358+00:00,342433.594,final-default-off-continuous,68751,webkit_network,0.0,0.380,119.484
2026-09-07T15:47:42.330407+00:00,342434.605,final-default-off-continuous,68738,reader,5.8,13.450,637.922
2026-09-07T15:47:42.330457+00:00,342434.605,final-default-off-continuous,68745,webcontent,0.0,3.960,278.562
2026-09-07T15:47:42.330463+00:00,342434.605,final-default-off-continuous,68747,webcontent,0.0,3.880,278.609
2026-09-07T15:47:42.330467+00:00,342434.605,final-default-off-continuous,68748,webcontent,0.0,3.990,278.594
2026-09-07T15:47:42.330471+00:00,342434.605,final-default-off-continuous,68749,webcontent,0.0,3.910,278.672
2026-09-07T15:47:42.330474+00:00,342434.605,final-default-off-continuous,68751,webkit_network,0.0,0.380,119.484
2026-09-07T15:47:43.339778+00:00,342435.615,final-default-off-continuous,68738,reader,15.6,13.520,652.375
2026-09-07T15:47:43.339829+00:00,342435.615,final-default-off-continuous,68745,webcontent,0.0,3.960,278.562
2026-09-07T15:47:43.339836+00:00,342435.615,final-default-off-continuous,68747,webcontent,0.0,3.880,278.609
2026-09-07T15:47:43.339841+00:00,342435.615,final-default-off-continuous,68748,webcontent,0.0,3.990,278.594
2026-09-07T15:47:43.339845+00:00,342435.615,final-default-off-continuous,68749,webcontent,0.0,3.910,278.672
2026-09-07T15:47:43.339849+00:00,342435.615,final-default-off-continuous,68751,webkit_network,0.0,0.380,119.484
2026-09-07T15:47:44.334645+00:00,342436.625,final-default-off-continuous,68738,reader,8.6,13.690,639.734
2026-09-07T15:47:44.334689+00:00,342436.625,final-default-off-continuous,68745,webcontent,0.0,3.960,278.562
2026-09-07T15:47:44.334694+00:00,342436.625,final-default-off-continuous,68747,webcontent,0.0,3.880,278.609
2026-09-07T15:47:44.334700+00:00,342436.625,final-default-off-continuous,68748,webcontent,0.0,3.990,278.594
2026-09-07T15:47:44.334719+00:00,342436.625,final-default-off-continuous,68749,webcontent,0.0,3.910,278.672
2026-09-07T15:47:44.334724+00:00,342436.625,final-default-off-continuous,68751,webkit_network,0.0,0.380,119.484
2026-09-07T15:47:45.331982+00:00,342437.627,final-default-off-continuous,68738,reader,10.2,13.850,640.109
2026-09-07T15:47:45.332024+00:00,342437.627,final-default-off-continuous,68745,webcontent,0.0,3.960,278.562
2026-09-07T15:47:45.332029+00:00,342437.627,final-default-off-continuous,68747,webcontent,0.0,3.880,278.609
2026-09-07T15:47:45.332034+00:00,342437.627,final-default-off-continuous,68748,webcontent,0.0,3.990,278.594
2026-09-07T15:47:45.332037+00:00,342437.627,final-default-off-continuous,68749,webcontent,0.0,3.910,278.672
2026-09-07T15:47:45.332046+00:00,342437.627,final-default-off-continuous,68751,webkit_network,0.0,0.380,119.484
2026-09-07T15:47:46.341172+00:00,342438.635,final-default-off-continuous,68738,reader,7.2,13.900,640.109
2026-09-07T15:47:46.341209+00:00,342438.635,final-default-off-continuous,68745,webcontent,0.0,3.960,278.562
2026-09-07T15:47:46.341214+00:00,342438.635,final-default-off-continuous,68747,webcontent,0.0,3.880,278.609
2026-09-07T15:47:46.341217+00:00,342438.635,final-default-off-continuous,68748,webcontent,0.0,3.990,278.594
2026-09-07T15:47:46.341220+00:00,342438.635,final-default-off-continuous,68749,webcontent,0.0,3.910,278.672
2026-09-07T15:47:46.341223+00:00,342438.635,final-default-off-continuous,68751,webkit_network,0.0,0.380,119.484
2026-09-07T15:47:47.375007+00:00,342439.646,final-default-off-continuous,68738,reader,9.1,14.020,640.656
2026-09-07T15:47:47.375048+00:00,342439.646,final-default-off-continuous,68745,webcontent,0.0,3.960,278.562
2026-09-07T15:47:47.375054+00:00,342439.646,final-default-off-continuous,68747,webcontent,0.0,3.880,278.609
2026-09-07T15:47:47.375059+00:00,342439.646,final-default-off-continuous,68748,webcontent,0.0,3.990,278.594
2026-09-07T15:47:47.375062+00:00,342439.646,final-default-off-continuous,68749,webcontent,0.0,3.910,278.672
2026-09-07T15:47:47.375066+00:00,342439.646,final-default-off-continuous,68751,webkit_network,0.0,0.380,119.484
2026-09-07T15:47:48.354087+00:00,342440.652,final-default-off-continuous,68738,reader,11.5,14.140,655.094
2026-09-07T15:47:48.354127+00:00,342440.652,final-default-off-continuous,68745,webcontent,0.0,3.960,278.562
2026-09-07T15:47:48.354132+00:00,342440.652,final-default-off-continuous,68747,webcontent,0.0,3.880,278.609
2026-09-07T15:47:48.354136+00:00,342440.652,final-default-off-continuous,68748,webcontent,0.0,3.990,278.594
2026-09-07T15:47:48.354139+00:00,342440.652,final-default-off-continuous,68749,webcontent,0.0,3.910,278.672
2026-09-07T15:47:48.354143+00:00,342440.652,final-default-off-continuous,68751,webkit_network,0.0,0.380,119.484
2026-09-07T15:47:49.388749+00:00,342441.662,final-default-off-continuous,68738,reader,1.7,14.170,640.531
2026-09-07T15:47:49.388792+00:00,342441.662,final-default-off-continuous,68745,webcontent,0.0,3.960,278.562
2026-09-07T15:47:49.388798+00:00,342441.662,final-default-off-continuous,68747,webcontent,0.0,3.880,278.609
2026-09-07T15:47:49.388802+00:00,342441.662,final-default-off-continuous,68748,webcontent,0.0,3.990,278.594
2026-09-07T15:47:49.388805+00:00,342441.662,final-default-off-continuous,68749,webcontent,0.0,3.910,278.672
2026-09-07T15:47:49.388809+00:00,342441.662,final-default-off-continuous,68751,webkit_network,0.0,0.380,119.484
2026-09-07T15:47:50.399761+00:00,342442.672,final-default-off-continuous,68738,reader,5.3,14.290,640.672
2026-09-07T15:47:50.399805+00:00,342442.672,final-default-off-continuous,68745,webcontent,0.0,3.960,278.562
2026-09-07T15:47:50.399811+00:00,342442.672,final-default-off-continuous,68747,webcontent,0.0,3.880,278.609
2026-09-07T15:47:50.399822+00:00,342442.672,final-default-off-continuous,68748,webcontent,0.0,3.990,278.594
2026-09-07T15:47:50.399826+00:00,342442.672,final-default-off-continuous,68749,webcontent,0.0,3.910,278.672
2026-09-07T15:47:50.399831+00:00,342442.672,final-default-off-continuous,68751,webkit_network,0.0,0.380,119.484
2026-09-07T15:47:51.377337+00:00,342443.679,final-default-off-continuous,68738,reader,12.5,14.430,655.375
2026-09-07T15:47:51.377373+00:00,342443.679,final-default-off-continuous,68745,webcontent,0.0,3.960,278.562
2026-09-07T15:47:51.377377+00:00,342443.679,final-default-off-continuous,68747,webcontent,0.0,3.880,278.609
2026-09-07T15:47:51.377381+00:00,342443.679,final-default-off-continuous,68748,webcontent,0.0,3.990,278.594
2026-09-07T15:47:51.377384+00:00,342443.679,final-default-off-continuous,68749,webcontent,0.0,3.910,278.672
2026-09-07T15:47:51.377387+00:00,342443.679,final-default-off-continuous,68751,webkit_network,0.0,0.380,119.484
2026-09-07T15:47:52.418476+00:00,342444.690,final-default-off-continuous,68738,reader,1.5,14.450,640.812
2026-09-07T15:47:52.418527+00:00,342444.690,final-default-off-continuous,68745,webcontent,0.0,3.960,278.562
2026-09-07T15:47:52.418533+00:00,342444.690,final-default-off-continuous,68747,webcontent,0.0,3.880,278.609
2026-09-07T15:47:52.418537+00:00,342444.690,final-default-off-continuous,68748,webcontent,0.0,3.990,278.594
2026-09-07T15:47:52.418540+00:00,342444.690,final-default-off-continuous,68749,webcontent,0.0,3.910,278.672
2026-09-07T15:47:52.418546+00:00,342444.690,final-default-off-continuous,68751,webkit_network,0.0,0.380,119.484
2026-09-07T15:47:53.428058+00:00,342445.700,final-default-off-continuous,68738,reader,8.8,14.570,640.922
2026-09-07T15:47:53.428100+00:00,342445.700,final-default-off-continuous,68745,webcontent,0.0,3.960,278.562
2026-09-07T15:47:53.428107+00:00,342445.700,final-default-off-continuous,68747,webcontent,0.0,3.880,278.609
2026-09-07T15:47:53.428111+00:00,342445.700,final-default-off-continuous,68748,webcontent,0.0,3.990,278.594
2026-09-07T15:47:53.428115+00:00,342445.700,final-default-off-continuous,68749,webcontent,0.0,3.910,278.672
2026-09-07T15:47:53.428118+00:00,342445.700,final-default-off-continuous,68751,webkit_network,0.0,0.380,119.484
2026-09-07T15:47:54.445816+00:00,342446.711,final-default-off-continuous,68738,reader,9.5,14.640,655.594
2026-09-07T15:47:54.445879+00:00,342446.711,final-default-off-continuous,68745,webcontent,0.0,3.960,278.562
2026-09-07T15:47:54.445884+00:00,342446.711,final-default-off-continuous,68747,webcontent,0.0,3.880,278.609
2026-09-07T15:47:54.445889+00:00,342446.711,final-default-off-continuous,68748,webcontent,0.0,3.990,278.594
2026-09-07T15:47:54.445892+00:00,342446.711,final-default-off-continuous,68749,webcontent,0.0,3.910,278.672
2026-09-07T15:47:54.445895+00:00,342446.711,final-default-off-continuous,68751,webkit_network,0.0,0.380,119.484
2026-09-07T15:47:55.448434+00:00,342447.721,final-default-off-continuous,68738,reader,10.5,14.750,641.031
2026-09-07T15:47:55.448475+00:00,342447.721,final-default-off-continuous,68745,webcontent,0.0,3.960,278.562
2026-09-07T15:47:55.448480+00:00,342447.721,final-default-off-continuous,68747,webcontent,0.0,3.880,278.609
2026-09-07T15:47:55.448485+00:00,342447.721,final-default-off-continuous,68748,webcontent,0.0,3.990,278.594
2026-09-07T15:47:55.448488+00:00,342447.721,final-default-off-continuous,68749,webcontent,0.0,3.910,278.672
2026-09-07T15:47:55.448491+00:00,342447.721,final-default-off-continuous,68751,webkit_network,0.0,0.380,119.484
2026-09-07T15:47:56.460759+00:00,342448.732,final-default-off-continuous,68738,reader,6.1,14.850,641.172
2026-09-07T15:47:56.460805+00:00,342448.732,final-default-off-continuous,68745,webcontent,0.0,3.960,278.562
2026-09-07T15:47:56.460811+00:00,342448.732,final-default-off-continuous,68747,webcontent,0.0,3.880,278.609
2026-09-07T15:47:56.460816+00:00,342448.732,final-default-off-continuous,68748,webcontent,0.0,3.990,278.594
2026-09-07T15:47:56.460819+00:00,342448.732,final-default-off-continuous,68749,webcontent,0.0,3.910,278.672
2026-09-07T15:47:56.460823+00:00,342448.732,final-default-off-continuous,68751,webkit_network,0.0,0.380,119.484
2026-09-07T15:47:57.471494+00:00,342449.742,final-default-off-continuous,68738,reader,17.3,14.930,655.734
2026-09-07T15:47:57.471644+00:00,342449.742,final-default-off-continuous,68745,webcontent,0.0,3.960,278.562
2026-09-07T15:47:57.471652+00:00,342449.742,final-default-off-continuous,68747,webcontent,0.0,3.880,278.609
2026-09-07T15:47:57.471660+00:00,342449.742,final-default-off-continuous,68748,webcontent,0.0,3.990,278.594
2026-09-07T15:47:57.471663+00:00,342449.742,final-default-off-continuous,68749,webcontent,0.0,3.910,278.672
2026-09-07T15:47:57.471669+00:00,342449.742,final-default-off-continuous,68751,webkit_network,0.0,0.380,119.484
2026-09-07T15:47:58.480611+00:00,342450.752,final-default-off-continuous,68738,reader,2.3,14.980,641.156
2026-09-07T15:47:58.480652+00:00,342450.752,final-default-off-continuous,68745,webcontent,0.0,3.960,278.562
2026-09-07T15:47:58.480658+00:00,342450.752,final-default-off-continuous,68747,webcontent,0.0,3.880,278.609
2026-09-07T15:47:58.480663+00:00,342450.752,final-default-off-continuous,68748,webcontent,0.0,3.990,278.594
2026-09-07T15:47:58.480666+00:00,342450.752,final-default-off-continuous,68749,webcontent,0.0,3.910,278.672
2026-09-07T15:47:58.480670+00:00,342450.752,final-default-off-continuous,68751,webkit_network,0.0,0.380,119.484
2026-09-07T15:47:59.484873+00:00,342451.762,final-default-off-continuous,68738,reader,33.4,15.170,642.359
2026-09-07T15:47:59.484920+00:00,342451.762,final-default-off-continuous,68745,webcontent,0.0,3.960,278.562
2026-09-07T15:47:59.484926+00:00,342451.762,final-default-off-continuous,68747,webcontent,0.0,3.880,278.609
2026-09-07T15:47:59.484931+00:00,342451.762,final-default-off-continuous,68748,webcontent,0.0,3.990,278.594
2026-09-07T15:47:59.484935+00:00,342451.762,final-default-off-continuous,68749,webcontent,0.0,3.910,278.672
2026-09-07T15:47:59.484939+00:00,342451.762,final-default-off-continuous,68751,webkit_network,0.0,0.380,119.453
2026-09-07T15:48:00.491665+00:00,342452.773,final-default-off-continuous,68738,reader,19.3,15.340,657.375
2026-09-07T15:48:00.491704+00:00,342452.773,final-default-off-continuous,68745,webcontent,0.0,3.960,278.562
2026-09-07T15:48:00.491709+00:00,342452.773,final-default-off-continuous,68747,webcontent,0.0,3.880,278.609
2026-09-07T15:48:00.491712+00:00,342452.773,final-default-off-continuous,68748,webcontent,0.0,3.990,278.594
2026-09-07T15:48:00.491715+00:00,342452.773,final-default-off-continuous,68749,webcontent,0.0,3.910,278.672
2026-09-07T15:48:00.491718+00:00,342452.773,final-default-off-continuous,68751,webkit_network,0.0,0.380,119.453
2026-09-07T15:48:01.494344+00:00,342453.783,final-default-off-continuous,68738,reader,1.8,15.370,642.906
2026-09-07T15:48:01.494384+00:00,342453.783,final-default-off-continuous,68745,webcontent,0.0,3.960,278.562
2026-09-07T15:48:01.494389+00:00,342453.783,final-default-off-continuous,68747,webcontent,0.0,3.880,278.609
2026-09-07T15:48:01.494392+00:00,342453.783,final-default-off-continuous,68748,webcontent,0.0,3.990,278.594
2026-09-07T15:48:01.494395+00:00,342453.783,final-default-off-continuous,68749,webcontent,0.0,3.910,278.672
2026-09-07T15:48:01.494398+00:00,342453.783,final-default-off-continuous,68751,webkit_network,0.0,0.380,119.453
2026-09-07T15:48:02.488993+00:00,342454.792,final-default-off-continuous,68738,reader,14.7,15.480,657.953
2026-09-07T15:48:02.489038+00:00,342454.792,final-default-off-continuous,68745,webcontent,0.0,3.960,278.562
2026-09-07T15:48:02.489044+00:00,342454.792,final-default-off-continuous,68747,webcontent,0.0,3.880,278.609
2026-09-07T15:48:02.489047+00:00,342454.792,final-default-off-continuous,68748,webcontent,0.0,3.990,278.594
2026-09-07T15:48:02.489049+00:00,342454.792,final-default-off-continuous,68749,webcontent,0.0,3.910,278.672
2026-09-07T15:48:02.489052+00:00,342454.792,final-default-off-continuous,68751,webkit_network,0.0,0.380,119.453
2026-09-07T15:48:03.530262+00:00,342455.802,final-default-off-continuous,68738,reader,1.8,15.510,643.391
2026-09-07T15:48:03.530302+00:00,342455.802,final-default-off-continuous,68745,webcontent,0.0,3.960,278.562
2026-09-07T15:48:03.530311+00:00,342455.802,final-default-off-continuous,68747,webcontent,0.0,3.880,278.609
2026-09-07T15:48:03.530314+00:00,342455.802,final-default-off-continuous,68748,webcontent,0.0,3.990,278.594
2026-09-07T15:48:03.530318+00:00,342455.802,final-default-off-continuous,68749,webcontent,0.0,3.910,278.672
2026-09-07T15:48:03.530321+00:00,342455.802,final-default-off-continuous,68751,webkit_network,0.0,0.380,119.453
2026-09-07T15:48:04.534591+00:00,342456.813,final-default-off-continuous,68738,reader,6.7,15.630,643.734
2026-09-07T15:48:04.534641+00:00,342456.813,final-default-off-continuous,68745,webcontent,0.0,3.960,278.562
2026-09-07T15:48:04.534648+00:00,342456.813,final-default-off-continuous,68747,webcontent,0.0,3.880,278.609
2026-09-07T15:48:04.534652+00:00,342456.813,final-default-off-continuous,68748,webcontent,0.0,3.990,278.594
2026-09-07T15:48:04.534656+00:00,342456.813,final-default-off-continuous,68749,webcontent,0.0,3.910,278.672
2026-09-07T15:48:04.534659+00:00,342456.813,final-default-off-continuous,68751,webkit_network,0.0,0.380,119.453
2026-09-07T15:48:05.533439+00:00,342457.823,final-default-off-continuous,68738,reader,19.9,15.790,658.359
2026-09-07T15:48:05.533484+00:00,342457.823,final-default-off-continuous,68745,webcontent,0.0,3.960,278.562
2026-09-07T15:48:05.533490+00:00,342457.823,final-default-off-continuous,68747,webcontent,0.0,3.880,278.609
2026-09-07T15:48:05.533493+00:00,342457.823,final-default-off-continuous,68748,webcontent,0.0,3.990,278.594
2026-09-07T15:48:05.533496+00:00,342457.823,final-default-off-continuous,68749,webcontent,0.0,3.910,278.672
2026-09-07T15:48:05.533499+00:00,342457.823,final-default-off-continuous,68751,webkit_network,0.0,0.380,119.453
2026-09-07T15:48:06.561511+00:00,342458.833,final-default-off-continuous,68738,reader,1.9,15.820,643.797
2026-09-07T15:48:06.561559+00:00,342458.833,final-default-off-continuous,68745,webcontent,0.0,3.960,278.562
2026-09-07T15:48:06.561565+00:00,342458.833,final-default-off-continuous,68747,webcontent,0.0,3.880,278.609
2026-09-07T15:48:06.561570+00:00,342458.833,final-default-off-continuous,68748,webcontent,0.0,3.990,278.594
2026-09-07T15:48:06.561583+00:00,342458.833,final-default-off-continuous,68749,webcontent,0.0,3.910,278.672
2026-09-07T15:48:06.561588+00:00,342458.833,final-default-off-continuous,68751,webkit_network,0.0,0.380,119.453
2026-09-07T15:48:07.570746+00:00,342459.844,final-default-off-continuous,68738,reader,6.1,15.940,643.953
2026-09-07T15:48:07.570796+00:00,342459.844,final-default-off-continuous,68745,webcontent,0.0,3.960,278.562
2026-09-07T15:48:07.570802+00:00,342459.844,final-default-off-continuous,68747,webcontent,0.0,3.880,278.609
2026-09-07T15:48:07.570806+00:00,342459.844,final-default-off-continuous,68748,webcontent,0.0,3.990,278.594
2026-09-07T15:48:07.570809+00:00,342459.844,final-default-off-continuous,68749,webcontent,0.0,3.910,278.672
2026-09-07T15:48:07.570813+00:00,342459.844,final-default-off-continuous,68751,webkit_network,0.0,0.380,119.453
2026-09-07T15:48:08.581277+00:00,342460.854,final-default-off-continuous,68738,reader,15.0,16.020,658.547
2026-09-07T15:48:08.581338+00:00,342460.854,final-default-off-continuous,68745,webcontent,0.0,3.960,278.562
2026-09-07T15:48:08.581344+00:00,342460.854,final-default-off-continuous,68747,webcontent,0.0,3.880,278.609
2026-09-07T15:48:08.581348+00:00,342460.854,final-default-off-continuous,68748,webcontent,0.0,3.990,278.594
2026-09-07T15:48:08.581351+00:00,342460.854,final-default-off-continuous,68749,webcontent,0.0,3.910,278.672
2026-09-07T15:48:08.581357+00:00,342460.854,final-default-off-continuous,68751,webkit_network,0.0,0.380,119.453
2026-09-07T15:48:09.595052+00:00,342461.865,final-default-off-continuous,68738,reader,7.6,16.110,644.000
2026-09-07T15:48:09.595110+00:00,342461.865,final-default-off-continuous,68745,webcontent,0.0,3.960,278.562
2026-09-07T15:48:09.595116+00:00,342461.865,final-default-off-continuous,68747,webcontent,0.0,3.880,278.609
2026-09-07T15:48:09.595120+00:00,342461.865,final-default-off-continuous,68748,webcontent,0.0,3.990,278.594
2026-09-07T15:48:09.595125+00:00,342461.865,final-default-off-continuous,68749,webcontent,0.0,3.910,278.672
2026-09-07T15:48:09.595129+00:00,342461.865,final-default-off-continuous,68751,webkit_network,0.0,0.380,119.453
2026-09-07T15:48:10.595597+00:00,342462.875,final-default-off-continuous,68738,reader,6.7,16.210,644.031
2026-09-07T15:48:10.595636+00:00,342462.875,final-default-off-continuous,68745,webcontent,0.0,3.960,278.562
2026-09-07T15:48:10.595642+00:00,342462.875,final-default-off-continuous,68747,webcontent,0.0,3.880,278.609
2026-09-07T15:48:10.595646+00:00,342462.875,final-default-off-continuous,68748,webcontent,0.0,3.990,278.594
2026-09-07T15:48:10.595650+00:00,342462.875,final-default-off-continuous,68749,webcontent,0.0,3.910,278.672
2026-09-07T15:48:10.595653+00:00,342462.875,final-default-off-continuous,68751,webkit_network,0.0,0.380,119.453
2026-09-07T15:48:11.607589+00:00,342463.885,final-default-off-continuous,68738,reader,12.8,16.300,658.641
2026-09-07T15:48:11.607640+00:00,342463.885,final-default-off-continuous,68745,webcontent,0.0,3.960,278.562
2026-09-07T15:48:11.607646+00:00,342463.885,final-default-off-continuous,68747,webcontent,0.0,3.880,278.609
2026-09-07T15:48:11.607650+00:00,342463.885,final-default-off-continuous,68748,webcontent,0.0,3.990,278.594
2026-09-07T15:48:11.607656+00:00,342463.885,final-default-off-continuous,68749,webcontent,0.0,3.910,278.672
2026-09-07T15:48:11.607659+00:00,342463.885,final-default-off-continuous,68751,webkit_network,0.0,0.380,119.453
2026-09-07T15:48:12.625343+00:00,342464.896,final-default-off-continuous,68738,reader,3.2,16.350,644.078
2026-09-07T15:48:12.625387+00:00,342464.896,final-default-off-continuous,68745,webcontent,0.0,3.960,278.562
2026-09-07T15:48:12.625393+00:00,342464.896,final-default-off-continuous,68747,webcontent,0.0,3.880,278.609
2026-09-07T15:48:12.625398+00:00,342464.896,final-default-off-continuous,68748,webcontent,0.0,3.990,278.594
2026-09-07T15:48:12.625401+00:00,342464.896,final-default-off-continuous,68749,webcontent,0.0,3.910,278.672
2026-09-07T15:48:12.625405+00:00,342464.896,final-default-off-continuous,68751,webkit_network,0.0,0.380,119.453
2026-09-07T15:48:13.623275+00:00,342465.906,final-default-off-continuous,68738,reader,9.3,16.450,644.094
2026-09-07T15:48:13.623323+00:00,342465.906,final-default-off-continuous,68745,webcontent,0.0,3.960,278.562
2026-09-07T15:48:13.623329+00:00,342465.906,final-default-off-continuous,68747,webcontent,0.0,3.880,278.609
2026-09-07T15:48:13.623333+00:00,342465.906,final-default-off-continuous,68748,webcontent,0.0,3.990,278.594
2026-09-07T15:48:13.623336+00:00,342465.906,final-default-off-continuous,68749,webcontent,0.0,3.910,278.672
2026-09-07T15:48:13.623339+00:00,342465.906,final-default-off-continuous,68751,webkit_network,0.0,0.380,119.453
2026-09-07T15:48:14.632559+00:00,342466.916,final-default-off-continuous,68738,reader,9.6,16.500,644.125
2026-09-07T15:48:14.632623+00:00,342466.916,final-default-off-continuous,68745,webcontent,0.0,3.960,278.562
2026-09-07T15:48:14.632630+00:00,342466.916,final-default-off-continuous,68747,webcontent,0.0,3.880,278.609
2026-09-07T15:48:14.632635+00:00,342466.916,final-default-off-continuous,68748,webcontent,0.0,3.990,278.594
2026-09-07T15:48:14.632638+00:00,342466.916,final-default-off-continuous,68749,webcontent,0.0,3.910,278.672
2026-09-07T15:48:14.632643+00:00,342466.916,final-default-off-continuous,68751,webkit_network,0.0,0.380,119.453
2026-09-07T15:48:15.655990+00:00,342467.927,final-default-off-continuous,68738,reader,3.0,16.570,644.109
2026-09-07T15:48:15.656033+00:00,342467.927,final-default-off-continuous,68745,webcontent,0.0,3.960,278.562
2026-09-07T15:48:15.656038+00:00,342467.927,final-default-off-continuous,68747,webcontent,0.0,3.880,278.609
2026-09-07T15:48:15.656043+00:00,342467.927,final-default-off-continuous,68748,webcontent,0.0,3.990,278.594
2026-09-07T15:48:15.656046+00:00,342467.927,final-default-off-continuous,68749,webcontent,0.0,3.910,278.672
2026-09-07T15:48:15.656051+00:00,342467.927,final-default-off-continuous,68751,webkit_network,0.0,0.380,119.453
2026-09-07T15:48:16.640349+00:00,342468.937,final-default-off-continuous,68738,reader,10.0,16.720,644.250
2026-09-07T15:48:16.640397+00:00,342468.937,final-default-off-continuous,68745,webcontent,0.0,3.960,278.562
2026-09-07T15:48:16.640403+00:00,342468.937,final-default-off-continuous,68747,webcontent,0.0,3.880,278.609
2026-09-07T15:48:16.640408+00:00,342468.937,final-default-off-continuous,68748,webcontent,0.0,3.990,278.594
2026-09-07T15:48:16.640412+00:00,342468.937,final-default-off-continuous,68749,webcontent,0.0,3.910,278.672
2026-09-07T15:48:16.640417+00:00,342468.937,final-default-off-continuous,68751,webkit_network,0.0,0.380,119.453
2026-09-07T15:48:17.663456+00:00,342469.947,final-default-off-continuous,68738,reader,3.6,16.870,644.984
2026-09-07T15:48:17.663511+00:00,342469.947,final-default-off-continuous,68745,webcontent,0.0,3.960,278.562
2026-09-07T15:48:17.663516+00:00,342469.947,final-default-off-continuous,68747,webcontent,0.0,3.880,278.609
2026-09-07T15:48:17.663521+00:00,342469.947,final-default-off-continuous,68748,webcontent,0.0,3.990,278.594
2026-09-07T15:48:17.663525+00:00,342469.947,final-default-off-continuous,68749,webcontent,0.0,3.910,278.672
2026-09-07T15:48:17.663528+00:00,342469.947,final-default-off-continuous,68751,webkit_network,0.0,0.380,119.453
2026-09-07T15:48:18.684162+00:00,342470.957,final-default-off-continuous,68738,reader,6.8,16.970,645.203
2026-09-07T15:48:18.684208+00:00,342470.957,final-default-off-continuous,68745,webcontent,0.0,3.960,278.562
2026-09-07T15:48:18.684214+00:00,342470.957,final-default-off-continuous,68747,webcontent,0.0,3.880,278.609
2026-09-07T15:48:18.684219+00:00,342470.957,final-default-off-continuous,68748,webcontent,0.0,3.990,278.594
2026-09-07T15:48:18.684223+00:00,342470.957,final-default-off-continuous,68749,webcontent,0.0,3.910,278.672
2026-09-07T15:48:18.684226+00:00,342470.957,final-default-off-continuous,68751,webkit_network,0.0,0.380,119.453
2026-09-07T15:48:19.676175+00:00,342471.968,final-default-off-continuous,68738,reader,13.9,17.080,660.109
2026-09-07T15:48:19.676216+00:00,342471.968,final-default-off-continuous,68745,webcontent,0.0,3.960,278.562
2026-09-07T15:48:19.676221+00:00,342471.968,final-default-off-continuous,68747,webcontent,0.0,3.880,278.609
2026-09-07T15:48:19.676225+00:00,342471.968,final-default-off-continuous,68748,webcontent,0.0,3.990,278.594
2026-09-07T15:48:19.676228+00:00,342471.968,final-default-off-continuous,68749,webcontent,0.0,3.910,278.672
2026-09-07T15:48:19.676231+00:00,342471.968,final-default-off-continuous,68751,webkit_network,0.0,0.380,119.453
2026-09-07T15:48:20.695149+00:00,342472.978,final-default-off-continuous,68738,reader,3.8,17.130,645.547
2026-09-07T15:48:20.695199+00:00,342472.978,final-default-off-continuous,68745,webcontent,0.0,3.960,278.562
2026-09-07T15:48:20.695204+00:00,342472.978,final-default-off-continuous,68747,webcontent,0.0,3.880,278.609
2026-09-07T15:48:20.695209+00:00,342472.978,final-default-off-continuous,68748,webcontent,0.0,3.990,278.594
2026-09-07T15:48:20.695212+00:00,342472.978,final-default-off-continuous,68749,webcontent,0.0,3.910,278.672
2026-09-07T15:48:20.695215+00:00,342472.978,final-default-off-continuous,68751,webkit_network,0.0,0.380,119.453
2026-09-07T15:48:21.716154+00:00,342473.988,final-default-off-continuous,68738,reader,3.6,17.210,645.562
2026-09-07T15:48:21.716198+00:00,342473.988,final-default-off-continuous,68745,webcontent,0.0,3.960,278.562
2026-09-07T15:48:21.716203+00:00,342473.988,final-default-off-continuous,68747,webcontent,0.0,3.880,278.609
2026-09-07T15:48:21.716208+00:00,342473.988,final-default-off-continuous,68748,webcontent,0.0,3.990,278.594
2026-09-07T15:48:21.716211+00:00,342473.988,final-default-off-continuous,68749,webcontent,0.0,3.910,278.672
2026-09-07T15:48:21.716215+00:00,342473.988,final-default-off-continuous,68751,webkit_network,0.0,0.380,119.453
2026-09-07T15:48:22.699544+00:00,342474.991,final-default-off-continuous,68738,reader,11.3,17.320,660.172
2026-09-07T15:48:22.699592+00:00,342474.991,final-default-off-continuous,68745,webcontent,0.0,3.960,278.562
2026-09-07T15:48:22.699598+00:00,342474.991,final-default-off-continuous,68747,webcontent,0.0,3.880,278.609
2026-09-07T15:48:22.699603+00:00,342474.991,final-default-off-continuous,68748,webcontent,0.0,3.990,278.594
2026-09-07T15:48:22.699607+00:00,342474.991,final-default-off-continuous,68749,webcontent,0.0,3.910,278.672
2026-09-07T15:48:22.699610+00:00,342474.991,final-default-off-continuous,68751,webkit_network,0.0,0.380,119.453
2026-09-07T15:48:23.729198+00:00,342476.001,final-default-off-continuous,68738,reader,2.5,17.350,645.609
2026-09-07T15:48:23.729241+00:00,342476.001,final-default-off-continuous,68745,webcontent,0.0,3.960,278.562
2026-09-07T15:48:23.729247+00:00,342476.001,final-default-off-continuous,68747,webcontent,0.0,3.880,278.609
2026-09-07T15:48:23.729252+00:00,342476.001,final-default-off-continuous,68748,webcontent,0.0,3.990,278.594
2026-09-07T15:48:23.729255+00:00,342476.001,final-default-off-continuous,68749,webcontent,0.0,3.910,278.672
2026-09-07T15:48:23.729259+00:00,342476.001,final-default-off-continuous,68751,webkit_network,0.0,0.380,119.453
2026-09-07T15:48:24.717239+00:00,342477.011,final-default-off-continuous,68738,reader,4.4,17.470,645.625
2026-09-07T15:48:24.717328+00:00,342477.011,final-default-off-continuous,68745,webcontent,0.0,3.960,278.562
2026-09-07T15:48:24.717333+00:00,342477.011,final-default-off-continuous,68747,webcontent,0.0,3.880,278.609
2026-09-07T15:48:24.717336+00:00,342477.011,final-default-off-continuous,68748,webcontent,0.0,3.990,278.594
2026-09-07T15:48:24.717339+00:00,342477.011,final-default-off-continuous,68749,webcontent,0.0,3.910,278.672
2026-09-07T15:48:24.717342+00:00,342477.011,final-default-off-continuous,68751,webkit_network,0.0,0.380,119.453
2026-09-07T15:48:25.714409+00:00,342478.018,final-default-off-continuous,68738,reader,12.6,17.560,660.328
2026-09-07T15:48:25.714446+00:00,342478.018,final-default-off-continuous,68745,webcontent,0.0,3.960,278.562
2026-09-07T15:48:25.714451+00:00,342478.018,final-default-off-continuous,68747,webcontent,0.0,3.880,278.609
2026-09-07T15:48:25.714454+00:00,342478.018,final-default-off-continuous,68748,webcontent,0.0,3.990,278.594
2026-09-07T15:48:25.714456+00:00,342478.018,final-default-off-continuous,68749,webcontent,0.0,3.910,278.672
2026-09-07T15:48:25.714460+00:00,342478.018,final-default-off-continuous,68751,webkit_network,0.0,0.380,119.453
2026-09-07T15:48:26.749696+00:00,342479.029,final-default-off-continuous,68738,reader,3.0,17.590,645.766
2026-09-07T15:48:26.749760+00:00,342479.029,final-default-off-continuous,68745,webcontent,0.0,3.960,278.562
2026-09-07T15:48:26.749771+00:00,342479.029,final-default-off-continuous,68747,webcontent,0.0,3.880,278.609
2026-09-07T15:48:26.749777+00:00,342479.029,final-default-off-continuous,68748,webcontent,0.0,3.990,278.594
2026-09-07T15:48:26.749783+00:00,342479.029,final-default-off-continuous,68749,webcontent,0.0,3.910,278.672
2026-09-07T15:48:26.749789+00:00,342479.029,final-default-off-continuous,68751,webkit_network,0.0,0.380,119.453
2026-09-07T15:48:27.769978+00:00,342480.038,final-default-off-continuous,68738,reader,3.9,17.680,645.781
2026-09-07T15:48:27.770026+00:00,342480.038,final-default-off-continuous,68745,webcontent,0.0,3.960,278.562
2026-09-07T15:48:27.770032+00:00,342480.038,final-default-off-continuous,68747,webcontent,0.0,3.880,278.609
2026-09-07T15:48:27.770036+00:00,342480.038,final-default-off-continuous,68748,webcontent,0.0,3.990,278.594
2026-09-07T15:48:27.770039+00:00,342480.038,final-default-off-continuous,68749,webcontent,0.0,3.910,278.672
2026-09-07T15:48:27.770042+00:00,342480.038,final-default-off-continuous,68751,webkit_network,0.0,0.380,119.453
2026-09-07T15:48:28.740753+00:00,342481.043,final-default-off-continuous,68738,reader,11.6,17.780,660.359
2026-09-07T15:48:28.740792+00:00,342481.043,final-default-off-continuous,68745,webcontent,0.0,3.960,278.562
2026-09-07T15:48:28.740798+00:00,342481.043,final-default-off-continuous,68747,webcontent,0.0,3.880,278.609
2026-09-07T15:48:28.740801+00:00,342481.043,final-default-off-continuous,68748,webcontent,0.0,3.990,278.594
2026-09-07T15:48:28.740804+00:00,342481.043,final-default-off-continuous,68749,webcontent,0.0,3.910,278.672
2026-09-07T15:48:28.740806+00:00,342481.043,final-default-off-continuous,68751,webkit_network,0.0,0.380,119.453
2026-09-07T15:48:29.783030+00:00,342482.054,final-default-off-continuous,68738,reader,2.6,17.800,645.797
2026-09-07T15:48:29.783070+00:00,342482.054,final-default-off-continuous,68745,webcontent,0.0,3.960,278.562
2026-09-07T15:48:29.783077+00:00,342482.054,final-default-off-continuous,68747,webcontent,0.0,3.880,278.609
2026-09-07T15:48:29.783080+00:00,342482.054,final-default-off-continuous,68748,webcontent,0.0,3.990,278.594
2026-09-07T15:48:29.783083+00:00,342482.054,final-default-off-continuous,68749,webcontent,0.0,3.910,278.672
2026-09-07T15:48:29.783087+00:00,342482.054,final-default-off-continuous,68751,webkit_network,0.0,0.380,119.453
2026-09-07T15:48:30.771223+00:00,342483.064,final-default-off-continuous,68738,reader,5.4,17.920,645.781
2026-09-07T15:48:30.771260+00:00,342483.064,final-default-off-continuous,68745,webcontent,0.0,3.960,278.562
2026-09-07T15:48:30.771264+00:00,342483.064,final-default-off-continuous,68747,webcontent,0.0,3.880,278.609
2026-09-07T15:48:30.771268+00:00,342483.064,final-default-off-continuous,68748,webcontent,0.0,3.990,278.594
2026-09-07T15:48:30.771270+00:00,342483.064,final-default-off-continuous,68749,webcontent,0.0,3.910,278.672
2026-09-07T15:48:30.771274+00:00,342483.064,final-default-off-continuous,68751,webkit_network,0.0,0.380,119.453
2026-09-07T15:48:31.769076+00:00,342484.068,final-default-off-continuous,68738,reader,11.4,18.020,660.297
2026-09-07T15:48:31.769121+00:00,342484.068,final-default-off-continuous,68745,webcontent,0.0,3.960,278.562
2026-09-07T15:48:31.769127+00:00,342484.068,final-default-off-continuous,68747,webcontent,0.0,3.880,278.609
2026-09-07T15:48:31.769130+00:00,342484.068,final-default-off-continuous,68748,webcontent,0.0,3.990,278.594
2026-09-07T15:48:31.769133+00:00,342484.068,final-default-off-continuous,68749,webcontent,0.0,3.910,278.672
2026-09-07T15:48:31.769135+00:00,342484.068,final-default-off-continuous,68751,webkit_network,0.0,0.380,119.453
2026-09-07T15:48:32.806232+00:00,342485.079,final-default-off-continuous,68738,reader,6.0,18.200,646.297
2026-09-07T15:48:32.806276+00:00,342485.079,final-default-off-continuous,68745,webcontent,0.0,3.960,278.562
2026-09-07T15:48:32.806282+00:00,342485.079,final-default-off-continuous,68747,webcontent,0.0,3.880,278.609
2026-09-07T15:48:32.806286+00:00,342485.079,final-default-off-continuous,68748,webcontent,0.0,3.990,278.594
2026-09-07T15:48:32.806290+00:00,342485.079,final-default-off-continuous,68749,webcontent,0.0,3.910,278.672
2026-09-07T15:48:32.806293+00:00,342485.079,final-default-off-continuous,68751,webkit_network,0.0,0.380,119.453
2026-09-07T15:48:33.814988+00:00,342486.089,final-default-off-continuous,68738,reader,5.8,18.320,646.406
2026-09-07T15:48:33.815034+00:00,342486.089,final-default-off-continuous,68745,webcontent,0.0,3.960,278.562
2026-09-07T15:48:33.815042+00:00,342486.089,final-default-off-continuous,68747,webcontent,0.0,3.880,278.609
2026-09-07T15:48:33.815046+00:00,342486.089,final-default-off-continuous,68748,webcontent,0.0,3.990,278.594
2026-09-07T15:48:33.815050+00:00,342486.089,final-default-off-continuous,68749,webcontent,0.0,3.910,278.672
2026-09-07T15:48:33.815053+00:00,342486.089,final-default-off-continuous,68751,webkit_network,0.0,0.380,119.453
2026-09-07T15:48:34.817581+00:00,342487.099,final-default-off-continuous,68738,reader,18.4,18.430,661.266
2026-09-07T15:48:34.817634+00:00,342487.099,final-default-off-continuous,68745,webcontent,0.0,3.960,278.562
2026-09-07T15:48:34.817639+00:00,342487.099,final-default-off-continuous,68747,webcontent,0.0,3.880,278.609
2026-09-07T15:48:34.817643+00:00,342487.099,final-default-off-continuous,68748,webcontent,0.0,3.990,278.594
2026-09-07T15:48:34.817646+00:00,342487.099,final-default-off-continuous,68749,webcontent,0.0,3.910,278.672
2026-09-07T15:48:34.817649+00:00,342487.099,final-default-off-continuous,68751,webkit_network,0.0,0.380,119.453
2026-09-07T15:48:35.836398+00:00,342488.110,final-default-off-continuous,68738,reader,2.2,18.460,646.703
2026-09-07T15:48:35.836440+00:00,342488.110,final-default-off-continuous,68745,webcontent,0.0,3.960,278.562
2026-09-07T15:48:35.836446+00:00,342488.110,final-default-off-continuous,68747,webcontent,0.0,3.880,278.609
2026-09-07T15:48:35.836450+00:00,342488.110,final-default-off-continuous,68748,webcontent,0.0,3.990,278.594
2026-09-07T15:48:35.836454+00:00,342488.110,final-default-off-continuous,68749,webcontent,0.0,3.910,278.672
2026-09-07T15:48:35.836457+00:00,342488.110,final-default-off-continuous,68751,webkit_network,0.0,0.380,119.453
2026-09-07T15:48:36.848934+00:00,342489.120,final-default-off-continuous,68738,reader,4.3,18.570,646.797
2026-09-07T15:48:36.848980+00:00,342489.120,final-default-off-continuous,68745,webcontent,0.0,3.960,278.562
2026-09-07T15:48:36.848987+00:00,342489.120,final-default-off-continuous,68747,webcontent,0.0,3.880,278.609
2026-09-07T15:48:36.848990+00:00,342489.120,final-default-off-continuous,68748,webcontent,0.0,3.990,278.594
2026-09-07T15:48:36.848994+00:00,342489.120,final-default-off-continuous,68749,webcontent,0.0,3.910,278.672
2026-09-07T15:48:36.848997+00:00,342489.120,final-default-off-continuous,68751,webkit_network,0.0,0.380,119.453
2026-09-07T15:48:37.860440+00:00,342490.131,final-default-off-continuous,68738,reader,12.0,18.660,661.453
2026-09-07T15:48:37.860552+00:00,342490.131,final-default-off-continuous,68745,webcontent,0.0,3.960,278.562
2026-09-07T15:48:37.860583+00:00,342490.131,final-default-off-continuous,68747,webcontent,0.0,3.880,278.609
2026-09-07T15:48:37.860589+00:00,342490.131,final-default-off-continuous,68748,webcontent,0.0,3.990,278.594
2026-09-07T15:48:37.860593+00:00,342490.131,final-default-off-continuous,68749,webcontent,0.0,3.910,278.672
2026-09-07T15:48:37.860597+00:00,342490.131,final-default-off-continuous,68751,webkit_network,0.0,0.380,119.453
2026-09-07T15:48:38.870196+00:00,342491.141,final-default-off-continuous,68738,reader,2.3,18.710,646.891
2026-09-07T15:48:38.870243+00:00,342491.141,final-default-off-continuous,68745,webcontent,0.0,3.960,278.562
2026-09-07T15:48:38.870249+00:00,342491.141,final-default-off-continuous,68747,webcontent,0.0,3.880,278.609
2026-09-07T15:48:38.870252+00:00,342491.141,final-default-off-continuous,68748,webcontent,0.0,3.990,278.594
2026-09-07T15:48:38.870256+00:00,342491.141,final-default-off-continuous,68749,webcontent,0.0,3.910,278.672
2026-09-07T15:48:38.870259+00:00,342491.141,final-default-off-continuous,68751,webkit_network,0.0,0.380,119.453
2026-09-07T15:48:39.881572+00:00,342492.152,final-default-off-continuous,68738,reader,5.9,18.820,646.938
2026-09-07T15:48:39.881623+00:00,342492.152,final-default-off-continuous,68745,webcontent,0.0,3.960,278.562
2026-09-07T15:48:39.881629+00:00,342492.152,final-default-off-continuous,68747,webcontent,0.0,3.880,278.609
2026-09-07T15:48:39.881633+00:00,342492.152,final-default-off-continuous,68748,webcontent,0.0,3.990,278.594
2026-09-07T15:48:39.881637+00:00,342492.152,final-default-off-continuous,68749,webcontent,0.0,3.910,278.672
2026-09-07T15:48:39.881640+00:00,342492.152,final-default-off-continuous,68751,webkit_network,0.0,0.380,119.453
2026-09-07T15:48:40.872870+00:00,342493.159,final-default-off-continuous,68738,reader,21.4,18.930,661.578
2026-09-07T15:48:40.872915+00:00,342493.159,final-default-off-continuous,68745,webcontent,0.0,3.960,278.562
2026-09-07T15:48:40.872920+00:00,342493.159,final-default-off-continuous,68747,webcontent,0.0,3.880,278.609
2026-09-07T15:48:40.872923+00:00,342493.159,final-default-off-continuous,68748,webcontent,0.0,3.990,278.594
2026-09-07T15:48:40.872926+00:00,342493.159,final-default-off-continuous,68749,webcontent,0.0,3.910,278.672
2026-09-07T15:48:40.872929+00:00,342493.159,final-default-off-continuous,68751,webkit_network,0.0,0.380,119.453
2026-09-07T15:48:41.897429+00:00,342494.170,final-default-off-continuous,68738,reader,2.7,18.970,647.016
2026-09-07T15:48:41.897470+00:00,342494.170,final-default-off-continuous,68745,webcontent,0.0,3.960,278.562
2026-09-07T15:48:41.897476+00:00,342494.170,final-default-off-continuous,68747,webcontent,0.0,3.880,278.609
2026-09-07T15:48:41.897479+00:00,342494.170,final-default-off-continuous,68748,webcontent,0.0,3.990,278.594
2026-09-07T15:48:41.897482+00:00,342494.170,final-default-off-continuous,68749,webcontent,0.0,3.910,278.672
2026-09-07T15:48:41.897493+00:00,342494.170,final-default-off-continuous,68751,webkit_network,0.0,0.380,119.453
2026-09-07T15:58:26.695709+00:00,343078.988,final-default-on-continuous,70070,reader,14.2,32.610,675.266
2026-09-07T15:58:26.695751+00:00,343078.988,final-default-on-continuous,70079,webcontent,0.0,3.240,278.312
2026-09-07T15:58:26.695756+00:00,343078.988,final-default-on-continuous,70080,webcontent,0.0,3.230,278.266
2026-09-07T15:58:26.695760+00:00,343078.988,final-default-on-continuous,70081,webcontent,0.0,3.390,278.312
2026-09-07T15:58:26.695763+00:00,343078.988,final-default-on-continuous,70082,webcontent,0.0,3.320,278.344
2026-09-07T15:58:26.695766+00:00,343078.988,final-default-on-continuous,70084,webkit_network,0.0,0.410,119.578
2026-09-07T15:58:26.695769+00:00,343078.988,final-default-on-continuous,70105,webcontent,0.0,1.980,294.250
2026-09-07T15:58:26.695771+00:00,343078.988,final-default-on-continuous,70106,webkit_gpu,0.0,0.410,153.188
2026-09-07T15:58:26.695774+00:00,343078.988,final-default-on-continuous,70107,webcontent,0.0,3.670,278.859
2026-09-07T15:58:26.695776+00:00,343078.988,final-default-on-continuous,70108,webcontent,0.0,3.750,279.156
2026-09-07T15:58:26.695778+00:00,343078.988,final-default-on-continuous,70109,webcontent,0.0,3.730,278.828
2026-09-07T15:58:27.720037+00:00,343079.998,final-default-on-continuous,70070,reader,44.6,33.260,684.953
2026-09-07T15:58:27.720082+00:00,343079.998,final-default-on-continuous,70079,webcontent,0.0,3.240,278.312
2026-09-07T15:58:27.720088+00:00,343079.998,final-default-on-continuous,70080,webcontent,0.0,3.230,278.266
2026-09-07T15:58:27.720091+00:00,343079.998,final-default-on-continuous,70081,webcontent,0.0,3.390,278.312
2026-09-07T15:58:27.720095+00:00,343079.998,final-default-on-continuous,70082,webcontent,0.0,3.320,278.344
2026-09-07T15:58:27.720098+00:00,343079.998,final-default-on-continuous,70084,webkit_network,0.0,0.410,119.594
2026-09-07T15:58:27.720102+00:00,343079.998,final-default-on-continuous,70105,webcontent,0.8,2.010,295.953
2026-09-07T15:58:27.720105+00:00,343079.998,final-default-on-continuous,70106,webkit_gpu,0.9,0.430,156.750
2026-09-07T15:58:27.720109+00:00,343079.998,final-default-on-continuous,70107,webcontent,0.0,3.670,278.859
2026-09-07T15:58:27.720113+00:00,343079.998,final-default-on-continuous,70108,webcontent,0.0,3.750,279.156
2026-09-07T15:58:27.720116+00:00,343079.998,final-default-on-continuous,70109,webcontent,0.0,3.730,278.828
2026-09-07T15:58:28.743884+00:00,343081.008,final-default-on-continuous,70070,reader,3.8,33.350,685.734
2026-09-07T15:58:28.743932+00:00,343081.008,final-default-on-continuous,70079,webcontent,0.0,3.240,278.312
2026-09-07T15:58:28.743939+00:00,343081.008,final-default-on-continuous,70080,webcontent,0.0,3.230,278.266
2026-09-07T15:58:28.743942+00:00,343081.008,final-default-on-continuous,70081,webcontent,0.0,3.390,278.312
2026-09-07T15:58:28.743947+00:00,343081.008,final-default-on-continuous,70082,webcontent,0.0,3.320,278.344
2026-09-07T15:58:28.743950+00:00,343081.008,final-default-on-continuous,70084,webkit_network,0.0,0.410,119.594
2026-09-07T15:58:28.743953+00:00,343081.008,final-default-on-continuous,70105,webcontent,0.0,2.010,295.953
2026-09-07T15:58:28.743956+00:00,343081.008,final-default-on-continuous,70106,webkit_gpu,0.0,0.430,156.750
2026-09-07T15:58:28.743959+00:00,343081.008,final-default-on-continuous,70107,webcontent,0.0,3.670,278.859
2026-09-07T15:58:28.743962+00:00,343081.008,final-default-on-continuous,70108,webcontent,0.0,3.750,279.156
2026-09-07T15:58:28.743965+00:00,343081.008,final-default-on-continuous,70109,webcontent,0.0,3.730,278.828
2026-09-07T15:58:29.732029+00:00,343082.016,final-default-on-continuous,70070,reader,13.2,33.460,701.125
2026-09-07T15:58:29.732072+00:00,343082.016,final-default-on-continuous,70079,webcontent,0.0,3.240,278.312
2026-09-07T15:58:29.732077+00:00,343082.016,final-default-on-continuous,70080,webcontent,0.0,3.230,278.266
2026-09-07T15:58:29.732081+00:00,343082.016,final-default-on-continuous,70081,webcontent,0.0,3.390,278.312
2026-09-07T15:58:29.732084+00:00,343082.016,final-default-on-continuous,70082,webcontent,0.0,3.320,278.344
2026-09-07T15:58:29.732087+00:00,343082.016,final-default-on-continuous,70084,webkit_network,0.0,0.410,119.594
2026-09-07T15:58:29.732089+00:00,343082.016,final-default-on-continuous,70105,webcontent,0.0,2.010,295.953
2026-09-07T15:58:29.732092+00:00,343082.016,final-default-on-continuous,70106,webkit_gpu,0.0,0.430,156.750
2026-09-07T15:58:29.732097+00:00,343082.016,final-default-on-continuous,70107,webcontent,0.0,3.670,278.859
2026-09-07T15:58:29.732099+00:00,343082.016,final-default-on-continuous,70108,webcontent,0.0,3.750,279.156
2026-09-07T15:58:29.732102+00:00,343082.016,final-default-on-continuous,70109,webcontent,0.0,3.730,278.828
2026-09-07T15:58:30.759282+00:00,343083.027,final-default-on-continuous,70070,reader,12.5,33.560,686.672
2026-09-07T15:58:30.759335+00:00,343083.027,final-default-on-continuous,70079,webcontent,0.0,3.240,278.312
2026-09-07T15:58:30.759341+00:00,343083.027,final-default-on-continuous,70080,webcontent,0.0,3.230,278.266
2026-09-07T15:58:30.759345+00:00,343083.027,final-default-on-continuous,70081,webcontent,0.0,3.390,278.312
2026-09-07T15:58:30.759348+00:00,343083.027,final-default-on-continuous,70082,webcontent,0.0,3.320,278.344
2026-09-07T15:58:30.759352+00:00,343083.027,final-default-on-continuous,70084,webkit_network,0.0,0.410,119.594
2026-09-07T15:58:30.759355+00:00,343083.027,final-default-on-continuous,70105,webcontent,0.1,2.020,296.047
2026-09-07T15:58:30.759358+00:00,343083.027,final-default-on-continuous,70106,webkit_gpu,0.0,0.430,156.750
2026-09-07T15:58:30.759361+00:00,343083.027,final-default-on-continuous,70107,webcontent,0.0,3.670,278.859
2026-09-07T15:58:30.759364+00:00,343083.027,final-default-on-continuous,70108,webcontent,0.0,3.750,279.156
2026-09-07T15:58:30.759366+00:00,343083.027,final-default-on-continuous,70109,webcontent,0.0,3.730,278.828
2026-09-07T15:58:31.770902+00:00,343084.037,final-default-on-continuous,70070,reader,4.3,33.680,687.281
2026-09-07T15:58:31.770947+00:00,343084.037,final-default-on-continuous,70079,webcontent,0.0,3.240,278.312
2026-09-07T15:58:31.770954+00:00,343084.037,final-default-on-continuous,70080,webcontent,0.0,3.230,278.266
2026-09-07T15:58:31.770958+00:00,343084.037,final-default-on-continuous,70081,webcontent,0.0,3.390,278.312
2026-09-07T15:58:31.770961+00:00,343084.037,final-default-on-continuous,70082,webcontent,0.0,3.320,278.344
2026-09-07T15:58:31.770965+00:00,343084.037,final-default-on-continuous,70084,webkit_network,0.0,0.410,119.594
2026-09-07T15:58:31.770968+00:00,343084.037,final-default-on-continuous,70105,webcontent,0.0,2.020,296.047
2026-09-07T15:58:31.770971+00:00,343084.037,final-default-on-continuous,70106,webkit_gpu,0.0,0.430,156.750
2026-09-07T15:58:31.770974+00:00,343084.037,final-default-on-continuous,70107,webcontent,0.0,3.670,278.859
2026-09-07T15:58:31.770977+00:00,343084.037,final-default-on-continuous,70108,webcontent,0.0,3.750,279.156
2026-09-07T15:58:31.770979+00:00,343084.037,final-default-on-continuous,70109,webcontent,0.0,3.730,278.828
2026-09-07T15:58:32.752036+00:00,343085.047,final-default-on-continuous,70070,reader,12.0,33.760,702.469
2026-09-07T15:58:32.752077+00:00,343085.047,final-default-on-continuous,70079,webcontent,0.0,3.240,278.312
2026-09-07T15:58:32.752085+00:00,343085.047,final-default-on-continuous,70080,webcontent,0.0,3.230,278.266
2026-09-07T15:58:32.752089+00:00,343085.047,final-default-on-continuous,70081,webcontent,0.0,3.390,278.312
2026-09-07T15:58:32.752091+00:00,343085.047,final-default-on-continuous,70082,webcontent,0.0,3.320,278.344
2026-09-07T15:58:32.752094+00:00,343085.047,final-default-on-continuous,70084,webkit_network,0.0,0.410,119.594
2026-09-07T15:58:32.752096+00:00,343085.047,final-default-on-continuous,70105,webcontent,0.0,2.020,296.047
2026-09-07T15:58:32.752099+00:00,343085.047,final-default-on-continuous,70106,webkit_gpu,0.0,0.440,156.641
2026-09-07T15:58:32.752101+00:00,343085.047,final-default-on-continuous,70107,webcontent,0.0,3.670,278.859
2026-09-07T15:58:32.752103+00:00,343085.047,final-default-on-continuous,70108,webcontent,0.0,3.750,279.156
2026-09-07T15:58:32.752106+00:00,343085.047,final-default-on-continuous,70109,webcontent,0.0,3.730,278.828
2026-09-07T15:58:33.793847+00:00,343086.058,final-default-on-continuous,70070,reader,1.3,33.780,687.906
2026-09-07T15:58:33.793894+00:00,343086.058,final-default-on-continuous,70079,webcontent,0.0,3.240,278.312
2026-09-07T15:58:33.793901+00:00,343086.058,final-default-on-continuous,70080,webcontent,0.0,3.230,278.266
2026-09-07T15:58:33.793905+00:00,343086.058,final-default-on-continuous,70081,webcontent,0.0,3.390,278.312
2026-09-07T15:58:33.793908+00:00,343086.058,final-default-on-continuous,70082,webcontent,0.0,3.320,278.344
2026-09-07T15:58:33.793911+00:00,343086.058,final-default-on-continuous,70084,webkit_network,0.0,0.410,119.594
2026-09-07T15:58:33.793914+00:00,343086.058,final-default-on-continuous,70105,webcontent,0.0,2.020,296.000
2026-09-07T15:58:33.793917+00:00,343086.058,final-default-on-continuous,70106,webkit_gpu,0.0,0.440,156.641
2026-09-07T15:58:33.793920+00:00,343086.058,final-default-on-continuous,70107,webcontent,0.0,3.670,278.859
2026-09-07T15:58:33.793923+00:00,343086.058,final-default-on-continuous,70108,webcontent,0.0,3.750,279.156
2026-09-07T15:58:33.793926+00:00,343086.058,final-default-on-continuous,70109,webcontent,0.0,3.730,278.828
2026-09-07T15:58:34.802551+00:00,343087.068,final-default-on-continuous,70070,reader,7.8,33.920,688.156
2026-09-07T15:58:34.802593+00:00,343087.068,final-default-on-continuous,70079,webcontent,0.0,3.240,278.312
2026-09-07T15:58:34.802600+00:00,343087.068,final-default-on-continuous,70080,webcontent,0.0,3.230,278.266
2026-09-07T15:58:34.802604+00:00,343087.068,final-default-on-continuous,70081,webcontent,0.0,3.390,278.312
2026-09-07T15:58:34.802607+00:00,343087.068,final-default-on-continuous,70082,webcontent,0.0,3.320,278.344
2026-09-07T15:58:34.802610+00:00,343087.068,final-default-on-continuous,70084,webkit_network,0.0,0.410,119.594
2026-09-07T15:58:34.802613+00:00,343087.068,final-default-on-continuous,70105,webcontent,0.0,2.020,296.000
2026-09-07T15:58:34.802616+00:00,343087.068,final-default-on-continuous,70106,webkit_gpu,0.0,0.440,156.641
2026-09-07T15:58:34.802619+00:00,343087.068,final-default-on-continuous,70107,webcontent,0.0,3.670,278.859
2026-09-07T15:58:34.802621+00:00,343087.068,final-default-on-continuous,70108,webcontent,0.0,3.750,279.156
2026-09-07T15:58:34.802624+00:00,343087.068,final-default-on-continuous,70109,webcontent,0.0,3.730,278.828
2026-09-07T15:58:35.807686+00:00,343088.078,final-default-on-continuous,70070,reader,20.1,34.060,703.047
2026-09-07T15:58:35.807736+00:00,343088.078,final-default-on-continuous,70079,webcontent,0.0,3.240,278.312
2026-09-07T15:58:35.807744+00:00,343088.078,final-default-on-continuous,70080,webcontent,0.0,3.230,278.266
2026-09-07T15:58:35.807747+00:00,343088.078,final-default-on-continuous,70081,webcontent,0.0,3.390,278.312
2026-09-07T15:58:35.807751+00:00,343088.078,final-default-on-continuous,70082,webcontent,0.0,3.320,278.344
2026-09-07T15:58:35.807754+00:00,343088.078,final-default-on-continuous,70084,webkit_network,0.0,0.410,119.594
2026-09-07T15:58:35.807757+00:00,343088.078,final-default-on-continuous,70105,webcontent,0.0,2.020,295.953
2026-09-07T15:58:35.807760+00:00,343088.078,final-default-on-continuous,70106,webkit_gpu,0.0,0.440,156.625
2026-09-07T15:58:35.807764+00:00,343088.078,final-default-on-continuous,70107,webcontent,0.0,3.670,278.859
2026-09-07T15:58:35.807767+00:00,343088.078,final-default-on-continuous,70108,webcontent,0.0,3.750,279.156
2026-09-07T15:58:35.807769+00:00,343088.078,final-default-on-continuous,70109,webcontent,0.0,3.730,278.828
2026-09-07T15:58:36.822770+00:00,343089.089,final-default-on-continuous,70070,reader,1.8,34.090,688.484
2026-09-07T15:58:36.822809+00:00,343089.089,final-default-on-continuous,70079,webcontent,0.0,3.240,278.312
2026-09-07T15:58:36.822816+00:00,343089.089,final-default-on-continuous,70080,webcontent,0.0,3.230,278.266
2026-09-07T15:58:36.822819+00:00,343089.089,final-default-on-continuous,70081,webcontent,0.0,3.390,278.312
2026-09-07T15:58:36.822823+00:00,343089.089,final-default-on-continuous,70082,webcontent,0.0,3.320,278.344
2026-09-07T15:58:36.822826+00:00,343089.089,final-default-on-continuous,70084,webkit_network,0.0,0.410,119.594
2026-09-07T15:58:36.822829+00:00,343089.089,final-default-on-continuous,70105,webcontent,0.0,2.020,295.953
2026-09-07T15:58:36.822832+00:00,343089.089,final-default-on-continuous,70106,webkit_gpu,0.0,0.440,156.625
2026-09-07T15:58:36.822834+00:00,343089.089,final-default-on-continuous,70107,webcontent,0.0,3.670,278.859
2026-09-07T15:58:36.822837+00:00,343089.089,final-default-on-continuous,70108,webcontent,0.0,3.750,279.156
2026-09-07T15:58:36.822840+00:00,343089.089,final-default-on-continuous,70109,webcontent,0.0,3.730,278.828
2026-09-07T15:58:37.835896+00:00,343090.099,final-default-on-continuous,70070,reader,10.0,34.210,688.797
2026-09-07T15:58:37.835936+00:00,343090.099,final-default-on-continuous,70079,webcontent,0.0,3.240,278.312
2026-09-07T15:58:37.835942+00:00,343090.099,final-default-on-continuous,70080,webcontent,0.0,3.230,278.266
2026-09-07T15:58:37.835945+00:00,343090.099,final-default-on-continuous,70081,webcontent,0.0,3.390,278.312
2026-09-07T15:58:37.835949+00:00,343090.099,final-default-on-continuous,70082,webcontent,0.0,3.320,278.344
2026-09-07T15:58:37.835952+00:00,343090.099,final-default-on-continuous,70084,webkit_network,0.0,0.410,119.594
2026-09-07T15:58:37.835956+00:00,343090.099,final-default-on-continuous,70105,webcontent,0.0,2.020,295.953
2026-09-07T15:58:37.835959+00:00,343090.099,final-default-on-continuous,70106,webkit_gpu,0.0,0.440,156.625
2026-09-07T15:58:37.835962+00:00,343090.099,final-default-on-continuous,70107,webcontent,0.0,3.670,278.859
2026-09-07T15:58:37.835965+00:00,343090.099,final-default-on-continuous,70108,webcontent,0.0,3.750,279.156
2026-09-07T15:58:37.835968+00:00,343090.099,final-default-on-continuous,70109,webcontent,0.0,3.730,278.828
2026-09-07T15:58:38.846447+00:00,343091.110,final-default-on-continuous,70070,reader,20.4,34.350,703.516
2026-09-07T15:58:38.846504+00:00,343091.110,final-default-on-continuous,70079,webcontent,0.0,3.240,278.312
2026-09-07T15:58:38.846510+00:00,343091.110,final-default-on-continuous,70080,webcontent,0.0,3.230,278.266
2026-09-07T15:58:38.846514+00:00,343091.110,final-default-on-continuous,70081,webcontent,0.0,3.390,278.312
2026-09-07T15:58:38.846517+00:00,343091.110,final-default-on-continuous,70082,webcontent,0.0,3.320,278.344
2026-09-07T15:58:38.846520+00:00,343091.110,final-default-on-continuous,70084,webkit_network,0.0,0.410,119.594
2026-09-07T15:58:38.846524+00:00,343091.110,final-default-on-continuous,70105,webcontent,0.0,2.020,295.953
2026-09-07T15:58:38.846527+00:00,343091.110,final-default-on-continuous,70106,webkit_gpu,0.0,0.440,156.625
2026-09-07T15:58:38.846529+00:00,343091.110,final-default-on-continuous,70107,webcontent,0.0,3.670,278.859
2026-09-07T15:58:38.846532+00:00,343091.110,final-default-on-continuous,70108,webcontent,0.0,3.750,279.156
2026-09-07T15:58:38.846535+00:00,343091.110,final-default-on-continuous,70109,webcontent,0.0,3.730,278.828
2026-09-07T15:58:39.857267+00:00,343092.120,final-default-on-continuous,70070,reader,1.9,34.390,688.953
2026-09-07T15:58:39.857326+00:00,343092.120,final-default-on-continuous,70079,webcontent,0.0,3.240,278.312
2026-09-07T15:58:39.857332+00:00,343092.120,final-default-on-continuous,70080,webcontent,0.0,3.230,278.266
2026-09-07T15:58:39.857336+00:00,343092.120,final-default-on-continuous,70081,webcontent,0.0,3.390,278.312
2026-09-07T15:58:39.857339+00:00,343092.120,final-default-on-continuous,70082,webcontent,0.0,3.320,278.344
2026-09-07T15:58:39.857342+00:00,343092.120,final-default-on-continuous,70084,webkit_network,0.0,0.410,119.594
2026-09-07T15:58:39.857347+00:00,343092.120,final-default-on-continuous,70105,webcontent,0.0,2.020,295.953
2026-09-07T15:58:39.857350+00:00,343092.120,final-default-on-continuous,70106,webkit_gpu,0.0,0.440,156.625
2026-09-07T15:58:39.857353+00:00,343092.120,final-default-on-continuous,70107,webcontent,0.0,3.670,278.859
2026-09-07T15:58:39.857356+00:00,343092.120,final-default-on-continuous,70108,webcontent,0.0,3.750,279.156
2026-09-07T15:58:39.857358+00:00,343092.120,final-default-on-continuous,70109,webcontent,0.0,3.730,278.828
2026-09-07T15:58:40.839691+00:00,343093.130,final-default-on-continuous,70070,reader,34.6,34.600,689.922
2026-09-07T15:58:40.839729+00:00,343093.130,final-default-on-continuous,70079,webcontent,0.0,3.240,278.312
2026-09-07T15:58:40.839735+00:00,343093.130,final-default-on-continuous,70080,webcontent,0.0,3.230,278.266
2026-09-07T15:58:40.839739+00:00,343093.130,final-default-on-continuous,70081,webcontent,0.0,3.390,278.312
2026-09-07T15:58:40.839742+00:00,343093.130,final-default-on-continuous,70082,webcontent,0.0,3.320,278.344
2026-09-07T15:58:40.839745+00:00,343093.130,final-default-on-continuous,70084,webkit_network,0.0,0.410,119.594
2026-09-07T15:58:40.839747+00:00,343093.130,final-default-on-continuous,70105,webcontent,0.0,2.020,295.859
2026-09-07T15:58:40.839750+00:00,343093.130,final-default-on-continuous,70106,webkit_gpu,0.0,0.440,156.625
2026-09-07T15:58:40.839752+00:00,343093.130,final-default-on-continuous,70107,webcontent,0.0,3.670,278.859
2026-09-07T15:58:40.839754+00:00,343093.130,final-default-on-continuous,70108,webcontent,0.0,3.750,279.156
2026-09-07T15:58:40.839757+00:00,343093.130,final-default-on-continuous,70109,webcontent,0.0,3.730,278.828
2026-09-07T15:58:41.868295+00:00,343094.140,final-default-on-continuous,70070,reader,36.3,35.140,712.703
2026-09-07T15:58:41.868341+00:00,343094.140,final-default-on-continuous,70079,webcontent,0.0,3.240,278.312
2026-09-07T15:58:41.868348+00:00,343094.140,final-default-on-continuous,70080,webcontent,0.0,3.230,278.266
2026-09-07T15:58:41.868352+00:00,343094.140,final-default-on-continuous,70081,webcontent,0.0,3.390,278.312
2026-09-07T15:58:41.868357+00:00,343094.140,final-default-on-continuous,70082,webcontent,0.0,3.320,278.344
2026-09-07T15:58:41.868368+00:00,343094.140,final-default-on-continuous,70084,webkit_network,0.0,0.420,119.594
2026-09-07T15:58:41.868372+00:00,343094.140,final-default-on-continuous,70105,webcontent,0.5,2.040,296.656
2026-09-07T15:58:41.868376+00:00,343094.140,final-default-on-continuous,70106,webkit_gpu,0.6,0.460,159.047
2026-09-07T15:58:41.868379+00:00,343094.140,final-default-on-continuous,70107,webcontent,0.0,3.670,278.859
2026-09-07T15:58:41.868382+00:00,343094.140,final-default-on-continuous,70108,webcontent,0.0,3.750,279.156
2026-09-07T15:58:41.868385+00:00,343094.140,final-default-on-continuous,70109,webcontent,0.0,3.730,278.828
2026-09-07T15:58:42.886186+00:00,343095.151,final-default-on-continuous,70070,reader,2.7,35.200,699.859
2026-09-07T15:58:42.886231+00:00,343095.151,final-default-on-continuous,70079,webcontent,0.0,3.240,278.312
2026-09-07T15:58:42.886239+00:00,343095.151,final-default-on-continuous,70080,webcontent,0.0,3.230,278.266
2026-09-07T15:58:42.886242+00:00,343095.151,final-default-on-continuous,70081,webcontent,0.0,3.390,278.312
2026-09-07T15:58:42.886246+00:00,343095.151,final-default-on-continuous,70082,webcontent,0.0,3.320,278.344
2026-09-07T15:58:42.886249+00:00,343095.151,final-default-on-continuous,70084,webkit_network,0.0,0.420,119.594
2026-09-07T15:58:42.886252+00:00,343095.151,final-default-on-continuous,70105,webcontent,0.0,2.040,296.656
2026-09-07T15:58:42.886255+00:00,343095.151,final-default-on-continuous,70106,webkit_gpu,0.0,0.460,159.047
2026-09-07T15:58:42.886258+00:00,343095.151,final-default-on-continuous,70107,webcontent,0.0,3.670,278.859
2026-09-07T15:58:42.886261+00:00,343095.151,final-default-on-continuous,70108,webcontent,0.0,3.750,279.156
2026-09-07T15:58:42.886264+00:00,343095.151,final-default-on-continuous,70109,webcontent,0.0,3.730,278.828
2026-09-07T15:58:43.874282+00:00,343096.158,final-default-on-continuous,70070,reader,9.2,35.310,699.859
2026-09-07T15:58:43.874332+00:00,343096.158,final-default-on-continuous,70079,webcontent,0.0,3.240,278.312
2026-09-07T15:58:43.874339+00:00,343096.158,final-default-on-continuous,70080,webcontent,0.0,3.230,278.266
2026-09-07T15:58:43.874342+00:00,343096.158,final-default-on-continuous,70081,webcontent,0.0,3.390,278.312
2026-09-07T15:58:43.874345+00:00,343096.158,final-default-on-continuous,70082,webcontent,0.0,3.320,278.344
2026-09-07T15:58:43.874348+00:00,343096.158,final-default-on-continuous,70084,webkit_network,0.0,0.420,119.594
2026-09-07T15:58:43.874351+00:00,343096.158,final-default-on-continuous,70105,webcontent,0.0,2.040,296.656
2026-09-07T15:58:43.874354+00:00,343096.158,final-default-on-continuous,70106,webkit_gpu,0.0,0.460,159.047
2026-09-07T15:58:43.874357+00:00,343096.158,final-default-on-continuous,70107,webcontent,0.0,3.670,278.859
2026-09-07T15:58:43.874360+00:00,343096.158,final-default-on-continuous,70108,webcontent,0.0,3.750,279.156
2026-09-07T15:58:43.874362+00:00,343096.158,final-default-on-continuous,70109,webcontent,0.0,3.730,278.828
2026-09-07T15:58:44.887110+00:00,343097.168,final-default-on-continuous,70070,reader,4.1,35.370,699.859
2026-09-07T15:58:44.887158+00:00,343097.168,final-default-on-continuous,70079,webcontent,0.0,3.240,278.312
2026-09-07T15:58:44.887165+00:00,343097.168,final-default-on-continuous,70080,webcontent,0.0,3.230,278.266
2026-09-07T15:58:44.887169+00:00,343097.168,final-default-on-continuous,70081,webcontent,0.0,3.390,278.312
2026-09-07T15:58:44.887172+00:00,343097.168,final-default-on-continuous,70082,webcontent,0.0,3.320,278.344
2026-09-07T15:58:44.887175+00:00,343097.168,final-default-on-continuous,70084,webkit_network,0.0,0.420,119.609
2026-09-07T15:58:44.887178+00:00,343097.168,final-default-on-continuous,70105,webcontent,0.0,2.050,296.766
2026-09-07T15:58:44.887181+00:00,343097.168,final-default-on-continuous,70106,webkit_gpu,0.0,0.460,159.047
2026-09-07T15:58:44.887184+00:00,343097.168,final-default-on-continuous,70107,webcontent,0.0,3.670,278.859
2026-09-07T15:58:44.887187+00:00,343097.168,final-default-on-continuous,70108,webcontent,0.0,3.750,279.156
2026-09-07T15:58:44.887190+00:00,343097.168,final-default-on-continuous,70109,webcontent,0.0,3.730,278.828
2026-09-07T15:58:45.904216+00:00,343098.179,final-default-on-continuous,70070,reader,97.5,35.980,701.094
2026-09-07T15:58:45.904263+00:00,343098.179,final-default-on-continuous,70079,webcontent,0.0,3.240,278.312
2026-09-07T15:58:45.904271+00:00,343098.179,final-default-on-continuous,70080,webcontent,0.0,3.230,278.266
2026-09-07T15:58:45.904275+00:00,343098.179,final-default-on-continuous,70081,webcontent,0.0,3.390,278.312
2026-09-07T15:58:45.904279+00:00,343098.179,final-default-on-continuous,70082,webcontent,0.0,3.320,278.344
2026-09-07T15:58:45.904282+00:00,343098.179,final-default-on-continuous,70084,webkit_network,0.1,0.420,119.609
2026-09-07T15:58:45.904286+00:00,343098.179,final-default-on-continuous,70105,webcontent,1.6,2.050,296.781
2026-09-07T15:58:45.904290+00:00,343098.179,final-default-on-continuous,70106,webkit_gpu,0.0,0.470,159.156
2026-09-07T15:58:45.904293+00:00,343098.179,final-default-on-continuous,70107,webcontent,0.0,3.670,278.859
2026-09-07T15:58:45.904296+00:00,343098.179,final-default-on-continuous,70108,webcontent,0.0,3.750,279.156
2026-09-07T15:58:45.904300+00:00,343098.179,final-default-on-continuous,70109,webcontent,0.0,3.730,278.828
2026-09-07T15:58:46.900932+00:00,343099.189,final-default-on-continuous,70070,reader,22.9,36.360,723.312
2026-09-07T15:58:46.900981+00:00,343099.189,final-default-on-continuous,70079,webcontent,0.0,3.240,278.312
2026-09-07T15:58:46.900986+00:00,343099.189,final-default-on-continuous,70080,webcontent,0.0,3.230,278.266
2026-09-07T15:58:46.900989+00:00,343099.189,final-default-on-continuous,70081,webcontent,0.0,3.390,278.312
2026-09-07T15:58:46.900992+00:00,343099.189,final-default-on-continuous,70082,webcontent,0.0,3.320,278.344
2026-09-07T15:58:46.900995+00:00,343099.189,final-default-on-continuous,70084,webkit_network,0.0,0.420,119.609
2026-09-07T15:58:46.900998+00:00,343099.189,final-default-on-continuous,70105,webcontent,0.1,2.070,297.172
2026-09-07T15:58:46.901000+00:00,343099.189,final-default-on-continuous,70106,webkit_gpu,0.1,0.490,160.062
2026-09-07T15:58:46.901004+00:00,343099.189,final-default-on-continuous,70107,webcontent,0.0,3.670,278.859
2026-09-07T15:58:46.901007+00:00,343099.189,final-default-on-continuous,70108,webcontent,0.0,3.750,279.156
2026-09-07T15:58:46.901010+00:00,343099.189,final-default-on-continuous,70109,webcontent,0.0,3.730,278.828
2026-09-07T15:58:47.930092+00:00,343100.199,final-default-on-continuous,70070,reader,1.9,36.400,708.812
2026-09-07T15:58:47.930165+00:00,343100.199,final-default-on-continuous,70079,webcontent,0.0,3.240,278.312
2026-09-07T15:58:47.930177+00:00,343100.199,final-default-on-continuous,70080,webcontent,0.0,3.230,278.266
2026-09-07T15:58:47.930181+00:00,343100.199,final-default-on-continuous,70081,webcontent,0.0,3.390,278.312
2026-09-07T15:58:47.930184+00:00,343100.199,final-default-on-continuous,70082,webcontent,0.0,3.320,278.344
2026-09-07T15:58:47.930187+00:00,343100.199,final-default-on-continuous,70084,webkit_network,0.0,0.420,119.609
2026-09-07T15:58:47.930190+00:00,343100.199,final-default-on-continuous,70105,webcontent,0.0,2.070,297.172
2026-09-07T15:58:47.930193+00:00,343100.199,final-default-on-continuous,70106,webkit_gpu,0.0,0.490,160.062
2026-09-07T15:58:47.930196+00:00,343100.199,final-default-on-continuous,70107,webcontent,0.0,3.670,278.859
2026-09-07T15:58:47.930199+00:00,343100.199,final-default-on-continuous,70108,webcontent,0.0,3.750,279.156
2026-09-07T15:58:47.930202+00:00,343100.199,final-default-on-continuous,70109,webcontent,0.0,3.730,278.828
2026-09-07T15:58:48.946888+00:00,343101.209,final-default-on-continuous,70070,reader,8.7,36.560,709.500
2026-09-07T15:58:48.946935+00:00,343101.209,final-default-on-continuous,70079,webcontent,0.0,3.240,278.312
2026-09-07T15:58:48.946943+00:00,343101.209,final-default-on-continuous,70080,webcontent,0.0,3.230,278.266
2026-09-07T15:58:48.946947+00:00,343101.209,final-default-on-continuous,70081,webcontent,0.0,3.390,278.312
2026-09-07T15:58:48.946950+00:00,343101.209,final-default-on-continuous,70082,webcontent,0.0,3.320,278.344
2026-09-07T15:58:48.946953+00:00,343101.209,final-default-on-continuous,70084,webkit_network,0.0,0.420,119.609
2026-09-07T15:58:48.946956+00:00,343101.209,final-default-on-continuous,70105,webcontent,0.0,2.070,297.172
2026-09-07T15:58:48.946959+00:00,343101.209,final-default-on-continuous,70106,webkit_gpu,0.0,0.490,160.062
2026-09-07T15:58:48.946962+00:00,343101.209,final-default-on-continuous,70107,webcontent,0.0,3.670,278.859
2026-09-07T15:58:48.946965+00:00,343101.209,final-default-on-continuous,70108,webcontent,0.0,3.750,279.156
2026-09-07T15:58:48.946968+00:00,343101.209,final-default-on-continuous,70109,webcontent,0.0,3.730,278.828
2026-09-07T15:58:49.921324+00:00,343102.212,final-default-on-continuous,70070,reader,11.8,36.660,724.797
2026-09-07T15:58:49.921374+00:00,343102.212,final-default-on-continuous,70079,webcontent,0.0,3.240,278.312
2026-09-07T15:58:49.921381+00:00,343102.212,final-default-on-continuous,70080,webcontent,0.0,3.230,278.266
2026-09-07T15:58:49.921384+00:00,343102.212,final-default-on-continuous,70081,webcontent,0.0,3.390,278.312
2026-09-07T15:58:49.921387+00:00,343102.212,final-default-on-continuous,70082,webcontent,0.0,3.320,278.344
2026-09-07T15:58:49.921390+00:00,343102.212,final-default-on-continuous,70084,webkit_network,0.0,0.420,119.625
2026-09-07T15:58:49.921392+00:00,343102.212,final-default-on-continuous,70105,webcontent,0.0,2.070,297.172
2026-09-07T15:58:49.921395+00:00,343102.212,final-default-on-continuous,70106,webkit_gpu,0.0,0.490,160.062
2026-09-07T15:58:49.921399+00:00,343102.212,final-default-on-continuous,70107,webcontent,0.0,3.670,278.859
2026-09-07T15:58:49.921401+00:00,343102.212,final-default-on-continuous,70108,webcontent,0.0,3.750,279.156
2026-09-07T15:58:49.921403+00:00,343102.212,final-default-on-continuous,70109,webcontent,0.0,3.730,278.828
2026-09-07T15:58:50.958706+00:00,343103.223,final-default-on-continuous,70070,reader,14.4,36.800,710.375
2026-09-07T15:58:50.958755+00:00,343103.223,final-default-on-continuous,70079,webcontent,0.0,3.240,278.312
2026-09-07T15:58:50.958762+00:00,343103.223,final-default-on-continuous,70080,webcontent,0.0,3.230,278.266
2026-09-07T15:58:50.958767+00:00,343103.223,final-default-on-continuous,70081,webcontent,0.0,3.390,278.312
2026-09-07T15:58:50.958775+00:00,343103.223,final-default-on-continuous,70082,webcontent,0.0,3.320,278.344
2026-09-07T15:58:50.958780+00:00,343103.223,final-default-on-continuous,70084,webkit_network,0.0,0.420,119.625
2026-09-07T15:58:50.958783+00:00,343103.223,final-default-on-continuous,70105,webcontent,0.0,2.070,297.172
2026-09-07T15:58:50.958786+00:00,343103.223,final-default-on-continuous,70106,webkit_gpu,0.0,0.490,160.062
2026-09-07T15:58:50.958789+00:00,343103.223,final-default-on-continuous,70107,webcontent,0.0,3.670,278.859
2026-09-07T15:58:50.958792+00:00,343103.223,final-default-on-continuous,70108,webcontent,0.0,3.750,279.156
2026-09-07T15:58:50.958795+00:00,343103.223,final-default-on-continuous,70109,webcontent,0.0,3.730,278.828
2026-09-07T15:58:51.948377+00:00,343104.233,final-default-on-continuous,70070,reader,26.2,37.100,712.016
2026-09-07T15:58:51.948416+00:00,343104.233,final-default-on-continuous,70079,webcontent,0.0,3.240,278.312
2026-09-07T15:58:51.948420+00:00,343104.233,final-default-on-continuous,70080,webcontent,0.0,3.230,278.266
2026-09-07T15:58:51.948423+00:00,343104.233,final-default-on-continuous,70081,webcontent,0.0,3.390,278.312
2026-09-07T15:58:51.948426+00:00,343104.233,final-default-on-continuous,70082,webcontent,0.0,3.320,278.344
2026-09-07T15:58:51.948429+00:00,343104.233,final-default-on-continuous,70084,webkit_network,0.0,0.420,119.625
2026-09-07T15:58:51.948431+00:00,343104.233,final-default-on-continuous,70105,webcontent,0.0,2.070,297.156
2026-09-07T15:58:51.948434+00:00,343104.233,final-default-on-continuous,70106,webkit_gpu,0.0,0.490,159.953
2026-09-07T15:58:51.948440+00:00,343104.233,final-default-on-continuous,70107,webcontent,0.0,3.670,278.859
2026-09-07T15:58:51.948443+00:00,343104.233,final-default-on-continuous,70108,webcontent,0.0,3.750,279.156
2026-09-07T15:58:51.948445+00:00,343104.233,final-default-on-continuous,70109,webcontent,0.0,3.730,278.828
2026-09-07T15:58:52.960759+00:00,343105.243,final-default-on-continuous,70070,reader,104.8,38.160,728.344
2026-09-07T15:58:52.960802+00:00,343105.243,final-default-on-continuous,70079,webcontent,0.0,3.240,278.312
2026-09-07T15:58:52.960808+00:00,343105.243,final-default-on-continuous,70080,webcontent,0.0,3.230,278.266
2026-09-07T15:58:52.960811+00:00,343105.243,final-default-on-continuous,70081,webcontent,0.0,3.390,278.312
2026-09-07T15:58:52.960814+00:00,343105.243,final-default-on-continuous,70082,webcontent,0.0,3.320,278.344
2026-09-07T15:58:52.960816+00:00,343105.243,final-default-on-continuous,70084,webkit_network,0.0,0.420,119.625
2026-09-07T15:58:52.960819+00:00,343105.243,final-default-on-continuous,70105,webcontent,0.0,2.070,297.156
2026-09-07T15:58:52.960822+00:00,343105.243,final-default-on-continuous,70106,webkit_gpu,0.0,0.490,159.953
2026-09-07T15:58:52.960824+00:00,343105.243,final-default-on-continuous,70107,webcontent,0.0,3.670,278.859
2026-09-07T15:58:52.960826+00:00,343105.243,final-default-on-continuous,70108,webcontent,0.0,3.750,279.156
2026-09-07T15:58:52.960829+00:00,343105.243,final-default-on-continuous,70109,webcontent,0.0,3.730,278.828
2026-09-07T15:58:53.989316+00:00,343106.254,final-default-on-continuous,70070,reader,17.2,38.600,713.781
2026-09-07T15:58:53.989361+00:00,343106.254,final-default-on-continuous,70079,webcontent,0.0,3.240,278.312
2026-09-07T15:58:53.989367+00:00,343106.254,final-default-on-continuous,70080,webcontent,0.0,3.230,278.266
2026-09-07T15:58:53.989371+00:00,343106.254,final-default-on-continuous,70081,webcontent,0.0,3.390,278.312
2026-09-07T15:58:53.989374+00:00,343106.254,final-default-on-continuous,70082,webcontent,0.0,3.320,278.344
2026-09-07T15:58:53.989377+00:00,343106.254,final-default-on-continuous,70084,webkit_network,0.0,0.420,119.625
2026-09-07T15:58:53.989380+00:00,343106.254,final-default-on-continuous,70105,webcontent,0.0,2.070,297.156
2026-09-07T15:58:53.989383+00:00,343106.254,final-default-on-continuous,70106,webkit_gpu,0.0,0.490,159.953
2026-09-07T15:58:53.989386+00:00,343106.254,final-default-on-continuous,70107,webcontent,0.0,3.670,278.859
2026-09-07T15:58:53.989389+00:00,343106.254,final-default-on-continuous,70108,webcontent,0.0,3.750,279.156
2026-09-07T15:58:53.989392+00:00,343106.254,final-default-on-continuous,70109,webcontent,0.0,3.730,278.828
2026-09-07T15:58:55.000193+00:00,343107.264,final-default-on-continuous,70070,reader,6.2,38.720,713.578
2026-09-07T15:58:55.000245+00:00,343107.264,final-default-on-continuous,70079,webcontent,0.0,3.240,278.312
2026-09-07T15:58:55.000257+00:00,343107.264,final-default-on-continuous,70080,webcontent,0.0,3.230,278.266
2026-09-07T15:58:55.000261+00:00,343107.264,final-default-on-continuous,70081,webcontent,0.0,3.390,278.312
2026-09-07T15:58:55.000264+00:00,343107.264,final-default-on-continuous,70082,webcontent,0.0,3.320,278.344
2026-09-07T15:58:55.000267+00:00,343107.264,final-default-on-continuous,70084,webkit_network,0.0,0.420,119.625
2026-09-07T15:58:55.000270+00:00,343107.264,final-default-on-continuous,70105,webcontent,0.0,2.070,297.141
2026-09-07T15:58:55.000273+00:00,343107.264,final-default-on-continuous,70106,webkit_gpu,0.0,0.490,159.938
2026-09-07T15:58:55.000278+00:00,343107.264,final-default-on-continuous,70107,webcontent,0.0,3.670,278.859
2026-09-07T15:58:55.000281+00:00,343107.264,final-default-on-continuous,70108,webcontent,0.0,3.750,279.156
2026-09-07T15:58:55.000283+00:00,343107.264,final-default-on-continuous,70109,webcontent,0.0,3.730,278.828
2026-09-07T15:58:56.005490+00:00,343108.275,final-default-on-continuous,70070,reader,20.2,38.830,729.172
2026-09-07T15:58:56.005601+00:00,343108.275,final-default-on-continuous,70079,webcontent,0.0,3.240,278.312
2026-09-07T15:58:56.005609+00:00,343108.275,final-default-on-continuous,70080,webcontent,0.0,3.230,278.266
2026-09-07T15:58:56.005613+00:00,343108.275,final-default-on-continuous,70081,webcontent,0.0,3.390,278.312
2026-09-07T15:58:56.005619+00:00,343108.275,final-default-on-continuous,70082,webcontent,0.0,3.320,278.344
2026-09-07T15:58:56.005623+00:00,343108.275,final-default-on-continuous,70084,webkit_network,0.0,0.420,119.625
2026-09-07T15:58:56.005626+00:00,343108.275,final-default-on-continuous,70105,webcontent,0.0,2.070,297.141
2026-09-07T15:58:56.005629+00:00,343108.275,final-default-on-continuous,70106,webkit_gpu,0.0,0.490,159.938
2026-09-07T15:58:56.005632+00:00,343108.275,final-default-on-continuous,70107,webcontent,0.0,3.670,278.859
2026-09-07T15:58:56.005635+00:00,343108.275,final-default-on-continuous,70108,webcontent,0.0,3.750,279.156
2026-09-07T15:58:56.005638+00:00,343108.275,final-default-on-continuous,70109,webcontent,0.0,3.730,278.828
2026-09-07T15:58:57.019378+00:00,343109.285,final-default-on-continuous,70070,reader,8.8,38.920,714.609
2026-09-07T15:58:57.019420+00:00,343109.285,final-default-on-continuous,70079,webcontent,0.0,3.240,278.312
2026-09-07T15:58:57.019427+00:00,343109.285,final-default-on-continuous,70080,webcontent,0.0,3.230,278.266
2026-09-07T15:58:57.019431+00:00,343109.285,final-default-on-continuous,70081,webcontent,0.0,3.390,278.312
2026-09-07T15:58:57.019434+00:00,343109.285,final-default-on-continuous,70082,webcontent,0.0,3.320,278.344
2026-09-07T15:58:57.019437+00:00,343109.285,final-default-on-continuous,70084,webkit_network,0.0,0.420,119.625
2026-09-07T15:58:57.019440+00:00,343109.285,final-default-on-continuous,70105,webcontent,0.0,2.070,297.141
2026-09-07T15:58:57.019443+00:00,343109.285,final-default-on-continuous,70106,webkit_gpu,0.0,0.490,159.938
2026-09-07T15:58:57.019446+00:00,343109.285,final-default-on-continuous,70107,webcontent,0.0,3.670,278.859
2026-09-07T15:58:57.019449+00:00,343109.285,final-default-on-continuous,70108,webcontent,0.0,3.750,279.156
2026-09-07T15:58:57.019452+00:00,343109.285,final-default-on-continuous,70109,webcontent,0.0,3.730,278.828
2026-09-07T15:58:58.023165+00:00,343110.295,final-default-on-continuous,70070,reader,9.0,39.030,715.203
2026-09-07T15:58:58.023220+00:00,343110.295,final-default-on-continuous,70079,webcontent,0.0,3.240,278.312
2026-09-07T15:58:58.023226+00:00,343110.295,final-default-on-continuous,70080,webcontent,0.0,3.230,278.266
2026-09-07T15:58:58.023231+00:00,343110.295,final-default-on-continuous,70081,webcontent,0.0,3.390,278.312
2026-09-07T15:58:58.023236+00:00,343110.295,final-default-on-continuous,70082,webcontent,0.0,3.320,278.344
2026-09-07T15:58:58.023239+00:00,343110.295,final-default-on-continuous,70084,webkit_network,0.0,0.420,119.625
2026-09-07T15:58:58.023243+00:00,343110.295,final-default-on-continuous,70105,webcontent,0.0,2.070,297.141
2026-09-07T15:58:58.023246+00:00,343110.295,final-default-on-continuous,70106,webkit_gpu,0.0,0.490,159.938
2026-09-07T15:58:58.023248+00:00,343110.295,final-default-on-continuous,70107,webcontent,0.0,3.670,278.859
2026-09-07T15:58:58.023251+00:00,343110.295,final-default-on-continuous,70108,webcontent,0.0,3.750,279.156
2026-09-07T15:58:58.023254+00:00,343110.295,final-default-on-continuous,70109,webcontent,0.0,3.730,278.828
2026-09-07T15:58:59.029274+00:00,343111.306,final-default-on-continuous,70070,reader,12.9,39.090,715.203
2026-09-07T15:58:59.029325+00:00,343111.306,final-default-on-continuous,70079,webcontent,0.0,3.240,278.312
2026-09-07T15:58:59.029332+00:00,343111.306,final-default-on-continuous,70080,webcontent,0.0,3.230,278.266
2026-09-07T15:58:59.029336+00:00,343111.306,final-default-on-continuous,70081,webcontent,0.0,3.390,278.312
2026-09-07T15:58:59.029339+00:00,343111.306,final-default-on-continuous,70082,webcontent,0.0,3.320,278.344
2026-09-07T15:58:59.029342+00:00,343111.306,final-default-on-continuous,70084,webkit_network,0.0,0.420,119.625
2026-09-07T15:58:59.029345+00:00,343111.306,final-default-on-continuous,70105,webcontent,0.0,2.070,297.109
2026-09-07T15:58:59.029348+00:00,343111.306,final-default-on-continuous,70106,webkit_gpu,0.0,0.490,159.938
2026-09-07T15:58:59.029351+00:00,343111.306,final-default-on-continuous,70107,webcontent,0.0,3.670,278.859
2026-09-07T15:58:59.029354+00:00,343111.306,final-default-on-continuous,70108,webcontent,0.0,3.750,279.156
2026-09-07T15:58:59.029357+00:00,343111.306,final-default-on-continuous,70109,webcontent,0.0,3.730,278.828
2026-09-07T15:59:00.052577+00:00,343112.316,final-default-on-continuous,70070,reader,8.4,39.210,716.828
2026-09-07T15:59:00.052620+00:00,343112.316,final-default-on-continuous,70079,webcontent,0.0,3.240,278.312
2026-09-07T15:59:00.052626+00:00,343112.316,final-default-on-continuous,70080,webcontent,0.0,3.230,278.266
2026-09-07T15:59:00.052631+00:00,343112.316,final-default-on-continuous,70081,webcontent,0.0,3.390,278.312
2026-09-07T15:59:00.052634+00:00,343112.316,final-default-on-continuous,70082,webcontent,0.0,3.320,278.344
2026-09-07T15:59:00.052639+00:00,343112.316,final-default-on-continuous,70084,webkit_network,0.0,0.420,119.625
2026-09-07T15:59:00.052642+00:00,343112.316,final-default-on-continuous,70105,webcontent,0.0,2.070,297.047
2026-09-07T15:59:00.052645+00:00,343112.316,final-default-on-continuous,70106,webkit_gpu,0.0,0.490,159.938
2026-09-07T15:59:00.052648+00:00,343112.316,final-default-on-continuous,70107,webcontent,0.0,3.670,278.859
2026-09-07T15:59:00.052650+00:00,343112.316,final-default-on-continuous,70108,webcontent,0.0,3.750,279.156
2026-09-07T15:59:00.052653+00:00,343112.316,final-default-on-continuous,70109,webcontent,0.0,3.730,278.828
2026-09-07T15:59:01.037153+00:00,343113.321,final-default-on-continuous,70070,reader,10.7,39.360,716.953
2026-09-07T15:59:01.037200+00:00,343113.321,final-default-on-continuous,70079,webcontent,0.0,3.240,278.312
2026-09-07T15:59:01.037205+00:00,343113.321,final-default-on-continuous,70080,webcontent,0.0,3.230,278.266
2026-09-07T15:59:01.037208+00:00,343113.321,final-default-on-continuous,70081,webcontent,0.0,3.390,278.312
2026-09-07T15:59:01.037211+00:00,343113.321,final-default-on-continuous,70082,webcontent,0.0,3.320,278.344
2026-09-07T15:59:01.037214+00:00,343113.321,final-default-on-continuous,70084,webkit_network,0.0,0.420,119.594
2026-09-07T15:59:01.037217+00:00,343113.321,final-default-on-continuous,70105,webcontent,0.0,2.070,297.047
2026-09-07T15:59:01.037220+00:00,343113.321,final-default-on-continuous,70106,webkit_gpu,0.0,0.490,159.938
2026-09-07T15:59:01.037224+00:00,343113.321,final-default-on-continuous,70107,webcontent,0.0,3.670,278.859
2026-09-07T15:59:01.037226+00:00,343113.321,final-default-on-continuous,70108,webcontent,0.0,3.750,279.156
2026-09-07T15:59:01.037229+00:00,343113.321,final-default-on-continuous,70109,webcontent,0.0,3.730,278.828
2026-09-07T15:59:02.048298+00:00,343114.329,final-default-on-continuous,70070,reader,1.3,39.410,716.922
2026-09-07T15:59:02.048349+00:00,343114.329,final-default-on-continuous,70079,webcontent,0.0,3.240,278.312
2026-09-07T15:59:02.048357+00:00,343114.329,final-default-on-continuous,70080,webcontent,0.0,3.230,278.266
2026-09-07T15:59:02.048360+00:00,343114.329,final-default-on-continuous,70081,webcontent,0.0,3.390,278.312
2026-09-07T15:59:02.048364+00:00,343114.329,final-default-on-continuous,70082,webcontent,0.0,3.320,278.344
2026-09-07T15:59:02.048368+00:00,343114.329,final-default-on-continuous,70084,webkit_network,0.0,0.420,119.578
2026-09-07T15:59:02.048372+00:00,343114.329,final-default-on-continuous,70105,webcontent,0.0,2.070,297.047
2026-09-07T15:59:02.048375+00:00,343114.329,final-default-on-continuous,70106,webkit_gpu,0.0,0.490,159.922
2026-09-07T15:59:02.048378+00:00,343114.329,final-default-on-continuous,70107,webcontent,0.0,3.670,278.859
2026-09-07T15:59:02.048381+00:00,343114.329,final-default-on-continuous,70108,webcontent,0.0,3.750,279.156
2026-09-07T15:59:02.048383+00:00,343114.329,final-default-on-continuous,70109,webcontent,0.0,3.730,278.828
2026-09-07T15:59:03.057985+00:00,343115.339,final-default-on-continuous,70070,reader,5.3,39.480,716.922
2026-09-07T15:59:03.058043+00:00,343115.339,final-default-on-continuous,70079,webcontent,0.0,3.240,278.312
2026-09-07T15:59:03.058051+00:00,343115.339,final-default-on-continuous,70080,webcontent,0.0,3.230,278.266
2026-09-07T15:59:03.058056+00:00,343115.339,final-default-on-continuous,70081,webcontent,0.0,3.390,278.312
2026-09-07T15:59:03.058066+00:00,343115.339,final-default-on-continuous,70082,webcontent,0.0,3.320,278.344
2026-09-07T15:59:03.058071+00:00,343115.339,final-default-on-continuous,70084,webkit_network,0.0,0.420,119.578
2026-09-07T15:59:03.058074+00:00,343115.339,final-default-on-continuous,70105,webcontent,0.0,2.070,297.047
2026-09-07T15:59:03.058078+00:00,343115.339,final-default-on-continuous,70106,webkit_gpu,0.0,0.490,159.922
2026-09-07T15:59:03.058083+00:00,343115.339,final-default-on-continuous,70107,webcontent,0.0,3.670,278.859
2026-09-07T15:59:03.058087+00:00,343115.339,final-default-on-continuous,70108,webcontent,0.0,3.750,279.156
2026-09-07T15:59:03.058091+00:00,343115.339,final-default-on-continuous,70109,webcontent,0.0,3.730,278.828
2026-09-07T15:59:04.051267+00:00,343116.341,final-default-on-continuous,70070,reader,12.7,39.570,731.391
2026-09-07T15:59:04.051307+00:00,343116.341,final-default-on-continuous,70079,webcontent,0.0,3.240,278.312
2026-09-07T15:59:04.051313+00:00,343116.341,final-default-on-continuous,70080,webcontent,0.0,3.230,278.266
2026-09-07T15:59:04.051317+00:00,343116.341,final-default-on-continuous,70081,webcontent,0.0,3.390,278.312
2026-09-07T15:59:04.051320+00:00,343116.341,final-default-on-continuous,70082,webcontent,0.0,3.320,278.344
2026-09-07T15:59:04.051323+00:00,343116.341,final-default-on-continuous,70084,webkit_network,0.0,0.420,119.578
2026-09-07T15:59:04.051326+00:00,343116.341,final-default-on-continuous,70105,webcontent,0.0,2.070,297.047
2026-09-07T15:59:04.051328+00:00,343116.341,final-default-on-continuous,70106,webkit_gpu,0.0,0.490,159.922
2026-09-07T15:59:04.051332+00:00,343116.341,final-default-on-continuous,70107,webcontent,0.0,3.670,278.859
2026-09-07T15:59:04.051335+00:00,343116.341,final-default-on-continuous,70108,webcontent,0.0,3.750,279.156
2026-09-07T15:59:04.051337+00:00,343116.341,final-default-on-continuous,70109,webcontent,0.0,3.730,278.828
2026-09-07T15:59:05.069387+00:00,343117.351,final-default-on-continuous,70070,reader,61.9,40.320,724.984
2026-09-07T15:59:05.069436+00:00,343117.351,final-default-on-continuous,70079,webcontent,0.0,3.240,278.312
2026-09-07T15:59:05.069454+00:00,343117.351,final-default-on-continuous,70080,webcontent,0.0,3.230,278.266
2026-09-07T15:59:05.069460+00:00,343117.351,final-default-on-continuous,70081,webcontent,0.0,3.390,278.312
2026-09-07T15:59:05.069463+00:00,343117.351,final-default-on-continuous,70082,webcontent,0.0,3.320,278.344
2026-09-07T15:59:05.069473+00:00,343117.351,final-default-on-continuous,70084,webkit_network,0.0,0.430,119.594
2026-09-07T15:59:05.069479+00:00,343117.351,final-default-on-continuous,70105,webcontent,1.3,2.090,297.266
2026-09-07T15:59:05.069483+00:00,343117.351,final-default-on-continuous,70106,webkit_gpu,2.0,0.520,160.688
2026-09-07T15:59:05.069488+00:00,343117.351,final-default-on-continuous,70107,webcontent,0.0,3.670,278.859
2026-09-07T15:59:05.069490+00:00,343117.351,final-default-on-continuous,70108,webcontent,0.0,3.750,279.156
2026-09-07T15:59:05.069493+00:00,343117.351,final-default-on-continuous,70109,webcontent,0.0,3.730,278.828
2026-09-07T15:59:06.097675+00:00,343118.362,final-default-on-continuous,70070,reader,8.3,40.440,725.234
2026-09-07T15:59:06.097722+00:00,343118.362,final-default-on-continuous,70079,webcontent,0.0,3.240,278.312
2026-09-07T15:59:06.097728+00:00,343118.362,final-default-on-continuous,70080,webcontent,0.0,3.230,278.266
2026-09-07T15:59:06.097732+00:00,343118.362,final-default-on-continuous,70081,webcontent,0.0,3.390,278.312
2026-09-07T15:59:06.097735+00:00,343118.362,final-default-on-continuous,70082,webcontent,0.0,3.320,278.344
2026-09-07T15:59:06.097738+00:00,343118.362,final-default-on-continuous,70084,webkit_network,0.0,0.430,119.594
2026-09-07T15:59:06.097741+00:00,343118.362,final-default-on-continuous,70105,webcontent,0.0,2.100,297.266
2026-09-07T15:59:06.097745+00:00,343118.362,final-default-on-continuous,70106,webkit_gpu,0.0,0.520,160.688
2026-09-07T15:59:06.097748+00:00,343118.362,final-default-on-continuous,70107,webcontent,0.0,3.670,278.859
2026-09-07T15:59:06.097750+00:00,343118.362,final-default-on-continuous,70108,webcontent,0.0,3.750,279.156
2026-09-07T15:59:06.097753+00:00,343118.362,final-default-on-continuous,70109,webcontent,0.0,3.730,278.828
2026-09-07T15:59:07.086205+00:00,343119.366,final-default-on-continuous,70070,reader,17.4,40.590,741.031
2026-09-07T15:59:07.086252+00:00,343119.366,final-default-on-continuous,70079,webcontent,0.0,3.240,278.312
2026-09-07T15:59:07.086258+00:00,343119.366,final-default-on-continuous,70080,webcontent,0.0,3.230,278.266
2026-09-07T15:59:07.086261+00:00,343119.366,final-default-on-continuous,70081,webcontent,0.0,3.390,278.312
2026-09-07T15:59:07.086265+00:00,343119.366,final-default-on-continuous,70082,webcontent,0.0,3.320,278.344
2026-09-07T15:59:07.086268+00:00,343119.366,final-default-on-continuous,70084,webkit_network,0.0,0.430,119.594
2026-09-07T15:59:07.086271+00:00,343119.366,final-default-on-continuous,70105,webcontent,0.0,2.100,297.266
2026-09-07T15:59:07.086274+00:00,343119.366,final-default-on-continuous,70106,webkit_gpu,0.0,0.520,160.688
2026-09-07T15:59:07.086277+00:00,343119.366,final-default-on-continuous,70107,webcontent,0.0,3.670,278.859
2026-09-07T15:59:07.086280+00:00,343119.366,final-default-on-continuous,70108,webcontent,0.0,3.750,279.156
2026-09-07T15:59:07.086283+00:00,343119.366,final-default-on-continuous,70109,webcontent,0.0,3.730,278.828
2026-09-07T15:59:08.111269+00:00,343120.377,final-default-on-continuous,70070,reader,2.7,40.630,726.516
2026-09-07T15:59:08.111357+00:00,343120.377,final-default-on-continuous,70079,webcontent,0.0,3.240,278.312
2026-09-07T15:59:08.111386+00:00,343120.377,final-default-on-continuous,70080,webcontent,0.0,3.230,278.266
2026-09-07T15:59:08.111396+00:00,343120.377,final-default-on-continuous,70081,webcontent,0.0,3.390,278.312
2026-09-07T15:59:08.111400+00:00,343120.377,final-default-on-continuous,70082,webcontent,0.0,3.320,278.344
2026-09-07T15:59:08.111404+00:00,343120.377,final-default-on-continuous,70084,webkit_network,0.0,0.430,119.594
2026-09-07T15:59:08.111408+00:00,343120.377,final-default-on-continuous,70105,webcontent,0.1,2.100,297.359
2026-09-07T15:59:08.111411+00:00,343120.377,final-default-on-continuous,70106,webkit_gpu,0.0,0.520,160.688
2026-09-07T15:59:08.111414+00:00,343120.377,final-default-on-continuous,70107,webcontent,0.0,3.670,278.859
2026-09-07T15:59:08.111417+00:00,343120.377,final-default-on-continuous,70108,webcontent,0.0,3.750,279.156
2026-09-07T15:59:08.111420+00:00,343120.377,final-default-on-continuous,70109,webcontent,0.0,3.730,278.828
2026-09-07T15:59:09.123007+00:00,343121.387,final-default-on-continuous,70070,reader,8.2,40.770,726.797
2026-09-07T15:59:09.123047+00:00,343121.387,final-default-on-continuous,70079,webcontent,0.0,3.240,278.312
2026-09-07T15:59:09.123054+00:00,343121.387,final-default-on-continuous,70080,webcontent,0.0,3.230,278.266
2026-09-07T15:59:09.123057+00:00,343121.387,final-default-on-continuous,70081,webcontent,0.0,3.390,278.312
2026-09-07T15:59:09.123060+00:00,343121.387,final-default-on-continuous,70082,webcontent,0.0,3.320,278.344
2026-09-07T15:59:09.123063+00:00,343121.387,final-default-on-continuous,70084,webkit_network,0.0,0.430,119.594
2026-09-07T15:59:09.123066+00:00,343121.387,final-default-on-continuous,70105,webcontent,0.0,2.100,297.359
2026-09-07T15:59:09.123069+00:00,343121.387,final-default-on-continuous,70106,webkit_gpu,0.0,0.520,160.688
2026-09-07T15:59:09.123074+00:00,343121.387,final-default-on-continuous,70107,webcontent,0.0,3.670,278.859
2026-09-07T15:59:09.123076+00:00,343121.387,final-default-on-continuous,70108,webcontent,0.0,3.750,279.156
2026-09-07T15:59:09.123080+00:00,343121.387,final-default-on-continuous,70109,webcontent,0.0,3.730,278.828
2026-09-07T15:59:10.100862+00:00,343122.397,final-default-on-continuous,70070,reader,14.7,40.950,741.578
2026-09-07T15:59:10.100900+00:00,343122.397,final-default-on-continuous,70079,webcontent,0.0,3.240,278.312
2026-09-07T15:59:10.100906+00:00,343122.397,final-default-on-continuous,70080,webcontent,0.0,3.230,278.266
2026-09-07T15:59:10.100909+00:00,343122.397,final-default-on-continuous,70081,webcontent,0.0,3.390,278.312
2026-09-07T15:59:10.100911+00:00,343122.397,final-default-on-continuous,70082,webcontent,0.0,3.320,278.344
2026-09-07T15:59:10.100914+00:00,343122.397,final-default-on-continuous,70084,webkit_network,0.0,0.430,119.594
2026-09-07T15:59:10.100917+00:00,343122.397,final-default-on-continuous,70105,webcontent,0.0,2.100,297.312
2026-09-07T15:59:10.100919+00:00,343122.397,final-default-on-continuous,70106,webkit_gpu,0.0,0.520,160.578
2026-09-07T15:59:10.100921+00:00,343122.397,final-default-on-continuous,70107,webcontent,0.0,3.670,278.859
2026-09-07T15:59:10.100924+00:00,343122.397,final-default-on-continuous,70108,webcontent,0.0,3.750,279.156
2026-09-07T15:59:10.100926+00:00,343122.397,final-default-on-continuous,70109,webcontent,0.0,3.730,278.828
2026-09-07T15:59:11.122569+00:00,343123.407,final-default-on-continuous,70070,reader,98.3,41.810,727.844
2026-09-07T15:59:11.122607+00:00,343123.407,final-default-on-continuous,70079,webcontent,0.0,3.240,278.312
2026-09-07T15:59:11.122612+00:00,343123.407,final-default-on-continuous,70080,webcontent,0.0,3.230,278.266
2026-09-07T15:59:11.122618+00:00,343123.407,final-default-on-continuous,70081,webcontent,0.0,3.390,278.312
2026-09-07T15:59:11.122621+00:00,343123.407,final-default-on-continuous,70082,webcontent,0.0,3.320,278.344
2026-09-07T15:59:11.122624+00:00,343123.407,final-default-on-continuous,70084,webkit_network,0.0,0.430,119.594
2026-09-07T15:59:11.122627+00:00,343123.407,final-default-on-continuous,70105,webcontent,0.0,2.100,297.312
2026-09-07T15:59:11.122629+00:00,343123.407,final-default-on-continuous,70106,webkit_gpu,0.0,0.520,160.578
2026-09-07T15:59:11.122632+00:00,343123.407,final-default-on-continuous,70107,webcontent,0.0,3.670,278.859
2026-09-07T15:59:11.122634+00:00,343123.407,final-default-on-continuous,70108,webcontent,0.0,3.750,279.156
2026-09-07T15:59:11.122636+00:00,343123.407,final-default-on-continuous,70109,webcontent,0.0,3.730,278.828
2026-09-07T15:59:12.136701+00:00,343124.418,final-default-on-continuous,70070,reader,13.6,42.270,727.922
2026-09-07T15:59:12.136756+00:00,343124.418,final-default-on-continuous,70079,webcontent,0.0,3.240,278.312
2026-09-07T15:59:12.136763+00:00,343124.418,final-default-on-continuous,70080,webcontent,0.0,3.230,278.266
2026-09-07T15:59:12.136768+00:00,343124.418,final-default-on-continuous,70081,webcontent,0.0,3.390,278.312
2026-09-07T15:59:12.136774+00:00,343124.418,final-default-on-continuous,70082,webcontent,0.0,3.320,278.344
2026-09-07T15:59:12.136778+00:00,343124.418,final-default-on-continuous,70084,webkit_network,0.0,0.430,119.594
2026-09-07T15:59:12.136782+00:00,343124.418,final-default-on-continuous,70105,webcontent,0.0,2.100,297.312
2026-09-07T15:59:12.136786+00:00,343124.418,final-default-on-continuous,70106,webkit_gpu,0.0,0.520,160.578
2026-09-07T15:59:12.136790+00:00,343124.418,final-default-on-continuous,70107,webcontent,0.0,3.670,278.859
2026-09-07T15:59:12.136793+00:00,343124.418,final-default-on-continuous,70108,webcontent,0.0,3.750,279.156
2026-09-07T15:59:12.136797+00:00,343124.418,final-default-on-continuous,70109,webcontent,0.0,3.730,278.828
2026-09-07T15:59:13.129851+00:00,343125.425,final-default-on-continuous,70070,reader,13.8,42.380,743.141
2026-09-07T15:59:13.129888+00:00,343125.425,final-default-on-continuous,70079,webcontent,0.0,3.240,278.312
2026-09-07T15:59:13.129894+00:00,343125.425,final-default-on-continuous,70080,webcontent,0.0,3.230,278.266
2026-09-07T15:59:13.129897+00:00,343125.425,final-default-on-continuous,70081,webcontent,0.0,3.390,278.312
2026-09-07T15:59:13.129899+00:00,343125.425,final-default-on-continuous,70082,webcontent,0.0,3.320,278.344
2026-09-07T15:59:13.129902+00:00,343125.425,final-default-on-continuous,70084,webkit_network,0.0,0.430,119.594
2026-09-07T15:59:13.129905+00:00,343125.425,final-default-on-continuous,70105,webcontent,0.0,2.100,297.266
2026-09-07T15:59:13.129907+00:00,343125.425,final-default-on-continuous,70106,webkit_gpu,0.0,0.520,160.562
2026-09-07T15:59:13.129909+00:00,343125.425,final-default-on-continuous,70107,webcontent,0.0,3.670,278.859
2026-09-07T15:59:13.129912+00:00,343125.425,final-default-on-continuous,70108,webcontent,0.0,3.750,279.156
2026-09-07T15:59:13.129914+00:00,343125.425,final-default-on-continuous,70109,webcontent,0.0,3.730,278.828
2026-09-07T15:59:14.169100+00:00,343126.435,final-default-on-continuous,70070,reader,4.8,42.420,728.594
2026-09-07T15:59:14.169142+00:00,343126.435,final-default-on-continuous,70079,webcontent,0.0,3.240,278.312
2026-09-07T15:59:14.169148+00:00,343126.435,final-default-on-continuous,70080,webcontent,0.0,3.230,278.266
2026-09-07T15:59:14.169153+00:00,343126.435,final-default-on-continuous,70081,webcontent,0.0,3.390,278.312
2026-09-07T15:59:14.169156+00:00,343126.435,final-default-on-continuous,70082,webcontent,0.0,3.320,278.344
2026-09-07T15:59:14.169161+00:00,343126.435,final-default-on-continuous,70084,webkit_network,0.0,0.430,119.594
2026-09-07T15:59:14.169164+00:00,343126.435,final-default-on-continuous,70105,webcontent,0.0,2.100,297.266
2026-09-07T15:59:14.169167+00:00,343126.435,final-default-on-continuous,70106,webkit_gpu,0.0,0.520,160.562
2026-09-07T15:59:14.169170+00:00,343126.435,final-default-on-continuous,70107,webcontent,0.0,3.670,278.859
2026-09-07T15:59:14.169173+00:00,343126.435,final-default-on-continuous,70108,webcontent,0.0,3.750,279.156
2026-09-07T15:59:14.169175+00:00,343126.435,final-default-on-continuous,70109,webcontent,0.0,3.730,278.828
2026-09-07T15:59:15.180322+00:00,343127.445,final-default-on-continuous,70070,reader,5.1,42.530,729.188
2026-09-07T15:59:15.180365+00:00,343127.445,final-default-on-continuous,70079,webcontent,0.0,3.240,278.312
2026-09-07T15:59:15.180370+00:00,343127.445,final-default-on-continuous,70080,webcontent,0.0,3.230,278.266
2026-09-07T15:59:15.180374+00:00,343127.445,final-default-on-continuous,70081,webcontent,0.0,3.390,278.312
2026-09-07T15:59:15.180378+00:00,343127.445,final-default-on-continuous,70082,webcontent,0.0,3.320,278.344
2026-09-07T15:59:15.180382+00:00,343127.445,final-default-on-continuous,70084,webkit_network,0.0,0.430,119.594
2026-09-07T15:59:15.180385+00:00,343127.445,final-default-on-continuous,70105,webcontent,0.0,2.100,297.266
2026-09-07T15:59:15.180388+00:00,343127.445,final-default-on-continuous,70106,webkit_gpu,0.0,0.520,160.562
2026-09-07T15:59:15.180391+00:00,343127.445,final-default-on-continuous,70107,webcontent,0.0,3.670,278.859
2026-09-07T15:59:15.180394+00:00,343127.445,final-default-on-continuous,70108,webcontent,0.0,3.750,279.156
2026-09-07T15:59:15.180397+00:00,343127.445,final-default-on-continuous,70109,webcontent,0.0,3.730,278.828
2026-09-07T15:59:16.165596+00:00,343128.456,final-default-on-continuous,70070,reader,11.4,42.630,743.734
2026-09-07T15:59:16.165651+00:00,343128.456,final-default-on-continuous,70079,webcontent,0.0,3.240,278.312
2026-09-07T15:59:16.165657+00:00,343128.456,final-default-on-continuous,70080,webcontent,0.0,3.230,278.266
2026-09-07T15:59:16.165661+00:00,343128.456,final-default-on-continuous,70081,webcontent,0.0,3.390,278.312
2026-09-07T15:59:16.165665+00:00,343128.456,final-default-on-continuous,70082,webcontent,0.0,3.320,278.344
2026-09-07T15:59:16.165668+00:00,343128.456,final-default-on-continuous,70084,webkit_network,0.0,0.430,119.594
2026-09-07T15:59:16.165672+00:00,343128.456,final-default-on-continuous,70105,webcontent,0.0,2.100,297.266
2026-09-07T15:59:16.165675+00:00,343128.456,final-default-on-continuous,70106,webkit_gpu,0.0,0.520,160.562
2026-09-07T15:59:16.165680+00:00,343128.456,final-default-on-continuous,70107,webcontent,0.0,3.670,278.859
2026-09-07T15:59:16.165683+00:00,343128.456,final-default-on-continuous,70108,webcontent,0.0,3.750,279.156
2026-09-07T15:59:16.165686+00:00,343128.456,final-default-on-continuous,70109,webcontent,0.0,3.730,278.828
2026-09-07T15:59:17.202759+00:00,343129.466,final-default-on-continuous,70070,reader,1.4,42.660,729.078
2026-09-07T15:59:17.202803+00:00,343129.466,final-default-on-continuous,70079,webcontent,0.0,3.240,278.312
2026-09-07T15:59:17.202808+00:00,343129.466,final-default-on-continuous,70080,webcontent,0.0,3.230,278.266
2026-09-07T15:59:17.202813+00:00,343129.466,final-default-on-continuous,70081,webcontent,0.0,3.390,278.312
2026-09-07T15:59:17.202817+00:00,343129.466,final-default-on-continuous,70082,webcontent,0.0,3.320,278.344
2026-09-07T15:59:17.202820+00:00,343129.466,final-default-on-continuous,70084,webkit_network,0.0,0.430,119.594
2026-09-07T15:59:17.202823+00:00,343129.466,final-default-on-continuous,70105,webcontent,0.0,2.100,297.266
2026-09-07T15:59:17.202826+00:00,343129.466,final-default-on-continuous,70106,webkit_gpu,0.0,0.520,160.562
2026-09-07T15:59:17.202829+00:00,343129.466,final-default-on-continuous,70107,webcontent,0.0,3.670,278.859
2026-09-07T15:59:17.202832+00:00,343129.466,final-default-on-continuous,70108,webcontent,0.0,3.750,279.156
2026-09-07T15:59:17.202835+00:00,343129.466,final-default-on-continuous,70109,webcontent,0.0,3.730,278.828
2026-09-07T15:59:18.213707+00:00,343130.476,final-default-on-continuous,70070,reader,7.3,42.790,729.125
2026-09-07T15:59:18.213746+00:00,343130.476,final-default-on-continuous,70079,webcontent,0.0,3.240,278.312
2026-09-07T15:59:18.213752+00:00,343130.476,final-default-on-continuous,70080,webcontent,0.0,3.230,278.266
2026-09-07T15:59:18.213755+00:00,343130.476,final-default-on-continuous,70081,webcontent,0.0,3.390,278.312
2026-09-07T15:59:18.213758+00:00,343130.476,final-default-on-continuous,70082,webcontent,0.0,3.320,278.344
2026-09-07T15:59:18.213761+00:00,343130.476,final-default-on-continuous,70084,webkit_network,0.0,0.430,119.594
2026-09-07T15:59:18.213764+00:00,343130.476,final-default-on-continuous,70105,webcontent,0.0,2.100,297.172
2026-09-07T15:59:18.213767+00:00,343130.476,final-default-on-continuous,70106,webkit_gpu,0.0,0.520,160.562
2026-09-07T15:59:18.213770+00:00,343130.476,final-default-on-continuous,70107,webcontent,0.0,3.670,278.859
2026-09-07T15:59:18.213773+00:00,343130.476,final-default-on-continuous,70108,webcontent,0.0,3.750,279.156
2026-09-07T15:59:18.213776+00:00,343130.476,final-default-on-continuous,70109,webcontent,0.0,3.730,278.828
2026-09-07T15:59:19.228190+00:00,343131.487,final-default-on-continuous,70070,reader,18.8,42.870,743.688
2026-09-07T15:59:19.228254+00:00,343131.487,final-default-on-continuous,70079,webcontent,0.0,3.240,278.312
2026-09-07T15:59:19.228259+00:00,343131.487,final-default-on-continuous,70080,webcontent,0.0,3.230,278.266
2026-09-07T15:59:19.228264+00:00,343131.487,final-default-on-continuous,70081,webcontent,0.0,3.390,278.312
2026-09-07T15:59:19.228267+00:00,343131.487,final-default-on-continuous,70082,webcontent,0.0,3.320,278.344
2026-09-07T15:59:19.228271+00:00,343131.487,final-default-on-continuous,70084,webkit_network,0.0,0.430,119.594
2026-09-07T15:59:19.228273+00:00,343131.487,final-default-on-continuous,70105,webcontent,0.0,2.100,297.172
2026-09-07T15:59:19.228276+00:00,343131.487,final-default-on-continuous,70106,webkit_gpu,0.0,0.520,160.562
2026-09-07T15:59:19.228279+00:00,343131.487,final-default-on-continuous,70107,webcontent,0.0,3.670,278.859
2026-09-07T15:59:19.228282+00:00,343131.487,final-default-on-continuous,70108,webcontent,0.0,3.750,279.156
2026-09-07T15:59:19.228285+00:00,343131.487,final-default-on-continuous,70109,webcontent,0.0,3.730,278.828
2026-09-07T15:59:20.232551+00:00,343132.497,final-default-on-continuous,70070,reader,2.5,42.940,729.125
2026-09-07T15:59:20.232596+00:00,343132.497,final-default-on-continuous,70079,webcontent,0.0,3.240,278.312
2026-09-07T15:59:20.232602+00:00,343132.497,final-default-on-continuous,70080,webcontent,0.0,3.230,278.266
2026-09-07T15:59:20.232606+00:00,343132.497,final-default-on-continuous,70081,webcontent,0.0,3.390,278.312
2026-09-07T15:59:20.232609+00:00,343132.497,final-default-on-continuous,70082,webcontent,0.0,3.320,278.344
2026-09-07T15:59:20.232613+00:00,343132.497,final-default-on-continuous,70084,webkit_network,0.0,0.430,119.578
2026-09-07T15:59:20.232616+00:00,343132.497,final-default-on-continuous,70105,webcontent,0.0,2.100,297.172
2026-09-07T15:59:20.232619+00:00,343132.497,final-default-on-continuous,70106,webkit_gpu,0.0,0.520,160.562
2026-09-07T15:59:20.232623+00:00,343132.497,final-default-on-continuous,70107,webcontent,0.0,3.670,278.859
2026-09-07T15:59:20.232626+00:00,343132.497,final-default-on-continuous,70108,webcontent,0.0,3.750,279.156
2026-09-07T15:59:20.232629+00:00,343132.497,final-default-on-continuous,70109,webcontent,0.0,3.730,278.828
2026-09-07T15:59:21.244385+00:00,343133.507,final-default-on-continuous,70070,reader,8.7,43.050,729.094
2026-09-07T15:59:21.244426+00:00,343133.507,final-default-on-continuous,70079,webcontent,0.0,3.240,278.312
2026-09-07T15:59:21.244432+00:00,343133.507,final-default-on-continuous,70080,webcontent,0.0,3.230,278.266
2026-09-07T15:59:21.244437+00:00,343133.507,final-default-on-continuous,70081,webcontent,0.0,3.390,278.312
2026-09-07T15:59:21.244440+00:00,343133.507,final-default-on-continuous,70082,webcontent,0.0,3.320,278.344
2026-09-07T15:59:21.244443+00:00,343133.507,final-default-on-continuous,70084,webkit_network,0.0,0.430,119.578
2026-09-07T15:59:21.244447+00:00,343133.507,final-default-on-continuous,70105,webcontent,0.0,2.100,297.172
2026-09-07T15:59:21.244450+00:00,343133.507,final-default-on-continuous,70106,webkit_gpu,0.0,0.520,160.547
2026-09-07T15:59:21.244452+00:00,343133.507,final-default-on-continuous,70107,webcontent,0.0,3.670,278.859
2026-09-07T15:59:21.244455+00:00,343133.507,final-default-on-continuous,70108,webcontent,0.0,3.750,279.156
2026-09-07T15:59:21.244458+00:00,343133.507,final-default-on-continuous,70109,webcontent,0.0,3.730,278.828
2026-09-07T15:59:22.250261+00:00,343134.518,final-default-on-continuous,70070,reader,15.6,43.130,743.438
2026-09-07T15:59:22.250311+00:00,343134.518,final-default-on-continuous,70079,webcontent,0.0,3.240,278.312
2026-09-07T15:59:22.250317+00:00,343134.518,final-default-on-continuous,70080,webcontent,0.0,3.230,278.266
2026-09-07T15:59:22.250321+00:00,343134.518,final-default-on-continuous,70081,webcontent,0.0,3.390,278.312
2026-09-07T15:59:22.250325+00:00,343134.518,final-default-on-continuous,70082,webcontent,0.0,3.320,278.344
2026-09-07T15:59:22.250328+00:00,343134.518,final-default-on-continuous,70084,webkit_network,0.0,0.430,119.578
2026-09-07T15:59:22.250331+00:00,343134.518,final-default-on-continuous,70105,webcontent,0.0,2.100,297.172
2026-09-07T15:59:22.250335+00:00,343134.518,final-default-on-continuous,70106,webkit_gpu,0.0,0.520,160.547
2026-09-07T15:59:22.250339+00:00,343134.518,final-default-on-continuous,70107,webcontent,0.0,3.670,278.859
2026-09-07T15:59:22.250343+00:00,343134.518,final-default-on-continuous,70108,webcontent,0.0,3.750,279.156
2026-09-07T15:59:22.250346+00:00,343134.518,final-default-on-continuous,70109,webcontent,0.0,3.730,278.828
2026-09-07T15:59:23.254321+00:00,343135.528,final-default-on-continuous,70070,reader,83.9,43.820,735.641
2026-09-07T15:59:23.254366+00:00,343135.528,final-default-on-continuous,70079,webcontent,0.0,3.240,278.312
2026-09-07T15:59:23.254373+00:00,343135.528,final-default-on-continuous,70080,webcontent,0.0,3.230,278.266
2026-09-07T15:59:23.254377+00:00,343135.528,final-default-on-continuous,70081,webcontent,0.0,3.390,278.312
2026-09-07T15:59:23.254380+00:00,343135.528,final-default-on-continuous,70082,webcontent,0.0,3.320,278.344
2026-09-07T15:59:23.254383+00:00,343135.528,final-default-on-continuous,70084,webkit_network,0.1,0.430,119.594
2026-09-07T15:59:23.254386+00:00,343135.528,final-default-on-continuous,70105,webcontent,2.1,2.120,297.250
2026-09-07T15:59:23.254390+00:00,343135.528,final-default-on-continuous,70106,webkit_gpu,2.2,0.540,160.969
2026-09-07T15:59:23.254393+00:00,343135.528,final-default-on-continuous,70107,webcontent,0.0,3.670,278.859
2026-09-07T15:59:23.254396+00:00,343135.528,final-default-on-continuous,70108,webcontent,0.0,3.750,279.156
2026-09-07T15:59:23.254399+00:00,343135.528,final-default-on-continuous,70109,webcontent,0.0,3.730,278.828
2026-09-07T15:59:24.277053+00:00,343136.538,final-default-on-continuous,70070,reader,9.4,43.960,736.844
2026-09-07T15:59:24.277101+00:00,343136.538,final-default-on-continuous,70079,webcontent,0.0,3.240,278.312
2026-09-07T15:59:24.277109+00:00,343136.538,final-default-on-continuous,70080,webcontent,0.0,3.230,278.266
2026-09-07T15:59:24.277112+00:00,343136.538,final-default-on-continuous,70081,webcontent,0.0,3.390,278.312
2026-09-07T15:59:24.277115+00:00,343136.538,final-default-on-continuous,70082,webcontent,0.0,3.320,278.344
2026-09-07T15:59:24.277119+00:00,343136.538,final-default-on-continuous,70084,webkit_network,0.0,0.430,119.594
2026-09-07T15:59:24.277122+00:00,343136.538,final-default-on-continuous,70105,webcontent,0.0,2.120,297.250
2026-09-07T15:59:24.277125+00:00,343136.538,final-default-on-continuous,70106,webkit_gpu,0.0,0.540,160.969
2026-09-07T15:59:24.277129+00:00,343136.538,final-default-on-continuous,70107,webcontent,0.0,3.670,278.859
2026-09-07T15:59:24.277132+00:00,343136.538,final-default-on-continuous,70108,webcontent,0.0,3.750,279.156
2026-09-07T15:59:24.277135+00:00,343136.538,final-default-on-continuous,70109,webcontent,0.0,3.730,278.828
2026-09-07T15:59:25.280115+00:00,343137.548,final-default-on-continuous,70070,reader,16.3,44.040,751.562
2026-09-07T15:59:25.280161+00:00,343137.548,final-default-on-continuous,70079,webcontent,0.0,3.240,278.312
2026-09-07T15:59:25.280168+00:00,343137.548,final-default-on-continuous,70080,webcontent,0.0,3.230,278.266
2026-09-07T15:59:25.280172+00:00,343137.548,final-default-on-continuous,70081,webcontent,0.0,3.390,278.312
2026-09-07T15:59:25.280175+00:00,343137.548,final-default-on-continuous,70082,webcontent,0.0,3.320,278.344
2026-09-07T15:59:25.280178+00:00,343137.548,final-default-on-continuous,70084,webkit_network,0.0,0.430,119.594
2026-09-07T15:59:25.280181+00:00,343137.548,final-default-on-continuous,70105,webcontent,0.0,2.120,297.250
2026-09-07T15:59:25.280185+00:00,343137.548,final-default-on-continuous,70106,webkit_gpu,0.0,0.540,160.969
2026-09-07T15:59:25.280188+00:00,343137.548,final-default-on-continuous,70107,webcontent,0.0,3.670,278.859
2026-09-07T15:59:25.280191+00:00,343137.548,final-default-on-continuous,70108,webcontent,0.0,3.750,279.156
2026-09-07T15:59:25.280194+00:00,343137.548,final-default-on-continuous,70109,webcontent,0.0,3.730,278.828
2026-09-07T15:59:26.272907+00:00,343138.559,final-default-on-continuous,70070,reader,95.2,44.810,737.344
2026-09-07T15:59:26.272944+00:00,343138.559,final-default-on-continuous,70079,webcontent,0.0,3.240,278.312
2026-09-07T15:59:26.272950+00:00,343138.559,final-default-on-continuous,70080,webcontent,0.0,3.230,278.266
2026-09-07T15:59:26.272953+00:00,343138.559,final-default-on-continuous,70081,webcontent,0.0,3.390,278.312
2026-09-07T15:59:26.272955+00:00,343138.559,final-default-on-continuous,70082,webcontent,0.0,3.320,278.344
2026-09-07T15:59:26.272957+00:00,343138.559,final-default-on-continuous,70084,webkit_network,0.0,0.430,119.594
2026-09-07T15:59:26.272960+00:00,343138.559,final-default-on-continuous,70105,webcontent,0.2,2.120,297.344
2026-09-07T15:59:26.272962+00:00,343138.559,final-default-on-continuous,70106,webkit_gpu,0.0,0.540,160.984
2026-09-07T15:59:26.272965+00:00,343138.559,final-default-on-continuous,70107,webcontent,0.0,3.670,278.859
2026-09-07T15:59:26.272967+00:00,343138.559,final-default-on-continuous,70108,webcontent,0.0,3.750,279.156
2026-09-07T15:59:26.272969+00:00,343138.559,final-default-on-continuous,70109,webcontent,0.0,3.730,278.828
2026-09-07T15:59:27.303531+00:00,343139.569,final-default-on-continuous,70070,reader,22.0,45.360,738.906
2026-09-07T15:59:27.303584+00:00,343139.569,final-default-on-continuous,70079,webcontent,0.0,3.240,278.312
2026-09-07T15:59:27.303590+00:00,343139.569,final-default-on-continuous,70080,webcontent,0.0,3.230,278.266
2026-09-07T15:59:27.303595+00:00,343139.569,final-default-on-continuous,70081,webcontent,0.0,3.390,278.312
2026-09-07T15:59:27.303599+00:00,343139.569,final-default-on-continuous,70082,webcontent,0.0,3.320,278.344
2026-09-07T15:59:27.303603+00:00,343139.569,final-default-on-continuous,70084,webkit_network,0.0,0.430,119.594
2026-09-07T15:59:27.303606+00:00,343139.569,final-default-on-continuous,70105,webcontent,0.0,2.120,297.344
2026-09-07T15:59:27.303609+00:00,343139.569,final-default-on-continuous,70106,webkit_gpu,0.0,0.540,160.984
2026-09-07T15:59:27.303612+00:00,343139.569,final-default-on-continuous,70107,webcontent,0.0,3.670,278.859
2026-09-07T15:59:27.303615+00:00,343139.569,final-default-on-continuous,70108,webcontent,0.0,3.750,279.156
2026-09-07T15:59:27.303618+00:00,343139.569,final-default-on-continuous,70109,webcontent,0.0,3.730,278.828
2026-09-07T15:59:28.312736+00:00,343140.580,final-default-on-continuous,70070,reader,18.4,45.460,753.516
2026-09-07T15:59:28.312795+00:00,343140.580,final-default-on-continuous,70079,webcontent,0.0,3.240,278.312
2026-09-07T15:59:28.312802+00:00,343140.580,final-default-on-continuous,70080,webcontent,0.0,3.230,278.266
2026-09-07T15:59:28.312806+00:00,343140.580,final-default-on-continuous,70081,webcontent,0.0,3.390,278.312
2026-09-07T15:59:28.312809+00:00,343140.580,final-default-on-continuous,70082,webcontent,0.0,3.320,278.344
2026-09-07T15:59:28.312813+00:00,343140.580,final-default-on-continuous,70084,webkit_network,0.0,0.430,119.594
2026-09-07T15:59:28.312816+00:00,343140.580,final-default-on-continuous,70105,webcontent,0.0,2.130,297.344
2026-09-07T15:59:28.312819+00:00,343140.580,final-default-on-continuous,70106,webkit_gpu,0.0,0.540,160.875
2026-09-07T15:59:28.312823+00:00,343140.580,final-default-on-continuous,70107,webcontent,0.0,3.670,278.859
2026-09-07T15:59:28.312827+00:00,343140.580,final-default-on-continuous,70108,webcontent,0.0,3.750,279.156
2026-09-07T15:59:28.312830+00:00,343140.580,final-default-on-continuous,70109,webcontent,0.0,3.730,278.828
2026-09-07T15:59:29.325581+00:00,343141.590,final-default-on-continuous,70070,reader,3.7,45.520,738.953
2026-09-07T15:59:29.325622+00:00,343141.590,final-default-on-continuous,70079,webcontent,0.0,3.240,278.312
2026-09-07T15:59:29.325629+00:00,343141.590,final-default-on-continuous,70080,webcontent,0.0,3.230,278.266
2026-09-07T15:59:29.325633+00:00,343141.590,final-default-on-continuous,70081,webcontent,0.0,3.390,278.312
2026-09-07T15:59:29.325636+00:00,343141.590,final-default-on-continuous,70082,webcontent,0.0,3.320,278.344
2026-09-07T15:59:29.325639+00:00,343141.590,final-default-on-continuous,70084,webkit_network,0.0,0.430,119.594
2026-09-07T15:59:29.325642+00:00,343141.590,final-default-on-continuous,70105,webcontent,0.0,2.130,297.344
2026-09-07T15:59:29.325645+00:00,343141.590,final-default-on-continuous,70106,webkit_gpu,0.0,0.540,160.875
2026-09-07T15:59:29.325648+00:00,343141.590,final-default-on-continuous,70107,webcontent,0.0,3.670,278.859
2026-09-07T15:59:29.325651+00:00,343141.590,final-default-on-continuous,70108,webcontent,0.0,3.750,279.156
2026-09-07T15:59:29.325654+00:00,343141.590,final-default-on-continuous,70109,webcontent,0.0,3.730,278.828
2026-09-07T15:59:30.334964+00:00,343142.600,final-default-on-continuous,70070,reader,8.9,45.630,738.969
2026-09-07T15:59:30.335007+00:00,343142.600,final-default-on-continuous,70079,webcontent,0.0,3.240,278.312
2026-09-07T15:59:30.335014+00:00,343142.600,final-default-on-continuous,70080,webcontent,0.0,3.230,278.266
2026-09-07T15:59:30.335018+00:00,343142.600,final-default-on-continuous,70081,webcontent,0.0,3.390,278.312
2026-09-07T15:59:30.335021+00:00,343142.600,final-default-on-continuous,70082,webcontent,0.0,3.320,278.344
2026-09-07T15:59:30.335025+00:00,343142.600,final-default-on-continuous,70084,webkit_network,0.0,0.430,119.594
2026-09-07T15:59:30.335028+00:00,343142.600,final-default-on-continuous,70105,webcontent,0.0,2.130,297.344
2026-09-07T15:59:30.335031+00:00,343142.600,final-default-on-continuous,70106,webkit_gpu,0.0,0.540,160.875
2026-09-07T15:59:30.335036+00:00,343142.600,final-default-on-continuous,70107,webcontent,0.0,3.670,278.859
2026-09-07T15:59:30.335039+00:00,343142.600,final-default-on-continuous,70108,webcontent,0.0,3.750,279.156
2026-09-07T15:59:30.335042+00:00,343142.600,final-default-on-continuous,70109,webcontent,0.0,3.730,278.828
2026-09-07T15:59:31.335458+00:00,343143.611,final-default-on-continuous,70070,reader,9.6,45.690,738.953
2026-09-07T15:59:31.335505+00:00,343143.611,final-default-on-continuous,70079,webcontent,0.0,3.240,278.312
2026-09-07T15:59:31.335510+00:00,343143.611,final-default-on-continuous,70080,webcontent,0.0,3.230,278.266
2026-09-07T15:59:31.335514+00:00,343143.611,final-default-on-continuous,70081,webcontent,0.0,3.390,278.312
2026-09-07T15:59:31.335517+00:00,343143.611,final-default-on-continuous,70082,webcontent,0.0,3.320,278.344
2026-09-07T15:59:31.335522+00:00,343143.611,final-default-on-continuous,70084,webkit_network,0.0,0.430,119.594
2026-09-07T15:59:31.335524+00:00,343143.611,final-default-on-continuous,70105,webcontent,0.0,2.130,297.250
2026-09-07T15:59:31.335527+00:00,343143.611,final-default-on-continuous,70106,webkit_gpu,0.0,0.540,160.859
2026-09-07T15:59:31.335530+00:00,343143.611,final-default-on-continuous,70107,webcontent,0.0,3.670,278.859
2026-09-07T15:59:31.335533+00:00,343143.611,final-default-on-continuous,70108,webcontent,0.0,3.750,279.156
2026-09-07T15:59:31.335535+00:00,343143.611,final-default-on-continuous,70109,webcontent,0.0,3.730,278.828
2026-09-07T15:59:32.356392+00:00,343144.621,final-default-on-continuous,70070,reader,3.5,45.770,739.047
2026-09-07T15:59:32.356434+00:00,343144.621,final-default-on-continuous,70079,webcontent,0.0,3.240,278.312
2026-09-07T15:59:32.356444+00:00,343144.621,final-default-on-continuous,70080,webcontent,0.0,3.230,278.266
2026-09-07T15:59:32.356447+00:00,343144.621,final-default-on-continuous,70081,webcontent,0.0,3.390,278.312
2026-09-07T15:59:32.356451+00:00,343144.621,final-default-on-continuous,70082,webcontent,0.0,3.320,278.344
2026-09-07T15:59:32.356454+00:00,343144.621,final-default-on-continuous,70084,webkit_network,0.0,0.430,119.594
2026-09-07T15:59:32.356457+00:00,343144.621,final-default-on-continuous,70105,webcontent,0.0,2.130,297.250
2026-09-07T15:59:32.356460+00:00,343144.621,final-default-on-continuous,70106,webkit_gpu,0.0,0.540,160.859
2026-09-07T15:59:32.356463+00:00,343144.621,final-default-on-continuous,70107,webcontent,0.0,3.670,278.859
2026-09-07T15:59:32.356466+00:00,343144.621,final-default-on-continuous,70108,webcontent,0.0,3.750,279.156
2026-09-07T15:59:32.356469+00:00,343144.621,final-default-on-continuous,70109,webcontent,0.0,3.730,278.828
2026-09-07T15:59:33.349750+00:00,343145.631,final-default-on-continuous,70070,reader,11.4,45.880,739.078
2026-09-07T15:59:33.349797+00:00,343145.631,final-default-on-continuous,70079,webcontent,0.0,3.240,278.312
2026-09-07T15:59:33.349804+00:00,343145.631,final-default-on-continuous,70080,webcontent,0.0,3.230,278.266
2026-09-07T15:59:33.349807+00:00,343145.631,final-default-on-continuous,70081,webcontent,0.0,3.390,278.312
2026-09-07T15:59:33.349811+00:00,343145.631,final-default-on-continuous,70082,webcontent,0.0,3.320,278.344
2026-09-07T15:59:33.349814+00:00,343145.631,final-default-on-continuous,70084,webkit_network,0.0,0.430,119.594
2026-09-07T15:59:33.349817+00:00,343145.631,final-default-on-continuous,70105,webcontent,0.0,2.130,297.250
2026-09-07T15:59:33.349820+00:00,343145.631,final-default-on-continuous,70106,webkit_gpu,0.0,0.540,160.859
2026-09-07T15:59:33.349822+00:00,343145.631,final-default-on-continuous,70107,webcontent,0.0,3.670,278.859
2026-09-07T15:59:33.349825+00:00,343145.631,final-default-on-continuous,70108,webcontent,0.0,3.750,279.156
2026-09-07T15:59:33.349828+00:00,343145.631,final-default-on-continuous,70109,webcontent,0.0,3.730,278.828
2026-09-07T15:59:34.371619+00:00,343146.642,final-default-on-continuous,70070,reader,1.0,45.930,738.984
2026-09-07T15:59:34.371665+00:00,343146.642,final-default-on-continuous,70079,webcontent,0.0,3.240,278.312
2026-09-07T15:59:34.371671+00:00,343146.642,final-default-on-continuous,70080,webcontent,0.0,3.230,278.266
2026-09-07T15:59:34.371677+00:00,343146.642,final-default-on-continuous,70081,webcontent,0.0,3.390,278.312
2026-09-07T15:59:34.371681+00:00,343146.642,final-default-on-continuous,70082,webcontent,0.0,3.320,278.344
2026-09-07T15:59:34.371685+00:00,343146.642,final-default-on-continuous,70084,webkit_network,0.0,0.430,119.594
2026-09-07T15:59:34.371689+00:00,343146.642,final-default-on-continuous,70105,webcontent,0.0,2.130,297.250
2026-09-07T15:59:34.371692+00:00,343146.642,final-default-on-continuous,70106,webkit_gpu,0.0,0.540,160.859
2026-09-07T15:59:34.371695+00:00,343146.642,final-default-on-continuous,70107,webcontent,0.0,3.670,278.859
2026-09-07T15:59:34.371698+00:00,343146.642,final-default-on-continuous,70108,webcontent,0.0,3.750,279.156
2026-09-07T15:59:34.371701+00:00,343146.642,final-default-on-continuous,70109,webcontent,0.0,3.730,278.828
2026-09-07T15:59:35.382815+00:00,343147.652,final-default-on-continuous,70070,reader,3.2,46.020,739.016
2026-09-07T15:59:35.382865+00:00,343147.652,final-default-on-continuous,70079,webcontent,0.0,3.240,278.312
2026-09-07T15:59:35.382871+00:00,343147.652,final-default-on-continuous,70080,webcontent,0.0,3.230,278.266
2026-09-07T15:59:35.382877+00:00,343147.652,final-default-on-continuous,70081,webcontent,0.0,3.390,278.312
2026-09-07T15:59:35.382880+00:00,343147.652,final-default-on-continuous,70082,webcontent,0.0,3.320,278.344
2026-09-07T15:59:35.382885+00:00,343147.652,final-default-on-continuous,70084,webkit_network,0.0,0.430,119.594
2026-09-07T15:59:35.382888+00:00,343147.652,final-default-on-continuous,70105,webcontent,0.0,2.130,297.250
2026-09-07T15:59:35.382891+00:00,343147.652,final-default-on-continuous,70106,webkit_gpu,0.0,0.540,160.859
2026-09-07T15:59:35.382894+00:00,343147.652,final-default-on-continuous,70107,webcontent,0.0,3.670,278.859
2026-09-07T15:59:35.382897+00:00,343147.652,final-default-on-continuous,70108,webcontent,0.0,3.750,279.156
2026-09-07T15:59:35.382900+00:00,343147.652,final-default-on-continuous,70109,webcontent,0.0,3.730,278.828
2026-09-07T15:59:36.373095+00:00,343148.662,final-default-on-continuous,70070,reader,9.3,46.120,753.609
2026-09-07T15:59:36.373137+00:00,343148.662,final-default-on-continuous,70079,webcontent,0.0,3.240,278.312
2026-09-07T15:59:36.373146+00:00,343148.662,final-default-on-continuous,70080,webcontent,0.0,3.230,278.266
2026-09-07T15:59:36.373149+00:00,343148.662,final-default-on-continuous,70081,webcontent,0.0,3.390,278.312
2026-09-07T15:59:36.373152+00:00,343148.662,final-default-on-continuous,70082,webcontent,0.0,3.320,278.344
2026-09-07T15:59:36.373155+00:00,343148.662,final-default-on-continuous,70084,webkit_network,0.0,0.430,119.594
2026-09-07T15:59:36.373158+00:00,343148.662,final-default-on-continuous,70105,webcontent,0.0,2.130,297.156
2026-09-07T15:59:36.373160+00:00,343148.662,final-default-on-continuous,70106,webkit_gpu,0.0,0.540,160.859
2026-09-07T15:59:36.373163+00:00,343148.662,final-default-on-continuous,70107,webcontent,0.0,3.670,278.859
2026-09-07T15:59:36.373166+00:00,343148.662,final-default-on-continuous,70108,webcontent,0.0,3.750,279.156
2026-09-07T15:59:36.373168+00:00,343148.662,final-default-on-continuous,70109,webcontent,0.0,3.730,278.828
2026-09-07T15:59:37.394807+00:00,343149.672,final-default-on-continuous,70070,reader,1.2,46.160,739.047
2026-09-07T15:59:37.394851+00:00,343149.672,final-default-on-continuous,70079,webcontent,0.0,3.240,278.312
2026-09-07T15:59:37.394857+00:00,343149.672,final-default-on-continuous,70080,webcontent,0.0,3.230,278.266
2026-09-07T15:59:37.394861+00:00,343149.672,final-default-on-continuous,70081,webcontent,0.0,3.390,278.312
2026-09-07T15:59:37.394864+00:00,343149.672,final-default-on-continuous,70082,webcontent,0.0,3.320,278.344
2026-09-07T15:59:37.394867+00:00,343149.672,final-default-on-continuous,70084,webkit_network,0.0,0.430,119.594
2026-09-07T15:59:37.394870+00:00,343149.672,final-default-on-continuous,70105,webcontent,0.0,2.130,297.156
2026-09-07T15:59:37.394873+00:00,343149.672,final-default-on-continuous,70106,webkit_gpu,0.0,0.540,160.859
2026-09-07T15:59:37.394877+00:00,343149.672,final-default-on-continuous,70107,webcontent,0.0,3.670,278.859
2026-09-07T15:59:37.394880+00:00,343149.672,final-default-on-continuous,70108,webcontent,0.0,3.750,279.156
2026-09-07T15:59:37.394883+00:00,343149.672,final-default-on-continuous,70109,webcontent,0.0,3.730,278.828
2026-09-07T15:59:38.414799+00:00,343150.683,final-default-on-continuous,70070,reader,3.4,46.260,739.047
2026-09-07T15:59:38.414843+00:00,343150.683,final-default-on-continuous,70079,webcontent,0.0,3.240,278.312
2026-09-07T15:59:38.414849+00:00,343150.683,final-default-on-continuous,70080,webcontent,0.0,3.230,278.266
2026-09-07T15:59:38.414853+00:00,343150.683,final-default-on-continuous,70081,webcontent,0.0,3.390,278.312
2026-09-07T15:59:38.414856+00:00,343150.683,final-default-on-continuous,70082,webcontent,0.0,3.320,278.344
2026-09-07T15:59:38.414861+00:00,343150.683,final-default-on-continuous,70084,webkit_network,0.0,0.430,119.578
2026-09-07T15:59:38.414864+00:00,343150.683,final-default-on-continuous,70105,webcontent,0.0,2.130,297.156
2026-09-07T15:59:38.414867+00:00,343150.683,final-default-on-continuous,70106,webkit_gpu,0.0,0.540,160.859
2026-09-07T15:59:38.414870+00:00,343150.683,final-default-on-continuous,70107,webcontent,0.0,3.670,278.859
2026-09-07T15:59:38.414873+00:00,343150.683,final-default-on-continuous,70108,webcontent,0.0,3.750,279.156
2026-09-07T15:59:38.414875+00:00,343150.683,final-default-on-continuous,70109,webcontent,0.0,3.730,278.828
2026-09-07T15:59:39.406277+00:00,343151.693,final-default-on-continuous,70070,reader,13.6,46.370,753.562
2026-09-07T15:59:39.406331+00:00,343151.693,final-default-on-continuous,70079,webcontent,0.0,3.240,278.312
2026-09-07T15:59:39.406338+00:00,343151.693,final-default-on-continuous,70080,webcontent,0.0,3.230,278.266
2026-09-07T15:59:39.406341+00:00,343151.693,final-default-on-continuous,70081,webcontent,0.0,3.390,278.312
2026-09-07T15:59:39.406344+00:00,343151.693,final-default-on-continuous,70082,webcontent,0.0,3.320,278.344
2026-09-07T15:59:39.406348+00:00,343151.693,final-default-on-continuous,70084,webkit_network,0.0,0.430,119.578
2026-09-07T15:59:39.406351+00:00,343151.693,final-default-on-continuous,70105,webcontent,0.0,2.130,297.156
2026-09-07T15:59:39.406354+00:00,343151.693,final-default-on-continuous,70106,webkit_gpu,0.0,0.540,160.844
2026-09-07T15:59:39.406356+00:00,343151.693,final-default-on-continuous,70107,webcontent,0.0,3.670,278.859
2026-09-07T15:59:39.406359+00:00,343151.693,final-default-on-continuous,70108,webcontent,0.0,3.750,279.156
2026-09-07T15:59:39.406362+00:00,343151.693,final-default-on-continuous,70109,webcontent,0.0,3.730,278.828
2026-09-07T15:59:40.433119+00:00,343152.703,final-default-on-continuous,70070,reader,42.5,47.000,744.984
2026-09-07T15:59:40.433163+00:00,343152.703,final-default-on-continuous,70079,webcontent,0.0,3.240,278.312
2026-09-07T15:59:40.433169+00:00,343152.703,final-default-on-continuous,70080,webcontent,0.0,3.230,278.266
2026-09-07T15:59:40.433173+00:00,343152.703,final-default-on-continuous,70081,webcontent,0.0,3.390,278.312
2026-09-07T15:59:40.433176+00:00,343152.703,final-default-on-continuous,70082,webcontent,0.0,3.320,278.344
2026-09-07T15:59:40.433180+00:00,343152.703,final-default-on-continuous,70084,webkit_network,0.0,0.430,119.594
2026-09-07T15:59:40.433183+00:00,343152.703,final-default-on-continuous,70105,webcontent,0.6,2.140,297.250
2026-09-07T15:59:40.433186+00:00,343152.703,final-default-on-continuous,70106,webkit_gpu,0.9,0.560,161.734
2026-09-07T15:59:40.433189+00:00,343152.703,final-default-on-continuous,70107,webcontent,0.0,3.670,278.859
2026-09-07T15:59:40.433191+00:00,343152.703,final-default-on-continuous,70108,webcontent,0.0,3.750,279.156
2026-09-07T15:59:40.433194+00:00,343152.703,final-default-on-continuous,70109,webcontent,0.0,3.730,278.828
2026-09-07T15:59:41.441512+00:00,343153.712,final-default-on-continuous,70070,reader,16.4,47.170,746.266
2026-09-07T15:59:41.441562+00:00,343153.712,final-default-on-continuous,70079,webcontent,0.0,3.240,278.312
2026-09-07T15:59:41.441568+00:00,343153.712,final-default-on-continuous,70080,webcontent,0.0,3.230,278.266
2026-09-07T15:59:41.441572+00:00,343153.712,final-default-on-continuous,70081,webcontent,0.0,3.390,278.312
2026-09-07T15:59:41.441575+00:00,343153.712,final-default-on-continuous,70082,webcontent,0.0,3.320,278.344
2026-09-07T15:59:41.441578+00:00,343153.712,final-default-on-continuous,70084,webkit_network,0.0,0.430,119.594
2026-09-07T15:59:41.441581+00:00,343153.712,final-default-on-continuous,70105,webcontent,0.0,2.140,297.266
2026-09-07T15:59:41.441584+00:00,343153.712,final-default-on-continuous,70106,webkit_gpu,0.0,0.560,161.734
2026-09-07T15:59:41.441589+00:00,343153.712,final-default-on-continuous,70107,webcontent,0.0,3.670,278.859
2026-09-07T15:59:41.441592+00:00,343153.712,final-default-on-continuous,70108,webcontent,0.0,3.750,279.156
2026-09-07T15:59:41.441595+00:00,343153.712,final-default-on-continuous,70109,webcontent,0.0,3.730,278.828
2026-09-07T15:59:42.422333+00:00,343154.722,final-default-on-continuous,70070,reader,15.9,47.330,761.141
2026-09-07T15:59:42.422372+00:00,343154.722,final-default-on-continuous,70079,webcontent,0.0,3.240,278.312
2026-09-07T15:59:42.422378+00:00,343154.722,final-default-on-continuous,70080,webcontent,0.0,3.230,278.266
2026-09-07T15:59:42.422380+00:00,343154.722,final-default-on-continuous,70081,webcontent,0.0,3.390,278.312
2026-09-07T15:59:42.422383+00:00,343154.722,final-default-on-continuous,70082,webcontent,0.0,3.320,278.344
2026-09-07T15:59:42.422386+00:00,343154.722,final-default-on-continuous,70084,webkit_network,0.0,0.430,119.594
2026-09-07T15:59:42.422388+00:00,343154.722,final-default-on-continuous,70105,webcontent,0.0,2.140,297.266
2026-09-07T15:59:42.422390+00:00,343154.722,final-default-on-continuous,70106,webkit_gpu,0.0,0.560,161.734
2026-09-07T15:59:42.422393+00:00,343154.722,final-default-on-continuous,70107,webcontent,0.0,3.670,278.859
2026-09-07T15:59:42.422396+00:00,343154.722,final-default-on-continuous,70108,webcontent,0.0,3.750,279.156
2026-09-07T15:59:42.422398+00:00,343154.722,final-default-on-continuous,70109,webcontent,0.0,3.730,278.828
2026-09-07T16:18:16.519023+00:00,344268.789,final-jianghu-off-continuous,72190,reader,54.8,13.930,768.266
2026-09-07T16:18:16.519071+00:00,344268.789,final-jianghu-off-continuous,72197,webcontent,0.0,4.450,278.453
2026-09-07T16:18:16.519079+00:00,344268.789,final-jianghu-off-continuous,72198,webcontent,0.0,4.300,278.469
2026-09-07T16:18:16.519083+00:00,344268.789,final-jianghu-off-continuous,72199,webcontent,0.0,4.460,278.656
2026-09-07T16:18:16.519087+00:00,344268.789,final-jianghu-off-continuous,72200,webcontent,0.0,4.290,278.406
2026-09-07T16:18:16.519091+00:00,344268.789,final-jianghu-off-continuous,72202,webkit_network,0.0,0.380,119.375
2026-09-07T16:18:17.491730+00:00,344269.790,final-jianghu-off-continuous,72190,reader,20.5,14.310,758.844
2026-09-07T16:18:17.491769+00:00,344269.790,final-jianghu-off-continuous,72197,webcontent,0.0,4.450,278.453
2026-09-07T16:18:17.491773+00:00,344269.790,final-jianghu-off-continuous,72198,webcontent,0.0,4.300,278.469
2026-09-07T16:18:17.491776+00:00,344269.790,final-jianghu-off-continuous,72199,webcontent,0.0,4.460,278.656
2026-09-07T16:18:17.491778+00:00,344269.790,final-jianghu-off-continuous,72200,webcontent,0.0,4.290,278.406
2026-09-07T16:18:17.491782+00:00,344269.790,final-jianghu-off-continuous,72202,webkit_network,0.0,0.380,119.375
2026-09-07T16:18:18.518148+00:00,344270.800,final-jianghu-off-continuous,72190,reader,19.7,14.660,749.797
2026-09-07T16:18:18.518241+00:00,344270.800,final-jianghu-off-continuous,72197,webcontent,0.0,4.450,278.453
2026-09-07T16:18:18.518245+00:00,344270.800,final-jianghu-off-continuous,72198,webcontent,0.0,4.300,278.469
2026-09-07T16:18:18.518248+00:00,344270.800,final-jianghu-off-continuous,72199,webcontent,0.0,4.460,278.656
2026-09-07T16:18:18.518252+00:00,344270.800,final-jianghu-off-continuous,72200,webcontent,0.0,4.290,278.406
2026-09-07T16:18:18.518255+00:00,344270.800,final-jianghu-off-continuous,72202,webkit_network,0.0,0.380,119.344
2026-09-07T16:18:19.531771+00:00,344271.810,final-jianghu-off-continuous,72190,reader,12.7,14.770,730.359
2026-09-07T16:18:19.531824+00:00,344271.810,final-jianghu-off-continuous,72197,webcontent,0.0,4.450,278.453
2026-09-07T16:18:19.531829+00:00,344271.810,final-jianghu-off-continuous,72198,webcontent,0.0,4.300,278.469
2026-09-07T16:18:19.531832+00:00,344271.810,final-jianghu-off-continuous,72199,webcontent,0.0,4.460,278.656
2026-09-07T16:18:19.531835+00:00,344271.810,final-jianghu-off-continuous,72200,webcontent,0.0,4.290,278.406
2026-09-07T16:18:19.531838+00:00,344271.810,final-jianghu-off-continuous,72202,webkit_network,0.0,0.380,119.344
2026-09-07T16:18:20.554038+00:00,344272.821,final-jianghu-off-continuous,72190,reader,18.6,15.130,761.219
2026-09-07T16:18:20.554078+00:00,344272.821,final-jianghu-off-continuous,72197,webcontent,0.0,4.450,278.453
2026-09-07T16:18:20.554083+00:00,344272.821,final-jianghu-off-continuous,72198,webcontent,0.0,4.300,278.469
2026-09-07T16:18:20.554087+00:00,344272.821,final-jianghu-off-continuous,72199,webcontent,0.0,4.460,278.656
2026-09-07T16:18:20.554091+00:00,344272.821,final-jianghu-off-continuous,72200,webcontent,0.0,4.290,278.406
2026-09-07T16:18:20.554094+00:00,344272.821,final-jianghu-off-continuous,72202,webkit_network,0.0,0.380,119.344
2026-09-07T16:18:21.540416+00:00,344273.831,final-jianghu-off-continuous,72190,reader,36.0,15.460,746.844
2026-09-07T16:18:21.540463+00:00,344273.831,final-jianghu-off-continuous,72197,webcontent,0.0,4.450,278.453
2026-09-07T16:18:21.540468+00:00,344273.831,final-jianghu-off-continuous,72198,webcontent,0.0,4.300,278.469
2026-09-07T16:18:21.540473+00:00,344273.831,final-jianghu-off-continuous,72199,webcontent,0.0,4.460,278.656
2026-09-07T16:18:21.540476+00:00,344273.831,final-jianghu-off-continuous,72200,webcontent,0.0,4.290,278.406
2026-09-07T16:18:21.540480+00:00,344273.831,final-jianghu-off-continuous,72202,webkit_network,0.0,0.380,119.344
2026-09-07T16:18:22.568961+00:00,344274.841,final-jianghu-off-continuous,72190,reader,2.8,15.570,732.297
2026-09-07T16:18:22.569006+00:00,344274.841,final-jianghu-off-continuous,72197,webcontent,0.0,4.450,278.453
2026-09-07T16:18:22.569011+00:00,344274.841,final-jianghu-off-continuous,72198,webcontent,0.0,4.300,278.469
2026-09-07T16:18:22.569014+00:00,344274.841,final-jianghu-off-continuous,72199,webcontent,0.0,4.460,278.656
2026-09-07T16:18:22.569017+00:00,344274.841,final-jianghu-off-continuous,72200,webcontent,0.0,4.290,278.406
2026-09-07T16:18:22.569021+00:00,344274.841,final-jianghu-off-continuous,72202,webkit_network,0.0,0.380,119.344
2026-09-07T16:18:23.585763+00:00,344275.852,final-jianghu-off-continuous,72190,reader,23.1,15.950,762.969
2026-09-07T16:18:23.585803+00:00,344275.852,final-jianghu-off-continuous,72197,webcontent,0.0,4.450,278.453
2026-09-07T16:18:23.585808+00:00,344275.852,final-jianghu-off-continuous,72198,webcontent,0.0,4.300,278.469
2026-09-07T16:18:23.585813+00:00,344275.852,final-jianghu-off-continuous,72199,webcontent,0.0,4.460,278.656
2026-09-07T16:18:23.585816+00:00,344275.852,final-jianghu-off-continuous,72200,webcontent,0.0,4.290,278.406
2026-09-07T16:18:23.585820+00:00,344275.852,final-jianghu-off-continuous,72202,webkit_network,0.0,0.380,119.344
2026-09-07T16:18:24.572099+00:00,344276.862,final-jianghu-off-continuous,72190,reader,49.2,16.190,747.875
2026-09-07T16:18:24.572138+00:00,344276.862,final-jianghu-off-continuous,72197,webcontent,0.0,4.450,278.453
2026-09-07T16:18:24.572142+00:00,344276.862,final-jianghu-off-continuous,72198,webcontent,0.0,4.300,278.469
2026-09-07T16:18:24.572146+00:00,344276.862,final-jianghu-off-continuous,72199,webcontent,0.0,4.460,278.656
2026-09-07T16:18:24.572149+00:00,344276.862,final-jianghu-off-continuous,72200,webcontent,0.0,4.290,278.406
2026-09-07T16:18:24.572153+00:00,344276.862,final-jianghu-off-continuous,72202,webkit_network,0.0,0.380,119.344
2026-09-07T16:18:25.603130+00:00,344277.872,final-jianghu-off-continuous,72190,reader,10.7,16.350,763.391
2026-09-07T16:18:25.603173+00:00,344277.872,final-jianghu-off-continuous,72197,webcontent,0.0,4.450,278.453
2026-09-07T16:18:25.603186+00:00,344277.872,final-jianghu-off-continuous,72198,webcontent,0.0,4.300,278.469
2026-09-07T16:18:25.603190+00:00,344277.872,final-jianghu-off-continuous,72199,webcontent,0.0,4.460,278.656
2026-09-07T16:18:25.603193+00:00,344277.872,final-jianghu-off-continuous,72200,webcontent,0.0,4.290,278.406
2026-09-07T16:18:25.603198+00:00,344277.872,final-jianghu-off-continuous,72202,webkit_network,0.0,0.380,119.344
2026-09-07T16:18:26.616287+00:00,344278.883,final-jianghu-off-continuous,72190,reader,38.7,16.720,763.578
2026-09-07T16:18:26.616337+00:00,344278.883,final-jianghu-off-continuous,72197,webcontent,0.0,4.450,278.453
2026-09-07T16:18:26.616343+00:00,344278.883,final-jianghu-off-continuous,72198,webcontent,0.0,4.300,278.469
2026-09-07T16:18:26.616347+00:00,344278.883,final-jianghu-off-continuous,72199,webcontent,0.0,4.460,278.656
2026-09-07T16:18:26.616351+00:00,344278.883,final-jianghu-off-continuous,72200,webcontent,0.0,4.290,278.406
2026-09-07T16:18:26.616354+00:00,344278.883,final-jianghu-off-continuous,72202,webkit_network,0.0,0.380,119.344
2026-09-07T16:18:27.610849+00:00,344279.893,final-jianghu-off-continuous,72190,reader,57.3,16.980,778.234
2026-09-07T16:18:27.610891+00:00,344279.893,final-jianghu-off-continuous,72197,webcontent,0.0,4.450,278.453
2026-09-07T16:18:27.610895+00:00,344279.893,final-jianghu-off-continuous,72198,webcontent,0.0,4.300,278.469
2026-09-07T16:18:27.610900+00:00,344279.893,final-jianghu-off-continuous,72199,webcontent,0.0,4.460,278.656
2026-09-07T16:18:27.610903+00:00,344279.893,final-jianghu-off-continuous,72200,webcontent,0.0,4.290,278.406
2026-09-07T16:18:27.610906+00:00,344279.893,final-jianghu-off-continuous,72202,webkit_network,0.0,0.380,119.344
2026-09-07T16:18:28.637520+00:00,344280.904,final-jianghu-off-continuous,72190,reader,20.9,17.340,765.516
2026-09-07T16:18:28.637560+00:00,344280.904,final-jianghu-off-continuous,72197,webcontent,0.0,4.450,278.453
2026-09-07T16:18:28.637566+00:00,344280.904,final-jianghu-off-continuous,72198,webcontent,0.0,4.300,278.469
2026-09-07T16:18:28.637570+00:00,344280.904,final-jianghu-off-continuous,72199,webcontent,0.0,4.460,278.656
2026-09-07T16:18:28.637573+00:00,344280.904,final-jianghu-off-continuous,72200,webcontent,0.0,4.290,278.406
2026-09-07T16:18:28.637577+00:00,344280.904,final-jianghu-off-continuous,72202,webkit_network,0.0,0.380,119.344
2026-09-07T16:18:29.646583+00:00,344281.914,final-jianghu-off-continuous,72190,reader,43.2,17.750,766.203
2026-09-07T16:18:29.646639+00:00,344281.914,final-jianghu-off-continuous,72197,webcontent,0.0,4.450,277.031
2026-09-07T16:18:29.646645+00:00,344281.914,final-jianghu-off-continuous,72198,webcontent,0.0,4.300,276.953
2026-09-07T16:18:29.646649+00:00,344281.914,final-jianghu-off-continuous,72199,webcontent,0.0,4.460,276.547
2026-09-07T16:18:29.646652+00:00,344281.914,final-jianghu-off-continuous,72200,webcontent,0.0,4.290,275.484
2026-09-07T16:18:29.646657+00:00,344281.914,final-jianghu-off-continuous,72202,webkit_network,0.0,0.380,119.344
2026-09-07T16:18:30.642968+00:00,344282.924,final-jianghu-off-continuous,72190,reader,22.3,17.910,768.422
2026-09-07T16:18:30.643018+00:00,344282.924,final-jianghu-off-continuous,72197,webcontent,0.0,4.450,277.031
2026-09-07T16:18:30.643023+00:00,344282.924,final-jianghu-off-continuous,72198,webcontent,0.0,4.300,276.953
2026-09-07T16:18:30.643027+00:00,344282.924,final-jianghu-off-continuous,72199,webcontent,0.0,4.460,276.547
2026-09-07T16:18:30.643030+00:00,344282.924,final-jianghu-off-continuous,72200,webcontent,0.0,4.290,275.484
2026-09-07T16:18:30.643034+00:00,344282.924,final-jianghu-off-continuous,72202,webkit_network,0.0,0.380,119.344
2026-09-07T16:18:31.667809+00:00,344283.935,final-jianghu-off-continuous,72190,reader,15.2,18.170,766.281
2026-09-07T16:18:31.667856+00:00,344283.935,final-jianghu-off-continuous,72197,webcontent,0.0,4.450,273.469
2026-09-07T16:18:31.667862+00:00,344283.935,final-jianghu-off-continuous,72198,webcontent,0.0,4.300,274.078
2026-09-07T16:18:31.667867+00:00,344283.935,final-jianghu-off-continuous,72199,webcontent,0.0,4.460,273.188
2026-09-07T16:18:31.667871+00:00,344283.935,final-jianghu-off-continuous,72200,webcontent,0.0,4.290,273.328
2026-09-07T16:18:31.667875+00:00,344283.935,final-jianghu-off-continuous,72202,webkit_network,0.0,0.380,119.312
2026-09-07T16:18:32.660250+00:00,344284.943,final-jianghu-off-continuous,72190,reader,17.1,18.420,750.641
2026-09-07T16:18:32.660297+00:00,344284.943,final-jianghu-off-continuous,72197,webcontent,0.0,4.450,273.469
2026-09-07T16:18:32.660303+00:00,344284.943,final-jianghu-off-continuous,72198,webcontent,0.0,4.300,274.078
2026-09-07T16:18:32.660306+00:00,344284.943,final-jianghu-off-continuous,72199,webcontent,0.0,4.460,273.188
2026-09-07T16:18:32.660309+00:00,344284.943,final-jianghu-off-continuous,72200,webcontent,0.0,4.290,273.328
2026-09-07T16:18:32.660313+00:00,344284.943,final-jianghu-off-continuous,72202,webkit_network,0.0,0.380,119.312
2026-09-07T16:18:33.666335+00:00,344285.953,final-jianghu-off-continuous,72190,reader,9.9,18.860,737.656
2026-09-07T16:18:33.666381+00:00,344285.953,final-jianghu-off-continuous,72197,webcontent,0.0,4.450,270.828
2026-09-07T16:18:33.666386+00:00,344285.953,final-jianghu-off-continuous,72198,webcontent,0.0,4.300,270.766
2026-09-07T16:18:33.666391+00:00,344285.953,final-jianghu-off-continuous,72199,webcontent,0.0,4.460,270.391
2026-09-07T16:18:33.666394+00:00,344285.953,final-jianghu-off-continuous,72200,webcontent,0.0,4.290,270.609
2026-09-07T16:18:33.666398+00:00,344285.953,final-jianghu-off-continuous,72202,webkit_network,0.0,0.380,119.312
2026-09-07T16:18:34.695461+00:00,344286.963,final-jianghu-off-continuous,72190,reader,21.6,19.240,768.328
2026-09-07T16:18:34.695502+00:00,344286.963,final-jianghu-off-continuous,72197,webcontent,0.0,4.450,269.844
2026-09-07T16:18:34.695514+00:00,344286.963,final-jianghu-off-continuous,72198,webcontent,0.0,4.300,270.047
2026-09-07T16:18:34.695520+00:00,344286.963,final-jianghu-off-continuous,72199,webcontent,0.0,4.460,269.297
2026-09-07T16:18:34.695523+00:00,344286.963,final-jianghu-off-continuous,72200,webcontent,0.0,4.290,269.688
2026-09-07T16:18:34.695528+00:00,344286.963,final-jianghu-off-continuous,72202,webkit_network,0.0,0.380,119.312
2026-09-07T16:18:35.696166+00:00,344287.971,final-jianghu-off-continuous,72190,reader,69.0,19.540,737.203
2026-09-07T16:18:35.696213+00:00,344287.971,final-jianghu-off-continuous,72197,webcontent,0.0,4.450,259.938
2026-09-07T16:18:35.696219+00:00,344287.971,final-jianghu-off-continuous,72198,webcontent,0.0,4.300,257.719
2026-09-07T16:18:35.696222+00:00,344287.971,final-jianghu-off-continuous,72199,webcontent,0.0,4.460,259.766
2026-09-07T16:18:35.696225+00:00,344287.971,final-jianghu-off-continuous,72200,webcontent,0.0,4.290,260.844
2026-09-07T16:18:35.696252+00:00,344287.971,final-jianghu-off-continuous,72202,webkit_network,0.0,0.380,116.344
2026-09-07T16:18:36.683554+00:00,344288.975,final-jianghu-off-continuous,72190,reader,11.1,19.680,699.062
2026-09-07T16:18:36.683598+00:00,344288.975,final-jianghu-off-continuous,72197,webcontent,0.0,4.450,257.281
2026-09-07T16:18:36.683603+00:00,344288.975,final-jianghu-off-continuous,72198,webcontent,0.0,4.300,257.312
2026-09-07T16:18:36.683607+00:00,344288.975,final-jianghu-off-continuous,72199,webcontent,0.0,4.460,257.469
2026-09-07T16:18:36.683610+00:00,344288.975,final-jianghu-off-continuous,72200,webcontent,0.0,4.290,257.297
2026-09-07T16:18:36.683613+00:00,344288.975,final-jianghu-off-continuous,72202,webkit_network,0.0,0.380,115.000
2026-09-07T16:18:37.680847+00:00,344289.975,final-jianghu-off-continuous,72190,reader,33.3,20.040,700.750
2026-09-07T16:18:37.680897+00:00,344289.975,final-jianghu-off-continuous,72197,webcontent,0.0,4.450,257.281
2026-09-07T16:18:37.680902+00:00,344289.975,final-jianghu-off-continuous,72198,webcontent,0.0,4.300,257.312
2026-09-07T16:18:37.680907+00:00,344289.975,final-jianghu-off-continuous,72199,webcontent,0.0,4.460,257.469
2026-09-07T16:18:37.680910+00:00,344289.975,final-jianghu-off-continuous,72200,webcontent,0.0,4.290,257.297
2026-09-07T16:18:37.680913+00:00,344289.975,final-jianghu-off-continuous,72202,webkit_network,0.0,0.380,115.000
2026-09-07T16:18:38.697986+00:00,344290.979,final-jianghu-off-continuous,72190,reader,17.5,20.260,715.688
2026-09-07T16:18:38.698045+00:00,344290.979,final-jianghu-off-continuous,72197,webcontent,0.0,4.450,257.281
2026-09-07T16:18:38.698050+00:00,344290.979,final-jianghu-off-continuous,72198,webcontent,0.0,4.300,257.312
2026-09-07T16:18:38.698053+00:00,344290.979,final-jianghu-off-continuous,72199,webcontent,0.0,4.460,257.469
2026-09-07T16:18:38.698056+00:00,344290.979,final-jianghu-off-continuous,72200,webcontent,0.0,4.290,257.297
2026-09-07T16:18:38.698059+00:00,344290.979,final-jianghu-off-continuous,72202,webkit_network,0.0,0.380,115.000
2026-09-07T16:18:39.724142+00:00,344291.985,final-jianghu-off-continuous,72190,reader,10.9,20.440,701.156
2026-09-07T16:18:39.724188+00:00,344291.985,final-jianghu-off-continuous,72197,webcontent,0.0,4.450,257.281
2026-09-07T16:18:39.724193+00:00,344291.985,final-jianghu-off-continuous,72198,webcontent,0.0,4.300,257.312
2026-09-07T16:18:39.724198+00:00,344291.985,final-jianghu-off-continuous,72199,webcontent,0.0,4.460,257.469
2026-09-07T16:18:39.724201+00:00,344291.985,final-jianghu-off-continuous,72200,webcontent,0.0,4.290,257.297
2026-09-07T16:18:39.724205+00:00,344291.985,final-jianghu-off-continuous,72202,webkit_network,0.0,0.380,115.000
2026-09-07T16:18:40.713248+00:00,344292.988,final-jianghu-off-continuous,72190,reader,28.6,20.740,685.797
2026-09-07T16:18:40.713321+00:00,344292.988,final-jianghu-off-continuous,72197,webcontent,0.0,4.450,257.281
2026-09-07T16:18:40.713326+00:00,344292.988,final-jianghu-off-continuous,72198,webcontent,0.0,4.300,257.312
2026-09-07T16:18:40.713331+00:00,344292.988,final-jianghu-off-continuous,72199,webcontent,0.0,4.460,257.469
2026-09-07T16:18:40.713334+00:00,344292.988,final-jianghu-off-continuous,72200,webcontent,0.0,4.290,257.297
2026-09-07T16:18:40.713337+00:00,344292.988,final-jianghu-off-continuous,72202,webkit_network,0.0,0.380,115.000
2026-09-07T16:18:41.716942+00:00,344293.990,final-jianghu-off-continuous,72190,reader,13.0,20.960,671.234
2026-09-07T16:18:41.717023+00:00,344293.990,final-jianghu-off-continuous,72197,webcontent,0.0,4.450,257.281
2026-09-07T16:18:41.717028+00:00,344293.990,final-jianghu-off-continuous,72198,webcontent,0.0,4.300,257.312
2026-09-07T16:18:41.717033+00:00,344293.990,final-jianghu-off-continuous,72199,webcontent,0.0,4.460,257.469
2026-09-07T16:18:41.717036+00:00,344293.990,final-jianghu-off-continuous,72200,webcontent,0.0,4.290,257.297
2026-09-07T16:18:41.717039+00:00,344293.990,final-jianghu-off-continuous,72202,webkit_network,0.0,0.380,115.000
2026-09-07T16:18:42.728802+00:00,344294.992,final-jianghu-off-continuous,72190,reader,18.9,21.330,701.391
2026-09-07T16:18:42.728866+00:00,344294.992,final-jianghu-off-continuous,72197,webcontent,0.0,4.450,257.281
2026-09-07T16:18:42.728872+00:00,344294.992,final-jianghu-off-continuous,72198,webcontent,0.0,4.300,257.312
2026-09-07T16:18:42.728877+00:00,344294.992,final-jianghu-off-continuous,72199,webcontent,0.0,4.460,257.469
2026-09-07T16:18:42.728881+00:00,344294.992,final-jianghu-off-continuous,72200,webcontent,0.0,4.290,257.297
2026-09-07T16:18:42.728884+00:00,344294.992,final-jianghu-off-continuous,72202,webkit_network,0.0,0.380,115.000
2026-09-07T16:18:43.707743+00:00,344295.997,final-jianghu-off-continuous,72190,reader,46.3,21.610,686.062
2026-09-07T16:18:43.707784+00:00,344295.997,final-jianghu-off-continuous,72197,webcontent,0.0,4.450,257.281
2026-09-07T16:18:43.707790+00:00,344295.997,final-jianghu-off-continuous,72198,webcontent,0.0,4.300,257.312
2026-09-07T16:18:43.707795+00:00,344295.997,final-jianghu-off-continuous,72199,webcontent,0.0,4.460,257.469
2026-09-07T16:18:43.707798+00:00,344295.997,final-jianghu-off-continuous,72200,webcontent,0.0,4.290,257.297
2026-09-07T16:18:43.707801+00:00,344295.997,final-jianghu-off-continuous,72202,webkit_network,0.0,0.380,115.000
2026-09-07T16:18:44.737672+00:00,344297.003,final-jianghu-off-continuous,72190,reader,4.1,21.710,701.531
2026-09-07T16:18:44.737733+00:00,344297.003,final-jianghu-off-continuous,72197,webcontent,0.0,4.450,257.281
2026-09-07T16:18:44.737739+00:00,344297.003,final-jianghu-off-continuous,72198,webcontent,0.0,4.300,257.312
2026-09-07T16:18:44.737744+00:00,344297.003,final-jianghu-off-continuous,72199,webcontent,0.0,4.460,257.469
2026-09-07T16:18:44.737747+00:00,344297.003,final-jianghu-off-continuous,72200,webcontent,0.0,4.290,257.297
2026-09-07T16:18:44.737750+00:00,344297.003,final-jianghu-off-continuous,72202,webkit_network,0.0,0.380,115.000
2026-09-07T16:18:45.717348+00:00,344298.008,final-jianghu-off-continuous,72190,reader,27.4,22.080,701.531
2026-09-07T16:18:45.717403+00:00,344298.008,final-jianghu-off-continuous,72197,webcontent,0.0,4.450,257.281
2026-09-07T16:18:45.717408+00:00,344298.008,final-jianghu-off-continuous,72198,webcontent,0.0,4.300,257.312
2026-09-07T16:18:45.717412+00:00,344298.008,final-jianghu-off-continuous,72199,webcontent,0.0,4.460,257.469
2026-09-07T16:18:45.717415+00:00,344298.008,final-jianghu-off-continuous,72200,webcontent,0.0,4.290,257.297
2026-09-07T16:18:45.717417+00:00,344298.008,final-jianghu-off-continuous,72202,webkit_network,0.0,0.380,115.000
2026-09-07T16:18:46.725706+00:00,344299.013,final-jianghu-off-continuous,72190,reader,54.1,22.350,686.219
2026-09-07T16:18:46.725758+00:00,344299.013,final-jianghu-off-continuous,72197,webcontent,0.0,4.450,257.281
2026-09-07T16:18:46.725763+00:00,344299.013,final-jianghu-off-continuous,72198,webcontent,0.0,4.300,257.312
2026-09-07T16:18:46.725768+00:00,344299.013,final-jianghu-off-continuous,72199,webcontent,0.0,4.460,257.469
2026-09-07T16:18:46.725771+00:00,344299.013,final-jianghu-off-continuous,72200,webcontent,0.0,4.290,257.297
2026-09-07T16:18:46.725774+00:00,344299.013,final-jianghu-off-continuous,72202,webkit_network,0.0,0.380,115.000
2026-09-07T16:18:47.746754+00:00,344300.018,final-jianghu-off-continuous,72190,reader,44.6,22.910,704.062
2026-09-07T16:18:47.746821+00:00,344300.018,final-jianghu-off-continuous,72197,webcontent,0.0,4.450,257.281
2026-09-07T16:18:47.746828+00:00,344300.018,final-jianghu-off-continuous,72198,webcontent,0.0,4.300,257.312
2026-09-07T16:18:47.746833+00:00,344300.018,final-jianghu-off-continuous,72199,webcontent,0.0,4.460,257.469
2026-09-07T16:18:47.746836+00:00,344300.018,final-jianghu-off-continuous,72200,webcontent,0.0,4.290,257.297
2026-09-07T16:18:47.746840+00:00,344300.018,final-jianghu-off-continuous,72202,webkit_network,0.0,0.380,115.000
2026-09-07T16:18:48.745832+00:00,344301.023,final-jianghu-off-continuous,72190,reader,22.5,23.210,704.562
2026-09-07T16:18:48.745888+00:00,344301.023,final-jianghu-off-continuous,72197,webcontent,0.0,4.450,257.281
2026-09-07T16:18:48.745894+00:00,344301.023,final-jianghu-off-continuous,72198,webcontent,0.0,4.300,257.312
2026-09-07T16:18:48.745898+00:00,344301.023,final-jianghu-off-continuous,72199,webcontent,0.0,4.460,257.469
2026-09-07T16:18:48.745901+00:00,344301.023,final-jianghu-off-continuous,72200,webcontent,0.0,4.290,257.297
2026-09-07T16:18:48.745904+00:00,344301.023,final-jianghu-off-continuous,72202,webkit_network,0.0,0.380,115.000
2026-09-07T16:18:49.739783+00:00,344302.025,final-jianghu-off-continuous,72190,reader,81.2,23.530,719.500
2026-09-07T16:18:49.739831+00:00,344302.025,final-jianghu-off-continuous,72197,webcontent,0.0,4.450,257.281
2026-09-07T16:18:49.739838+00:00,344302.025,final-jianghu-off-continuous,72198,webcontent,0.0,4.300,257.312
2026-09-07T16:18:49.739842+00:00,344302.025,final-jianghu-off-continuous,72199,webcontent,0.0,4.460,257.469
2026-09-07T16:18:49.739845+00:00,344302.025,final-jianghu-off-continuous,72200,webcontent,0.0,4.290,257.297
2026-09-07T16:18:49.739848+00:00,344302.025,final-jianghu-off-continuous,72202,webkit_network,0.0,0.380,115.000
2026-09-07T16:18:50.767454+00:00,344303.031,final-jianghu-off-continuous,72190,reader,11.3,23.680,704.969
2026-09-07T16:18:50.767511+00:00,344303.031,final-jianghu-off-continuous,72197,webcontent,0.0,4.450,257.281
2026-09-07T16:18:50.767516+00:00,344303.031,final-jianghu-off-continuous,72198,webcontent,0.0,4.300,257.312
2026-09-07T16:18:50.767520+00:00,344303.031,final-jianghu-off-continuous,72199,webcontent,0.0,4.460,257.469
2026-09-07T16:18:50.767523+00:00,344303.031,final-jianghu-off-continuous,72200,webcontent,0.0,4.290,257.297
2026-09-07T16:18:50.767527+00:00,344303.031,final-jianghu-off-continuous,72202,webkit_network,0.0,0.380,115.000
2026-09-07T16:18:51.750416+00:00,344304.034,final-jianghu-off-continuous,72190,reader,27.6,24.060,695.078
2026-09-07T16:18:51.750562+00:00,344304.034,final-jianghu-off-continuous,72197,webcontent,0.0,4.450,257.281
2026-09-07T16:18:51.750567+00:00,344304.034,final-jianghu-off-continuous,72198,webcontent,0.0,4.300,257.312
2026-09-07T16:18:51.750574+00:00,344304.034,final-jianghu-off-continuous,72199,webcontent,0.0,4.460,257.469
2026-09-07T16:18:51.750576+00:00,344304.034,final-jianghu-off-continuous,72200,webcontent,0.0,4.290,257.297
2026-09-07T16:18:51.750580+00:00,344304.034,final-jianghu-off-continuous,72202,webkit_network,0.0,0.380,115.000
2026-09-07T16:18:52.752800+00:00,344305.039,final-jianghu-off-continuous,72190,reader,21.4,24.230,682.688
2026-09-07T16:18:52.752875+00:00,344305.039,final-jianghu-off-continuous,72197,webcontent,0.0,4.450,257.281
2026-09-07T16:18:52.752881+00:00,344305.039,final-jianghu-off-continuous,72198,webcontent,0.0,4.300,257.312
2026-09-07T16:18:52.752885+00:00,344305.039,final-jianghu-off-continuous,72199,webcontent,0.0,4.460,257.469
2026-09-07T16:18:52.752888+00:00,344305.039,final-jianghu-off-continuous,72200,webcontent,0.0,4.290,257.297
2026-09-07T16:18:52.752891+00:00,344305.039,final-jianghu-off-continuous,72202,webkit_network,0.0,0.380,115.000
2026-09-07T16:18:53.773449+00:00,344306.044,final-jianghu-off-continuous,72190,reader,9.1,24.520,705.016
2026-09-07T16:18:53.773495+00:00,344306.044,final-jianghu-off-continuous,72197,webcontent,0.0,4.450,257.281
2026-09-07T16:18:53.773502+00:00,344306.044,final-jianghu-off-continuous,72198,webcontent,0.0,4.300,257.312
2026-09-07T16:18:53.773506+00:00,344306.044,final-jianghu-off-continuous,72199,webcontent,0.0,4.460,257.469
2026-09-07T16:18:53.773511+00:00,344306.044,final-jianghu-off-continuous,72200,webcontent,0.0,4.290,257.297
2026-09-07T16:18:53.773514+00:00,344306.044,final-jianghu-off-continuous,72202,webkit_network,0.0,0.380,115.000
2026-09-07T16:18:54.751659+00:00,344307.049,final-jianghu-off-continuous,72190,reader,27.2,24.820,689.656
2026-09-07T16:18:54.751695+00:00,344307.049,final-jianghu-off-continuous,72197,webcontent,0.0,4.450,257.281
2026-09-07T16:18:54.751699+00:00,344307.049,final-jianghu-off-continuous,72198,webcontent,0.0,4.300,257.312
2026-09-07T16:18:54.751702+00:00,344307.049,final-jianghu-off-continuous,72199,webcontent,0.0,4.460,257.469
2026-09-07T16:18:54.751706+00:00,344307.049,final-jianghu-off-continuous,72200,webcontent,0.0,4.290,257.297
2026-09-07T16:18:54.751709+00:00,344307.049,final-jianghu-off-continuous,72202,webkit_network,0.0,0.380,115.000
2026-09-07T16:18:55.769762+00:00,344308.054,final-jianghu-off-continuous,72190,reader,15.5,25.010,675.094
2026-09-07T16:18:55.769819+00:00,344308.054,final-jianghu-off-continuous,72197,webcontent,0.0,4.450,257.281
2026-09-07T16:18:55.769827+00:00,344308.054,final-jianghu-off-continuous,72198,webcontent,0.0,4.300,257.312
2026-09-07T16:18:55.769831+00:00,344308.054,final-jianghu-off-continuous,72199,webcontent,0.0,4.460,257.469
2026-09-07T16:18:55.769834+00:00,344308.054,final-jianghu-off-continuous,72200,webcontent,0.0,4.290,257.297
2026-09-07T16:18:55.769837+00:00,344308.054,final-jianghu-off-continuous,72202,webkit_network,0.0,0.380,115.000
2026-09-07T16:18:56.797578+00:00,344309.060,final-jianghu-off-continuous,72190,reader,16.9,25.360,705.172
2026-09-07T16:18:56.797643+00:00,344309.060,final-jianghu-off-continuous,72197,webcontent,0.0,4.450,257.281
2026-09-07T16:18:56.797648+00:00,344309.060,final-jianghu-off-continuous,72198,webcontent,0.0,4.300,257.312
2026-09-07T16:18:56.797652+00:00,344309.060,final-jianghu-off-continuous,72199,webcontent,0.0,4.460,257.469
2026-09-07T16:18:56.797655+00:00,344309.060,final-jianghu-off-continuous,72200,webcontent,0.0,4.290,257.297
2026-09-07T16:18:56.797658+00:00,344309.060,final-jianghu-off-continuous,72202,webkit_network,0.0,0.380,115.000
2026-09-07T16:18:57.791169+00:00,344310.065,final-jianghu-off-continuous,72190,reader,42.6,25.670,689.812
2026-09-07T16:18:57.791214+00:00,344310.065,final-jianghu-off-continuous,72197,webcontent,0.0,4.450,257.281
2026-09-07T16:18:57.791220+00:00,344310.065,final-jianghu-off-continuous,72198,webcontent,0.0,4.300,257.312
2026-09-07T16:18:57.791223+00:00,344310.065,final-jianghu-off-continuous,72199,webcontent,0.0,4.460,257.469
2026-09-07T16:18:57.791227+00:00,344310.065,final-jianghu-off-continuous,72200,webcontent,0.0,4.290,257.297
2026-09-07T16:18:57.791230+00:00,344310.065,final-jianghu-off-continuous,72202,webkit_network,0.0,0.380,115.000
2026-09-07T16:18:58.800299+00:00,344311.070,final-jianghu-off-continuous,72190,reader,3.8,25.780,705.281
2026-09-07T16:18:58.800360+00:00,344311.070,final-jianghu-off-continuous,72197,webcontent,0.0,4.450,257.281
2026-09-07T16:18:58.800366+00:00,344311.070,final-jianghu-off-continuous,72198,webcontent,0.0,4.300,257.312
2026-09-07T16:18:58.800371+00:00,344311.070,final-jianghu-off-continuous,72199,webcontent,0.0,4.460,257.469
2026-09-07T16:18:58.800375+00:00,344311.070,final-jianghu-off-continuous,72200,webcontent,0.0,4.290,257.297
2026-09-07T16:18:58.800378+00:00,344311.070,final-jianghu-off-continuous,72202,webkit_network,0.0,0.380,115.000
2026-09-07T16:18:59.814844+00:00,344312.074,final-jianghu-off-continuous,72190,reader,28.2,26.190,705.391
2026-09-07T16:18:59.814899+00:00,344312.074,final-jianghu-off-continuous,72197,webcontent,0.0,4.450,257.281
2026-09-07T16:18:59.814904+00:00,344312.074,final-jianghu-off-continuous,72198,webcontent,0.0,4.300,257.312
2026-09-07T16:18:59.814908+00:00,344312.074,final-jianghu-off-continuous,72199,webcontent,0.0,4.460,257.469
2026-09-07T16:18:59.814911+00:00,344312.074,final-jianghu-off-continuous,72200,webcontent,0.0,4.290,257.297
2026-09-07T16:18:59.814916+00:00,344312.074,final-jianghu-off-continuous,72202,webkit_network,0.0,0.380,115.000
2026-09-07T16:19:00.783272+00:00,344313.075,final-jianghu-off-continuous,72190,reader,42.6,26.570,689.875
2026-09-07T16:19:00.783319+00:00,344313.075,final-jianghu-off-continuous,72197,webcontent,0.0,4.450,257.281
2026-09-07T16:19:00.783323+00:00,344313.075,final-jianghu-off-continuous,72198,webcontent,0.0,4.300,257.312
2026-09-07T16:19:00.783328+00:00,344313.075,final-jianghu-off-continuous,72199,webcontent,0.0,4.460,257.469
2026-09-07T16:19:00.783330+00:00,344313.075,final-jianghu-off-continuous,72200,webcontent,0.0,4.290,257.297
2026-09-07T16:19:00.783333+00:00,344313.075,final-jianghu-off-continuous,72202,webkit_network,0.0,0.380,115.000
2026-09-07T16:19:01.818443+00:00,344314.081,final-jianghu-off-continuous,72190,reader,33.3,27.170,706.375
2026-09-07T16:19:01.818498+00:00,344314.081,final-jianghu-off-continuous,72197,webcontent,0.0,4.450,257.281
2026-09-07T16:19:01.818504+00:00,344314.081,final-jianghu-off-continuous,72198,webcontent,0.0,4.300,257.312
2026-09-07T16:19:01.818509+00:00,344314.081,final-jianghu-off-continuous,72199,webcontent,0.0,4.460,257.469
2026-09-07T16:19:01.818512+00:00,344314.081,final-jianghu-off-continuous,72200,webcontent,0.0,4.290,257.297
2026-09-07T16:19:01.818516+00:00,344314.081,final-jianghu-off-continuous,72202,webkit_network,0.0,0.380,115.000
2026-09-07T16:19:02.818752+00:00,344315.082,final-jianghu-off-continuous,72190,reader,43.4,27.580,706.688
2026-09-07T16:19:02.818820+00:00,344315.082,final-jianghu-off-continuous,72197,webcontent,0.0,4.450,257.281
2026-09-07T16:19:02.818826+00:00,344315.082,final-jianghu-off-continuous,72198,webcontent,0.0,4.300,257.312
2026-09-07T16:19:02.818831+00:00,344315.082,final-jianghu-off-continuous,72199,webcontent,0.0,4.460,257.469
2026-09-07T16:19:02.818834+00:00,344315.082,final-jianghu-off-continuous,72200,webcontent,0.0,4.290,257.297
2026-09-07T16:19:02.818838+00:00,344315.082,final-jianghu-off-continuous,72202,webkit_network,0.0,0.380,115.000
2026-09-07T16:19:03.813306+00:00,344316.087,final-jianghu-off-continuous,72190,reader,78.1,27.910,721.703
2026-09-07T16:19:03.813391+00:00,344316.087,final-jianghu-off-continuous,72197,webcontent,0.0,4.450,257.281
2026-09-07T16:19:03.813399+00:00,344316.087,final-jianghu-off-continuous,72198,webcontent,0.0,4.300,257.312
2026-09-07T16:19:03.813404+00:00,344316.087,final-jianghu-off-continuous,72199,webcontent,0.0,4.460,257.469
2026-09-07T16:19:03.813407+00:00,344316.087,final-jianghu-off-continuous,72200,webcontent,0.0,4.290,257.297
2026-09-07T16:19:03.813410+00:00,344316.087,final-jianghu-off-continuous,72202,webkit_network,0.0,0.380,115.000
2026-09-07T16:19:04.815813+00:00,344317.092,final-jianghu-off-continuous,72190,reader,6.4,28.030,707.141
2026-09-07T16:19:04.815858+00:00,344317.092,final-jianghu-off-continuous,72197,webcontent,0.0,4.450,257.281
2026-09-07T16:19:04.815863+00:00,344317.092,final-jianghu-off-continuous,72198,webcontent,0.0,4.300,257.312
2026-09-07T16:19:04.815868+00:00,344317.092,final-jianghu-off-continuous,72199,webcontent,0.0,4.460,257.469
2026-09-07T16:19:04.815871+00:00,344317.092,final-jianghu-off-continuous,72200,webcontent,0.0,4.290,257.297
2026-09-07T16:19:04.815874+00:00,344317.092,final-jianghu-off-continuous,72202,webkit_network,0.0,0.380,115.000
2026-09-07T16:19:05.827202+00:00,344318.098,final-jianghu-off-continuous,72190,reader,34.5,28.400,707.266
2026-09-07T16:19:05.827265+00:00,344318.098,final-jianghu-off-continuous,72197,webcontent,0.0,4.450,257.281
2026-09-07T16:19:05.827270+00:00,344318.098,final-jianghu-off-continuous,72198,webcontent,0.0,4.300,257.312
2026-09-07T16:19:05.827276+00:00,344318.098,final-jianghu-off-continuous,72199,webcontent,0.0,4.460,257.469
2026-09-07T16:19:05.827280+00:00,344318.098,final-jianghu-off-continuous,72200,webcontent,0.0,4.290,257.297
2026-09-07T16:19:05.827283+00:00,344318.098,final-jianghu-off-continuous,72202,webkit_network,0.0,0.380,115.000
2026-09-07T16:19:06.830550+00:00,344319.103,final-jianghu-off-continuous,72190,reader,37.3,28.750,721.906
2026-09-07T16:19:06.830609+00:00,344319.103,final-jianghu-off-continuous,72197,webcontent,0.0,4.450,257.281
2026-09-07T16:19:06.830616+00:00,344319.103,final-jianghu-off-continuous,72198,webcontent,0.0,4.300,257.312
2026-09-07T16:19:06.830621+00:00,344319.103,final-jianghu-off-continuous,72199,webcontent,0.0,4.460,257.469
2026-09-07T16:19:06.830624+00:00,344319.103,final-jianghu-off-continuous,72200,webcontent,0.0,4.290,257.297
2026-09-07T16:19:06.830628+00:00,344319.103,final-jianghu-off-continuous,72202,webkit_network,0.0,0.380,115.000
2026-09-07T16:19:07.845865+00:00,344320.108,final-jianghu-off-continuous,72190,reader,9.8,28.860,707.312
2026-09-07T16:19:07.845921+00:00,344320.108,final-jianghu-off-continuous,72197,webcontent,0.0,4.450,257.281
2026-09-07T16:19:07.845925+00:00,344320.108,final-jianghu-off-continuous,72198,webcontent,0.0,4.300,257.312
2026-09-07T16:19:07.845930+00:00,344320.108,final-jianghu-off-continuous,72199,webcontent,0.0,4.460,257.469
2026-09-07T16:19:07.845933+00:00,344320.108,final-jianghu-off-continuous,72200,webcontent,0.0,4.290,257.297
2026-09-07T16:19:07.845937+00:00,344320.108,final-jianghu-off-continuous,72202,webkit_network,0.0,0.380,115.000
2026-09-07T16:19:08.838327+00:00,344321.114,final-jianghu-off-continuous,72190,reader,24.1,29.200,697.609
2026-09-07T16:19:08.838423+00:00,344321.114,final-jianghu-off-continuous,72197,webcontent,0.0,4.450,257.281
2026-09-07T16:19:08.838433+00:00,344321.114,final-jianghu-off-continuous,72198,webcontent,0.0,4.300,257.312
2026-09-07T16:19:08.838438+00:00,344321.114,final-jianghu-off-continuous,72199,webcontent,0.0,4.460,257.469
2026-09-07T16:19:08.838441+00:00,344321.114,final-jianghu-off-continuous,72200,webcontent,0.0,4.290,257.297
2026-09-07T16:19:08.838446+00:00,344321.114,final-jianghu-off-continuous,72202,webkit_network,0.0,0.380,115.000
2026-09-07T16:19:09.842476+00:00,344322.119,final-jianghu-off-continuous,72190,reader,12.9,29.370,709.438
2026-09-07T16:19:09.842532+00:00,344322.119,final-jianghu-off-continuous,72197,webcontent,0.0,4.450,257.281
2026-09-07T16:19:09.842536+00:00,344322.119,final-jianghu-off-continuous,72198,webcontent,0.0,4.300,257.312
2026-09-07T16:19:09.842541+00:00,344322.119,final-jianghu-off-continuous,72199,webcontent,0.0,4.460,257.469
2026-09-07T16:19:09.842543+00:00,344322.119,final-jianghu-off-continuous,72200,webcontent,0.0,4.290,257.297
2026-09-07T16:19:09.842547+00:00,344322.119,final-jianghu-off-continuous,72202,webkit_network,0.0,0.380,115.000
2026-09-07T16:19:10.861190+00:00,344323.124,final-jianghu-off-continuous,72190,reader,19.5,29.720,707.438
2026-09-07T16:19:10.861251+00:00,344323.124,final-jianghu-off-continuous,72197,webcontent,0.0,4.450,257.281
2026-09-07T16:19:10.861256+00:00,344323.124,final-jianghu-off-continuous,72198,webcontent,0.0,4.300,257.312
2026-09-07T16:19:10.861261+00:00,344323.124,final-jianghu-off-continuous,72199,webcontent,0.0,4.460,257.469
2026-09-07T16:19:10.861264+00:00,344323.124,final-jianghu-off-continuous,72200,webcontent,0.0,4.290,257.297
2026-09-07T16:19:10.861268+00:00,344323.124,final-jianghu-off-continuous,72202,webkit_network,0.0,0.380,115.000
2026-09-07T16:19:11.846936+00:00,344324.129,final-jianghu-off-continuous,72190,reader,29.7,30.000,691.969
2026-09-07T16:19:11.846997+00:00,344324.129,final-jianghu-off-continuous,72197,webcontent,0.0,4.450,257.281
2026-09-07T16:19:11.847002+00:00,344324.129,final-jianghu-off-continuous,72198,webcontent,0.0,4.300,257.312
2026-09-07T16:19:11.847006+00:00,344324.129,final-jianghu-off-continuous,72199,webcontent,0.0,4.460,257.469
2026-09-07T16:19:11.847009+00:00,344324.129,final-jianghu-off-continuous,72200,webcontent,0.0,4.290,257.297
2026-09-07T16:19:11.847013+00:00,344324.129,final-jianghu-off-continuous,72202,webkit_network,0.0,0.380,115.000
2026-09-07T16:19:12.848262+00:00,344325.134,final-jianghu-off-continuous,72190,reader,2.9,30.150,677.406
2026-09-07T16:19:12.848306+00:00,344325.134,final-jianghu-off-continuous,72197,webcontent,0.0,4.450,257.281
2026-09-07T16:19:12.848312+00:00,344325.134,final-jianghu-off-continuous,72198,webcontent,0.0,4.300,257.312
2026-09-07T16:19:12.848317+00:00,344325.134,final-jianghu-off-continuous,72199,webcontent,0.0,4.460,257.469
2026-09-07T16:19:12.848321+00:00,344325.134,final-jianghu-off-continuous,72200,webcontent,0.0,4.290,257.297
2026-09-07T16:19:12.848324+00:00,344325.134,final-jianghu-off-continuous,72202,webkit_network,0.0,0.380,115.000
2026-09-07T16:19:13.859956+00:00,344326.139,final-jianghu-off-continuous,72190,reader,122.3,31.010,709.188
2026-09-07T16:19:13.860002+00:00,344326.139,final-jianghu-off-continuous,72197,webcontent,0.0,4.450,257.281
2026-09-07T16:19:13.860007+00:00,344326.139,final-jianghu-off-continuous,72198,webcontent,0.0,4.300,257.312
2026-09-07T16:19:13.860013+00:00,344326.139,final-jianghu-off-continuous,72199,webcontent,0.0,4.460,257.469
2026-09-07T16:19:13.860016+00:00,344326.139,final-jianghu-off-continuous,72200,webcontent,0.0,4.290,257.297
2026-09-07T16:19:13.860020+00:00,344326.139,final-jianghu-off-continuous,72202,webkit_network,0.0,0.380,115.000
2026-09-07T16:19:14.851498+00:00,344327.144,final-jianghu-off-continuous,72190,reader,49.2,31.320,694.078
2026-09-07T16:19:14.851537+00:00,344327.144,final-jianghu-off-continuous,72197,webcontent,0.0,4.450,257.281
2026-09-07T16:19:14.851542+00:00,344327.144,final-jianghu-off-continuous,72198,webcontent,0.0,4.300,257.312
2026-09-07T16:19:14.851547+00:00,344327.144,final-jianghu-off-continuous,72199,webcontent,0.0,4.460,257.469
2026-09-07T16:19:14.851550+00:00,344327.144,final-jianghu-off-continuous,72200,webcontent,0.0,4.290,257.297
2026-09-07T16:19:14.851553+00:00,344327.144,final-jianghu-off-continuous,72202,webkit_network,0.0,0.380,115.000
2026-09-07T16:19:15.884951+00:00,344328.149,final-jianghu-off-continuous,72190,reader,4.1,31.450,679.625
2026-09-07T16:19:15.885011+00:00,344328.149,final-jianghu-off-continuous,72197,webcontent,0.0,4.450,257.281
2026-09-07T16:19:15.885017+00:00,344328.149,final-jianghu-off-continuous,72198,webcontent,0.0,4.300,257.312
2026-09-07T16:19:15.885021+00:00,344328.149,final-jianghu-off-continuous,72199,webcontent,0.0,4.460,257.469
2026-09-07T16:19:15.885024+00:00,344328.149,final-jianghu-off-continuous,72200,webcontent,0.0,4.290,257.297
2026-09-07T16:19:15.885027+00:00,344328.149,final-jianghu-off-continuous,72202,webkit_network,0.0,0.380,115.000
2026-09-07T16:19:16.874389+00:00,344329.155,final-jianghu-off-continuous,72190,reader,25.6,31.820,709.781
2026-09-07T16:19:16.874446+00:00,344329.155,final-jianghu-off-continuous,72197,webcontent,0.0,4.450,257.281
2026-09-07T16:19:16.874453+00:00,344329.155,final-jianghu-off-continuous,72198,webcontent,0.0,4.300,257.312
2026-09-07T16:19:16.874457+00:00,344329.155,final-jianghu-off-continuous,72199,webcontent,0.0,4.460,257.469
2026-09-07T16:19:16.874460+00:00,344329.155,final-jianghu-off-continuous,72200,webcontent,0.0,4.290,257.297
2026-09-07T16:19:16.874464+00:00,344329.155,final-jianghu-off-continuous,72202,webkit_network,0.0,0.380,115.000
2026-09-07T16:19:17.865300+00:00,344330.160,final-jianghu-off-continuous,72190,reader,58.0,32.160,694.391
2026-09-07T16:19:17.865334+00:00,344330.160,final-jianghu-off-continuous,72197,webcontent,0.0,4.450,257.281
2026-09-07T16:19:17.865338+00:00,344330.160,final-jianghu-off-continuous,72198,webcontent,0.0,4.300,257.312
2026-09-07T16:19:17.865342+00:00,344330.160,final-jianghu-off-continuous,72199,webcontent,0.0,4.460,257.469
2026-09-07T16:19:17.865344+00:00,344330.160,final-jianghu-off-continuous,72200,webcontent,0.0,4.290,257.297
2026-09-07T16:19:17.865348+00:00,344330.160,final-jianghu-off-continuous,72202,webkit_network,0.0,0.380,115.000
2026-09-07T16:19:18.897219+00:00,344331.165,final-jianghu-off-continuous,72190,reader,3.8,32.290,709.609
2026-09-07T16:19:18.897274+00:00,344331.165,final-jianghu-off-continuous,72197,webcontent,0.0,4.450,257.281
2026-09-07T16:19:18.897279+00:00,344331.165,final-jianghu-off-continuous,72198,webcontent,0.0,4.300,257.312
2026-09-07T16:19:18.897284+00:00,344331.165,final-jianghu-off-continuous,72199,webcontent,0.0,4.460,257.469
2026-09-07T16:19:18.897287+00:00,344331.165,final-jianghu-off-continuous,72200,webcontent,0.0,4.290,257.297
2026-09-07T16:19:18.897290+00:00,344331.165,final-jianghu-off-continuous,72202,webkit_network,0.0,0.380,115.000
2026-09-07T16:19:19.904431+00:00,344332.170,final-jianghu-off-continuous,72190,reader,25.1,32.690,709.656
2026-09-07T16:19:19.904479+00:00,344332.170,final-jianghu-off-continuous,72197,webcontent,0.0,4.450,257.281
2026-09-07T16:19:19.904484+00:00,344332.170,final-jianghu-off-continuous,72198,webcontent,0.0,4.300,257.312
2026-09-07T16:19:19.904488+00:00,344332.170,final-jianghu-off-continuous,72199,webcontent,0.0,4.460,257.469
2026-09-07T16:19:19.904491+00:00,344332.170,final-jianghu-off-continuous,72200,webcontent,0.0,4.290,257.297
2026-09-07T16:19:19.904496+00:00,344332.170,final-jianghu-off-continuous,72202,webkit_network,0.0,0.380,115.000
2026-09-07T16:19:20.878798+00:00,344333.175,final-jianghu-off-continuous,72190,reader,50.4,32.980,694.188
2026-09-07T16:19:20.878838+00:00,344333.175,final-jianghu-off-continuous,72197,webcontent,0.0,4.450,257.281
2026-09-07T16:19:20.878842+00:00,344333.175,final-jianghu-off-continuous,72198,webcontent,0.0,4.300,257.312
2026-09-07T16:19:20.878846+00:00,344333.175,final-jianghu-off-continuous,72199,webcontent,0.0,4.460,257.469
2026-09-07T16:19:20.878849+00:00,344333.175,final-jianghu-off-continuous,72200,webcontent,0.0,4.290,257.297
2026-09-07T16:19:20.878851+00:00,344333.175,final-jianghu-off-continuous,72202,webkit_network,0.0,0.380,115.000
2026-09-07T16:19:21.913406+00:00,344334.180,final-jianghu-off-continuous,72190,reader,4.6,33.100,709.656
2026-09-07T16:19:21.913480+00:00,344334.180,final-jianghu-off-continuous,72197,webcontent,0.0,4.450,257.281
2026-09-07T16:19:21.913486+00:00,344334.180,final-jianghu-off-continuous,72198,webcontent,0.0,4.300,257.312
2026-09-07T16:19:21.913492+00:00,344334.180,final-jianghu-off-continuous,72199,webcontent,0.0,4.460,257.469
2026-09-07T16:19:21.913495+00:00,344334.180,final-jianghu-off-continuous,72200,webcontent,0.0,4.290,257.297
2026-09-07T16:19:21.913498+00:00,344334.180,final-jianghu-off-continuous,72202,webkit_network,0.0,0.380,115.000
2026-09-07T16:19:22.921830+00:00,344335.186,final-jianghu-off-continuous,72190,reader,34.6,33.510,709.734
2026-09-07T16:19:22.921896+00:00,344335.186,final-jianghu-off-continuous,72197,webcontent,0.0,4.450,257.281
2026-09-07T16:19:22.921902+00:00,344335.186,final-jianghu-off-continuous,72198,webcontent,0.0,4.300,257.312
2026-09-07T16:19:22.921906+00:00,344335.186,final-jianghu-off-continuous,72199,webcontent,0.0,4.460,257.469
2026-09-07T16:19:22.921909+00:00,344335.186,final-jianghu-off-continuous,72200,webcontent,0.0,4.290,257.297
2026-09-07T16:19:22.921913+00:00,344335.186,final-jianghu-off-continuous,72202,webkit_network,0.0,0.380,115.000
2026-09-07T16:19:23.907205+00:00,344336.191,final-jianghu-off-continuous,72190,reader,68.4,33.810,724.328
2026-09-07T16:19:23.907246+00:00,344336.191,final-jianghu-off-continuous,72197,webcontent,0.0,4.450,257.281
2026-09-07T16:19:23.907251+00:00,344336.191,final-jianghu-off-continuous,72198,webcontent,0.0,4.300,257.312
2026-09-07T16:19:23.907256+00:00,344336.191,final-jianghu-off-continuous,72199,webcontent,0.0,4.460,257.469
2026-09-07T16:19:23.907258+00:00,344336.191,final-jianghu-off-continuous,72200,webcontent,0.0,4.290,257.297
2026-09-07T16:19:23.907261+00:00,344336.191,final-jianghu-off-continuous,72202,webkit_network,0.0,0.380,115.000
2026-09-07T16:19:24.918192+00:00,344337.196,final-jianghu-off-continuous,72190,reader,7.2,33.940,709.750
2026-09-07T16:19:24.918246+00:00,344337.196,final-jianghu-off-continuous,72197,webcontent,0.0,4.450,257.281
2026-09-07T16:19:24.918252+00:00,344337.196,final-jianghu-off-continuous,72198,webcontent,0.0,4.300,257.312
2026-09-07T16:19:24.918257+00:00,344337.196,final-jianghu-off-continuous,72199,webcontent,0.0,4.460,257.469
2026-09-07T16:19:24.918261+00:00,344337.196,final-jianghu-off-continuous,72200,webcontent,0.0,4.290,257.297
2026-09-07T16:19:24.918264+00:00,344337.196,final-jianghu-off-continuous,72202,webkit_network,0.0,0.380,115.000
2026-09-07T16:19:25.927864+00:00,344338.202,final-jianghu-off-continuous,72190,reader,61.1,34.450,802.094
2026-09-07T16:19:25.927909+00:00,344338.202,final-jianghu-off-continuous,72197,webcontent,0.0,4.450,257.281
2026-09-07T16:19:25.927915+00:00,344338.202,final-jianghu-off-continuous,72198,webcontent,0.0,4.300,257.312
2026-09-07T16:19:25.927918+00:00,344338.202,final-jianghu-off-continuous,72199,webcontent,0.0,4.460,257.469
2026-09-07T16:19:25.927921+00:00,344338.202,final-jianghu-off-continuous,72200,webcontent,0.0,4.290,257.297
2026-09-07T16:19:25.927923+00:00,344338.202,final-jianghu-off-continuous,72202,webkit_network,0.0,0.380,115.000
2026-09-07T16:19:26.934214+00:00,344339.207,final-jianghu-off-continuous,72190,reader,60.2,35.110,725.359
2026-09-07T16:19:26.934261+00:00,344339.207,final-jianghu-off-continuous,72197,webcontent,0.0,4.450,257.281
2026-09-07T16:19:26.934267+00:00,344339.207,final-jianghu-off-continuous,72198,webcontent,0.0,4.300,257.312
2026-09-07T16:19:26.934271+00:00,344339.207,final-jianghu-off-continuous,72199,webcontent,0.0,4.460,257.469
2026-09-07T16:19:26.934274+00:00,344339.207,final-jianghu-off-continuous,72200,webcontent,0.0,4.290,257.297
2026-09-07T16:19:26.934277+00:00,344339.207,final-jianghu-off-continuous,72202,webkit_network,0.0,0.380,115.000
2026-09-07T16:19:27.950214+00:00,344340.212,final-jianghu-off-continuous,72190,reader,7.7,35.230,710.797
2026-09-07T16:19:27.950273+00:00,344340.212,final-jianghu-off-continuous,72197,webcontent,0.0,4.450,257.281
2026-09-07T16:19:27.950279+00:00,344340.212,final-jianghu-off-continuous,72198,webcontent,0.0,4.300,257.312
2026-09-07T16:19:27.950284+00:00,344340.212,final-jianghu-off-continuous,72199,webcontent,0.0,4.460,257.469
2026-09-07T16:19:27.950287+00:00,344340.212,final-jianghu-off-continuous,72200,webcontent,0.0,4.290,257.297
2026-09-07T16:19:27.950290+00:00,344340.212,final-jianghu-off-continuous,72202,webkit_network,0.0,0.380,115.000
2026-09-07T16:19:28.929910+00:00,344341.217,final-jianghu-off-continuous,72190,reader,27.3,35.630,717.188
2026-09-07T16:19:28.929958+00:00,344341.217,final-jianghu-off-continuous,72197,webcontent,0.0,4.450,257.281
2026-09-07T16:19:28.929964+00:00,344341.217,final-jianghu-off-continuous,72198,webcontent,0.0,4.300,257.312
2026-09-07T16:19:28.929969+00:00,344341.217,final-jianghu-off-continuous,72199,webcontent,0.0,4.460,257.469
2026-09-07T16:19:28.929972+00:00,344341.217,final-jianghu-off-continuous,72200,webcontent,0.0,4.290,257.297
2026-09-07T16:19:28.929975+00:00,344341.217,final-jianghu-off-continuous,72202,webkit_network,0.0,0.380,115.000
2026-09-07T16:19:29.949012+00:00,344342.222,final-jianghu-off-continuous,72190,reader,15.5,35.790,713.219
2026-09-07T16:19:29.949085+00:00,344342.222,final-jianghu-off-continuous,72197,webcontent,0.0,4.450,257.281
2026-09-07T16:19:29.949092+00:00,344342.222,final-jianghu-off-continuous,72198,webcontent,0.0,4.300,257.312
2026-09-07T16:19:29.949096+00:00,344342.222,final-jianghu-off-continuous,72199,webcontent,0.0,4.460,257.469
2026-09-07T16:19:29.949098+00:00,344342.222,final-jianghu-off-continuous,72200,webcontent,0.0,4.290,257.297
2026-09-07T16:19:29.949101+00:00,344342.222,final-jianghu-off-continuous,72202,webkit_network,0.0,0.380,115.000
2026-09-07T16:19:30.958379+00:00,344343.227,final-jianghu-off-continuous,72190,reader,10.6,36.080,711.078
2026-09-07T16:19:30.958423+00:00,344343.227,final-jianghu-off-continuous,72197,webcontent,0.0,4.450,257.281
2026-09-07T16:19:30.958428+00:00,344343.227,final-jianghu-off-continuous,72198,webcontent,0.0,4.300,257.312
2026-09-07T16:19:30.958432+00:00,344343.227,final-jianghu-off-continuous,72199,webcontent,0.0,4.460,257.469
2026-09-07T16:19:30.958437+00:00,344343.227,final-jianghu-off-continuous,72200,webcontent,0.0,4.290,257.297
2026-09-07T16:19:30.958440+00:00,344343.227,final-jianghu-off-continuous,72202,webkit_network,0.0,0.380,115.000
2026-09-07T16:19:31.961003+00:00,344344.233,final-jianghu-off-continuous,72190,reader,24.6,36.370,695.719
2026-09-07T16:19:31.961072+00:00,344344.233,final-jianghu-off-continuous,72197,webcontent,0.0,4.450,257.281
2026-09-07T16:19:31.961078+00:00,344344.233,final-jianghu-off-continuous,72198,webcontent,0.0,4.300,257.312
2026-09-07T16:19:31.961083+00:00,344344.233,final-jianghu-off-continuous,72199,webcontent,0.0,4.460,257.469
2026-09-07T16:19:31.961086+00:00,344344.233,final-jianghu-off-continuous,72200,webcontent,0.0,4.290,257.297
2026-09-07T16:19:31.961089+00:00,344344.233,final-jianghu-off-continuous,72202,webkit_network,0.0,0.380,115.000
2026-09-07T16:19:32.950589+00:00,344345.233,final-jianghu-off-continuous,72190,reader,12.1,36.530,681.172
2026-09-07T16:19:32.950640+00:00,344345.233,final-jianghu-off-continuous,72197,webcontent,0.0,4.450,257.281
2026-09-07T16:19:32.950645+00:00,344345.233,final-jianghu-off-continuous,72198,webcontent,0.0,4.300,257.312
2026-09-07T16:19:32.950648+00:00,344345.233,final-jianghu-off-continuous,72199,webcontent,0.0,4.460,257.469
2026-09-07T16:19:32.950653+00:00,344345.233,final-jianghu-off-continuous,72200,webcontent,0.0,4.290,257.297
2026-09-07T16:19:32.950656+00:00,344345.233,final-jianghu-off-continuous,72202,webkit_network,0.0,0.380,115.000
2026-09-07T16:28:29.027709+00:00,344881.316,final-jianghu-on-continuous,73705,reader,100.4,27.920,767.594
2026-09-07T16:28:29.027757+00:00,344881.316,final-jianghu-on-continuous,73741,webcontent,0.0,4.760,278.297
2026-09-07T16:28:29.027762+00:00,344881.316,final-jianghu-on-continuous,73743,webcontent,0.0,4.890,278.672
2026-09-07T16:28:29.027766+00:00,344881.316,final-jianghu-on-continuous,73744,webcontent,0.0,4.890,278.141
2026-09-07T16:28:29.027768+00:00,344881.316,final-jianghu-on-continuous,73746,webcontent,0.0,4.700,278.344
2026-09-07T16:28:29.027771+00:00,344881.316,final-jianghu-on-continuous,73750,webkit_network,0.0,0.400,119.422
2026-09-07T16:28:29.027774+00:00,344881.316,final-jianghu-on-continuous,73783,webcontent,0.0,2.040,294.500
2026-09-07T16:28:29.027777+00:00,344881.316,final-jianghu-on-continuous,73784,webkit_gpu,0.0,0.410,153.312
2026-09-07T16:28:29.027779+00:00,344881.316,final-jianghu-on-continuous,73785,webcontent,0.0,3.410,279.125
2026-09-07T16:28:29.027782+00:00,344881.316,final-jianghu-on-continuous,73786,webcontent,0.0,3.400,279.078
2026-09-07T16:28:29.027784+00:00,344881.316,final-jianghu-on-continuous,73787,webcontent,0.0,3.510,278.859
2026-09-07T16:28:30.043773+00:00,344882.324,final-jianghu-on-continuous,73705,reader,170.3,29.530,776.453
2026-09-07T16:28:30.043820+00:00,344882.324,final-jianghu-on-continuous,73741,webcontent,0.0,4.760,278.297
2026-09-07T16:28:30.043824+00:00,344882.324,final-jianghu-on-continuous,73743,webcontent,0.0,4.890,278.672
2026-09-07T16:28:30.043828+00:00,344882.324,final-jianghu-on-continuous,73744,webcontent,0.0,4.890,278.141
2026-09-07T16:28:30.043830+00:00,344882.324,final-jianghu-on-continuous,73746,webcontent,0.0,4.700,278.344
2026-09-07T16:28:30.043833+00:00,344882.324,final-jianghu-on-continuous,73750,webkit_network,0.1,0.400,119.422
2026-09-07T16:28:30.043836+00:00,344882.324,final-jianghu-on-continuous,73783,webcontent,1.8,2.050,295.156
2026-09-07T16:28:30.043838+00:00,344882.324,final-jianghu-on-continuous,73784,webkit_gpu,0.4,0.410,153.875
2026-09-07T16:28:30.043840+00:00,344882.324,final-jianghu-on-continuous,73785,webcontent,0.0,3.410,279.125
2026-09-07T16:28:30.043843+00:00,344882.324,final-jianghu-on-continuous,73786,webcontent,0.0,3.400,279.078
2026-09-07T16:28:30.043845+00:00,344882.324,final-jianghu-on-continuous,73787,webcontent,0.0,3.510,278.859
2026-09-07T16:28:31.053978+00:00,344883.334,final-jianghu-on-continuous,73705,reader,76.1,30.330,800.172
2026-09-07T16:28:31.054023+00:00,344883.334,final-jianghu-on-continuous,73741,webcontent,0.0,4.760,278.297
2026-09-07T16:28:31.054028+00:00,344883.334,final-jianghu-on-continuous,73743,webcontent,0.0,4.890,278.672
2026-09-07T16:28:31.054033+00:00,344883.334,final-jianghu-on-continuous,73744,webcontent,0.0,4.890,278.141
2026-09-07T16:28:31.054036+00:00,344883.334,final-jianghu-on-continuous,73746,webcontent,0.0,4.700,278.344
2026-09-07T16:28:31.054039+00:00,344883.334,final-jianghu-on-continuous,73750,webkit_network,0.0,0.410,119.422
2026-09-07T16:28:31.054042+00:00,344883.334,final-jianghu-on-continuous,73783,webcontent,0.2,2.060,296.062
2026-09-07T16:28:31.054046+00:00,344883.334,final-jianghu-on-continuous,73784,webkit_gpu,0.3,0.430,156.891
2026-09-07T16:28:31.054048+00:00,344883.334,final-jianghu-on-continuous,73785,webcontent,0.0,3.410,279.125
2026-09-07T16:28:31.054051+00:00,344883.334,final-jianghu-on-continuous,73786,webcontent,0.0,3.400,279.078
2026-09-07T16:28:31.054054+00:00,344883.334,final-jianghu-on-continuous,73787,webcontent,0.0,3.510,278.859
2026-09-07T16:28:32.088782+00:00,344884.344,final-jianghu-on-continuous,73705,reader,7.9,30.470,815.797
2026-09-07T16:28:32.088845+00:00,344884.344,final-jianghu-on-continuous,73741,webcontent,0.0,4.760,278.297
2026-09-07T16:28:32.088850+00:00,344884.344,final-jianghu-on-continuous,73743,webcontent,0.0,4.890,278.672
2026-09-07T16:28:32.088855+00:00,344884.344,final-jianghu-on-continuous,73744,webcontent,0.0,4.890,278.141
2026-09-07T16:28:32.088858+00:00,344884.344,final-jianghu-on-continuous,73746,webcontent,0.0,4.700,278.344
2026-09-07T16:28:32.088862+00:00,344884.344,final-jianghu-on-continuous,73750,webkit_network,0.0,0.410,119.422
2026-09-07T16:28:32.088866+00:00,344884.344,final-jianghu-on-continuous,73783,webcontent,0.0,2.060,296.062
2026-09-07T16:28:32.088869+00:00,344884.344,final-jianghu-on-continuous,73784,webkit_gpu,0.0,0.430,156.891
2026-09-07T16:28:32.088872+00:00,344884.344,final-jianghu-on-continuous,73785,webcontent,0.0,3.410,279.125
2026-09-07T16:28:32.088875+00:00,344884.344,final-jianghu-on-continuous,73786,webcontent,0.0,3.400,279.078
2026-09-07T16:28:32.088878+00:00,344884.344,final-jianghu-on-continuous,73787,webcontent,0.0,3.510,278.859
2026-09-07T16:28:33.099178+00:00,344885.355,final-jianghu-on-continuous,73705,reader,25.9,30.880,816.391
2026-09-07T16:28:33.099243+00:00,344885.355,final-jianghu-on-continuous,73741,webcontent,0.0,4.760,278.297
2026-09-07T16:28:33.099248+00:00,344885.355,final-jianghu-on-continuous,73743,webcontent,0.0,4.890,278.672
2026-09-07T16:28:33.099253+00:00,344885.355,final-jianghu-on-continuous,73744,webcontent,0.0,4.890,278.141
2026-09-07T16:28:33.099256+00:00,344885.355,final-jianghu-on-continuous,73746,webcontent,0.0,4.700,278.344
2026-09-07T16:28:33.099259+00:00,344885.355,final-jianghu-on-continuous,73750,webkit_network,0.0,0.410,119.422
2026-09-07T16:28:33.099263+00:00,344885.355,final-jianghu-on-continuous,73783,webcontent,0.0,2.060,296.062
2026-09-07T16:28:33.099266+00:00,344885.355,final-jianghu-on-continuous,73784,webkit_gpu,0.0,0.430,156.891
2026-09-07T16:28:33.099269+00:00,344885.355,final-jianghu-on-continuous,73785,webcontent,0.0,3.410,279.125
2026-09-07T16:28:33.099271+00:00,344885.355,final-jianghu-on-continuous,73786,webcontent,0.0,3.400,279.078
2026-09-07T16:28:33.099274+00:00,344885.355,final-jianghu-on-continuous,73787,webcontent,0.0,3.510,278.859
2026-09-07T16:28:34.080642+00:00,344886.365,final-jianghu-on-continuous,73705,reader,67.8,31.210,802.500
2026-09-07T16:28:34.080691+00:00,344886.365,final-jianghu-on-continuous,73741,webcontent,0.0,4.760,278.297
2026-09-07T16:28:34.080696+00:00,344886.365,final-jianghu-on-continuous,73743,webcontent,0.0,4.890,278.672
2026-09-07T16:28:34.080699+00:00,344886.365,final-jianghu-on-continuous,73744,webcontent,0.0,4.890,278.141
2026-09-07T16:28:34.080703+00:00,344886.365,final-jianghu-on-continuous,73746,webcontent,0.0,4.700,278.344
2026-09-07T16:28:34.080706+00:00,344886.365,final-jianghu-on-continuous,73750,webkit_network,0.0,0.410,119.422
2026-09-07T16:28:34.080709+00:00,344886.365,final-jianghu-on-continuous,73783,webcontent,0.0,2.070,296.156
2026-09-07T16:28:34.080711+00:00,344886.365,final-jianghu-on-continuous,73784,webkit_gpu,0.0,0.430,156.891
2026-09-07T16:28:34.080713+00:00,344886.365,final-jianghu-on-continuous,73785,webcontent,0.0,3.410,279.125
2026-09-07T16:28:34.080716+00:00,344886.365,final-jianghu-on-continuous,73786,webcontent,0.0,3.400,279.078
2026-09-07T16:28:34.080718+00:00,344886.365,final-jianghu-on-continuous,73787,webcontent,0.0,3.510,278.859
2026-09-07T16:28:35.118634+00:00,344887.375,final-jianghu-on-continuous,73705,reader,5.6,31.320,817.953
2026-09-07T16:28:35.118692+00:00,344887.375,final-jianghu-on-continuous,73741,webcontent,0.0,4.760,278.297
2026-09-07T16:28:35.118697+00:00,344887.375,final-jianghu-on-continuous,73743,webcontent,0.0,4.890,278.672
2026-09-07T16:28:35.118701+00:00,344887.375,final-jianghu-on-continuous,73744,webcontent,0.0,4.890,278.141
2026-09-07T16:28:35.118704+00:00,344887.375,final-jianghu-on-continuous,73746,webcontent,0.0,4.700,278.344
2026-09-07T16:28:35.118709+00:00,344887.375,final-jianghu-on-continuous,73750,webkit_network,0.0,0.410,119.422
2026-09-07T16:28:35.118712+00:00,344887.375,final-jianghu-on-continuous,73783,webcontent,0.0,2.070,296.156
2026-09-07T16:28:35.118715+00:00,344887.375,final-jianghu-on-continuous,73784,webkit_gpu,0.0,0.430,156.891
2026-09-07T16:28:35.118718+00:00,344887.375,final-jianghu-on-continuous,73785,webcontent,0.0,3.410,279.125
2026-09-07T16:28:35.118721+00:00,344887.375,final-jianghu-on-continuous,73786,webcontent,0.0,3.400,279.078
2026-09-07T16:28:35.118723+00:00,344887.375,final-jianghu-on-continuous,73787,webcontent,0.0,3.510,278.859
2026-09-07T16:28:36.122704+00:00,344888.386,final-jianghu-on-continuous,73705,reader,39.7,31.720,818.109
2026-09-07T16:28:36.122763+00:00,344888.386,final-jianghu-on-continuous,73741,webcontent,0.0,4.760,278.297
2026-09-07T16:28:36.122770+00:00,344888.386,final-jianghu-on-continuous,73743,webcontent,0.0,4.890,278.672
2026-09-07T16:28:36.122773+00:00,344888.386,final-jianghu-on-continuous,73744,webcontent,0.0,4.890,278.141
2026-09-07T16:28:36.122776+00:00,344888.386,final-jianghu-on-continuous,73746,webcontent,0.0,4.700,278.344
2026-09-07T16:28:36.122780+00:00,344888.386,final-jianghu-on-continuous,73750,webkit_network,0.0,0.410,119.422
2026-09-07T16:28:36.122783+00:00,344888.386,final-jianghu-on-continuous,73783,webcontent,0.0,2.070,296.109
2026-09-07T16:28:36.122786+00:00,344888.386,final-jianghu-on-continuous,73784,webkit_gpu,0.0,0.430,156.781
2026-09-07T16:28:36.122789+00:00,344888.386,final-jianghu-on-continuous,73785,webcontent,0.0,3.410,279.125
2026-09-07T16:28:36.122792+00:00,344888.386,final-jianghu-on-continuous,73786,webcontent,0.0,3.400,279.078
2026-09-07T16:28:36.122795+00:00,344888.386,final-jianghu-on-continuous,73787,webcontent,0.0,3.510,278.859
2026-09-07T16:28:37.123568+00:00,344889.396,final-jianghu-on-continuous,73705,reader,23.1,31.900,827.625
2026-09-07T16:28:37.123613+00:00,344889.396,final-jianghu-on-continuous,73741,webcontent,0.0,4.760,278.297
2026-09-07T16:28:37.123619+00:00,344889.396,final-jianghu-on-continuous,73743,webcontent,0.0,4.890,278.672
2026-09-07T16:28:37.123622+00:00,344889.396,final-jianghu-on-continuous,73744,webcontent,0.0,4.890,278.141
2026-09-07T16:28:37.123624+00:00,344889.396,final-jianghu-on-continuous,73746,webcontent,0.0,4.700,278.344
2026-09-07T16:28:37.123627+00:00,344889.396,final-jianghu-on-continuous,73750,webkit_network,0.0,0.410,119.422
2026-09-07T16:28:37.123630+00:00,344889.396,final-jianghu-on-continuous,73783,webcontent,0.0,2.070,296.109
2026-09-07T16:28:37.123633+00:00,344889.396,final-jianghu-on-continuous,73784,webkit_gpu,0.0,0.430,156.781
2026-09-07T16:28:37.123635+00:00,344889.396,final-jianghu-on-continuous,73785,webcontent,0.0,3.410,279.109
2026-09-07T16:28:37.123637+00:00,344889.396,final-jianghu-on-continuous,73786,webcontent,0.0,3.400,279.062
2026-09-07T16:28:37.123640+00:00,344889.396,final-jianghu-on-continuous,73787,webcontent,0.0,3.510,278.844
2026-09-07T16:28:38.144791+00:00,344890.404,final-jianghu-on-continuous,73705,reader,9.3,32.110,818.375
2026-09-07T16:28:38.144847+00:00,344890.404,final-jianghu-on-continuous,73741,webcontent,0.0,4.760,278.297
2026-09-07T16:28:38.144852+00:00,344890.404,final-jianghu-on-continuous,73743,webcontent,0.0,4.890,278.672
2026-09-07T16:28:38.144855+00:00,344890.404,final-jianghu-on-continuous,73744,webcontent,0.0,4.890,278.141
2026-09-07T16:28:38.144858+00:00,344890.404,final-jianghu-on-continuous,73746,webcontent,0.0,4.700,278.344
2026-09-07T16:28:38.144863+00:00,344890.404,final-jianghu-on-continuous,73750,webkit_network,0.0,0.410,119.422
2026-09-07T16:28:38.144866+00:00,344890.404,final-jianghu-on-continuous,73783,webcontent,0.0,2.070,296.109
2026-09-07T16:28:38.144869+00:00,344890.404,final-jianghu-on-continuous,73784,webkit_gpu,0.0,0.430,156.781
2026-09-07T16:28:38.144872+00:00,344890.404,final-jianghu-on-continuous,73785,webcontent,0.0,3.410,279.109
2026-09-07T16:28:38.144875+00:00,344890.404,final-jianghu-on-continuous,73786,webcontent,0.0,3.400,279.062
2026-09-07T16:28:38.144878+00:00,344890.404,final-jianghu-on-continuous,73787,webcontent,0.0,3.510,278.844
2026-09-07T16:28:39.147380+00:00,344891.414,final-jianghu-on-continuous,73705,reader,24.3,32.400,803.219
2026-09-07T16:28:39.147445+00:00,344891.414,final-jianghu-on-continuous,73741,webcontent,0.0,4.760,278.297
2026-09-07T16:28:39.147449+00:00,344891.414,final-jianghu-on-continuous,73743,webcontent,0.0,4.890,278.672
2026-09-07T16:28:39.147454+00:00,344891.414,final-jianghu-on-continuous,73744,webcontent,0.0,4.890,278.141
2026-09-07T16:28:39.147457+00:00,344891.414,final-jianghu-on-continuous,73746,webcontent,0.0,4.700,278.344
2026-09-07T16:28:39.147460+00:00,344891.414,final-jianghu-on-continuous,73750,webkit_network,0.0,0.410,119.422
2026-09-07T16:28:39.147463+00:00,344891.414,final-jianghu-on-continuous,73783,webcontent,0.0,2.070,296.062
2026-09-07T16:28:39.147466+00:00,344891.414,final-jianghu-on-continuous,73784,webkit_gpu,0.0,0.430,156.766
2026-09-07T16:28:39.147468+00:00,344891.414,final-jianghu-on-continuous,73785,webcontent,0.0,3.410,279.109
2026-09-07T16:28:39.147471+00:00,344891.414,final-jianghu-on-continuous,73786,webcontent,0.0,3.400,279.062
2026-09-07T16:28:39.147473+00:00,344891.414,final-jianghu-on-continuous,73787,webcontent,0.0,3.510,278.844
2026-09-07T16:28:40.140956+00:00,344892.417,final-jianghu-on-continuous,73705,reader,2.7,32.560,788.656
2026-09-07T16:28:40.141016+00:00,344892.417,final-jianghu-on-continuous,73741,webcontent,0.0,4.760,278.297
2026-09-07T16:28:40.141022+00:00,344892.417,final-jianghu-on-continuous,73743,webcontent,0.0,4.890,278.672
2026-09-07T16:28:40.141025+00:00,344892.417,final-jianghu-on-continuous,73744,webcontent,0.0,4.890,278.141
2026-09-07T16:28:40.141028+00:00,344892.417,final-jianghu-on-continuous,73746,webcontent,0.0,4.700,278.344
2026-09-07T16:28:40.141031+00:00,344892.417,final-jianghu-on-continuous,73750,webkit_network,0.0,0.410,119.422
2026-09-07T16:28:40.141034+00:00,344892.417,final-jianghu-on-continuous,73783,webcontent,0.0,2.070,296.062
2026-09-07T16:28:40.141037+00:00,344892.417,final-jianghu-on-continuous,73784,webkit_gpu,0.0,0.430,156.766
2026-09-07T16:28:40.141040+00:00,344892.417,final-jianghu-on-continuous,73785,webcontent,0.0,3.410,279.109
2026-09-07T16:28:40.141042+00:00,344892.417,final-jianghu-on-continuous,73786,webcontent,0.0,3.400,279.062
2026-09-07T16:28:40.141045+00:00,344892.417,final-jianghu-on-continuous,73787,webcontent,0.0,3.510,278.844
2026-09-07T16:28:41.171948+00:00,344893.428,final-jianghu-on-continuous,73705,reader,22.5,32.940,818.953
2026-09-07T16:28:41.172011+00:00,344893.428,final-jianghu-on-continuous,73741,webcontent,0.0,4.760,278.297
2026-09-07T16:28:41.172016+00:00,344893.428,final-jianghu-on-continuous,73743,webcontent,0.0,4.890,278.672
2026-09-07T16:28:41.172020+00:00,344893.428,final-jianghu-on-continuous,73744,webcontent,0.0,4.890,278.141
2026-09-07T16:28:41.172022+00:00,344893.428,final-jianghu-on-continuous,73746,webcontent,0.0,4.700,278.344
2026-09-07T16:28:41.172027+00:00,344893.428,final-jianghu-on-continuous,73750,webkit_network,0.0,0.410,119.422
2026-09-07T16:28:41.172030+00:00,344893.428,final-jianghu-on-continuous,73783,webcontent,0.0,2.070,296.062
2026-09-07T16:28:41.172034+00:00,344893.428,final-jianghu-on-continuous,73784,webkit_gpu,0.0,0.430,156.766
2026-09-07T16:28:41.172037+00:00,344893.428,final-jianghu-on-continuous,73785,webcontent,0.0,3.410,279.109
2026-09-07T16:28:41.172039+00:00,344893.428,final-jianghu-on-continuous,73786,webcontent,0.0,3.400,279.062
2026-09-07T16:28:41.172042+00:00,344893.428,final-jianghu-on-continuous,73787,webcontent,0.0,3.510,278.844
2026-09-07T16:28:42.168062+00:00,344894.438,final-jianghu-on-continuous,73705,reader,48.8,33.230,804.688
2026-09-07T16:28:42.168104+00:00,344894.438,final-jianghu-on-continuous,73741,webcontent,0.0,4.760,278.297
2026-09-07T16:28:42.168109+00:00,344894.438,final-jianghu-on-continuous,73743,webcontent,0.0,4.890,278.672
2026-09-07T16:28:42.168112+00:00,344894.438,final-jianghu-on-continuous,73744,webcontent,0.0,4.890,278.141
2026-09-07T16:28:42.168115+00:00,344894.438,final-jianghu-on-continuous,73746,webcontent,0.0,4.700,278.344
2026-09-07T16:28:42.168118+00:00,344894.438,final-jianghu-on-continuous,73750,webkit_network,0.0,0.410,119.422
2026-09-07T16:28:42.168121+00:00,344894.438,final-jianghu-on-continuous,73783,webcontent,0.0,2.070,296.062
2026-09-07T16:28:42.168124+00:00,344894.438,final-jianghu-on-continuous,73784,webkit_gpu,0.0,0.430,156.766
2026-09-07T16:28:42.168126+00:00,344894.438,final-jianghu-on-continuous,73785,webcontent,0.0,3.410,279.109
2026-09-07T16:28:42.168129+00:00,344894.438,final-jianghu-on-continuous,73786,webcontent,0.0,3.400,279.062
2026-09-07T16:28:42.168132+00:00,344894.438,final-jianghu-on-continuous,73787,webcontent,0.0,3.510,278.844
2026-09-07T16:28:43.178658+00:00,344895.448,final-jianghu-on-continuous,73705,reader,66.9,34.010,890.141
2026-09-07T16:28:43.178698+00:00,344895.448,final-jianghu-on-continuous,73741,webcontent,0.0,4.760,278.297
2026-09-07T16:28:43.178703+00:00,344895.448,final-jianghu-on-continuous,73743,webcontent,0.0,4.890,278.672
2026-09-07T16:28:43.178706+00:00,344895.448,final-jianghu-on-continuous,73744,webcontent,0.0,4.890,278.141
2026-09-07T16:28:43.178710+00:00,344895.448,final-jianghu-on-continuous,73746,webcontent,0.0,4.700,278.344
2026-09-07T16:28:43.178713+00:00,344895.448,final-jianghu-on-continuous,73750,webkit_network,0.2,0.410,119.422
2026-09-07T16:28:43.178716+00:00,344895.448,final-jianghu-on-continuous,73783,webcontent,2.9,2.090,297.016
2026-09-07T16:28:43.178719+00:00,344895.448,final-jianghu-on-continuous,73784,webkit_gpu,3.7,0.460,159.078
2026-09-07T16:28:43.178721+00:00,344895.448,final-jianghu-on-continuous,73785,webcontent,0.0,3.410,279.109
2026-09-07T16:28:43.178724+00:00,344895.448,final-jianghu-on-continuous,73786,webcontent,0.0,3.400,279.062
2026-09-07T16:28:43.178727+00:00,344895.448,final-jianghu-on-continuous,73787,webcontent,0.0,3.510,278.844
2026-09-07T16:28:44.201321+00:00,344896.458,final-jianghu-on-continuous,73705,reader,38.5,34.440,829.938
2026-09-07T16:28:44.201374+00:00,344896.458,final-jianghu-on-continuous,73741,webcontent,0.0,4.760,278.297
2026-09-07T16:28:44.201379+00:00,344896.458,final-jianghu-on-continuous,73743,webcontent,0.0,4.890,278.672
2026-09-07T16:28:44.201383+00:00,344896.458,final-jianghu-on-continuous,73744,webcontent,0.0,4.890,278.141
2026-09-07T16:28:44.201386+00:00,344896.458,final-jianghu-on-continuous,73746,webcontent,0.0,4.700,278.344
2026-09-07T16:28:44.201389+00:00,344896.458,final-jianghu-on-continuous,73750,webkit_network,0.0,0.410,119.422
2026-09-07T16:28:44.201393+00:00,344896.458,final-jianghu-on-continuous,73783,webcontent,0.0,2.090,296.922
2026-09-07T16:28:44.201395+00:00,344896.458,final-jianghu-on-continuous,73784,webkit_gpu,0.0,0.460,159.078
2026-09-07T16:28:44.201398+00:00,344896.458,final-jianghu-on-continuous,73785,webcontent,0.0,3.410,279.109
2026-09-07T16:28:44.201401+00:00,344896.458,final-jianghu-on-continuous,73786,webcontent,0.0,3.400,279.062
2026-09-07T16:28:44.201403+00:00,344896.458,final-jianghu-on-continuous,73787,webcontent,0.0,3.510,278.844
2026-09-07T16:28:45.190141+00:00,344897.469,final-jianghu-on-continuous,73705,reader,72.0,34.720,814.469
2026-09-07T16:28:45.190200+00:00,344897.469,final-jianghu-on-continuous,73741,webcontent,0.0,4.760,278.297
2026-09-07T16:28:45.190204+00:00,344897.469,final-jianghu-on-continuous,73743,webcontent,0.0,4.890,278.672
2026-09-07T16:28:45.190207+00:00,344897.469,final-jianghu-on-continuous,73744,webcontent,0.0,4.890,278.141
2026-09-07T16:28:45.190210+00:00,344897.469,final-jianghu-on-continuous,73746,webcontent,0.0,4.700,278.344
2026-09-07T16:28:45.190214+00:00,344897.469,final-jianghu-on-continuous,73750,webkit_network,0.0,0.410,119.422
2026-09-07T16:28:45.190217+00:00,344897.469,final-jianghu-on-continuous,73783,webcontent,0.0,2.090,296.922
2026-09-07T16:28:45.190220+00:00,344897.469,final-jianghu-on-continuous,73784,webkit_gpu,0.0,0.460,159.078
2026-09-07T16:28:45.190222+00:00,344897.469,final-jianghu-on-continuous,73785,webcontent,0.0,3.410,279.109
2026-09-07T16:28:45.190224+00:00,344897.469,final-jianghu-on-continuous,73786,webcontent,0.0,3.400,279.062
2026-09-07T16:28:45.190227+00:00,344897.469,final-jianghu-on-continuous,73787,webcontent,0.0,3.510,278.844
2026-09-07T16:28:46.216368+00:00,344898.479,final-jianghu-on-continuous,73705,reader,4.3,34.830,829.938
2026-09-07T16:28:46.216415+00:00,344898.479,final-jianghu-on-continuous,73741,webcontent,0.0,4.760,278.297
2026-09-07T16:28:46.216420+00:00,344898.479,final-jianghu-on-continuous,73743,webcontent,0.0,4.890,278.672
2026-09-07T16:28:46.216424+00:00,344898.479,final-jianghu-on-continuous,73744,webcontent,0.0,4.890,278.141
2026-09-07T16:28:46.216427+00:00,344898.479,final-jianghu-on-continuous,73746,webcontent,0.0,4.700,278.344
2026-09-07T16:28:46.216431+00:00,344898.479,final-jianghu-on-continuous,73750,webkit_network,0.0,0.410,119.438
2026-09-07T16:28:46.216434+00:00,344898.479,final-jianghu-on-continuous,73783,webcontent,0.2,2.100,297.031
2026-09-07T16:28:46.216438+00:00,344898.479,final-jianghu-on-continuous,73784,webkit_gpu,0.0,0.460,159.078
2026-09-07T16:28:46.216440+00:00,344898.479,final-jianghu-on-continuous,73785,webcontent,0.0,3.410,279.109
2026-09-07T16:28:46.216443+00:00,344898.479,final-jianghu-on-continuous,73786,webcontent,0.0,3.400,279.062
2026-09-07T16:28:46.216446+00:00,344898.479,final-jianghu-on-continuous,73787,webcontent,0.0,3.510,278.844
2026-09-07T16:28:47.209440+00:00,344899.489,final-jianghu-on-continuous,73705,reader,61.9,35.230,830.078
2026-09-07T16:28:47.209494+00:00,344899.489,final-jianghu-on-continuous,73741,webcontent,0.0,4.760,278.297
2026-09-07T16:28:47.209498+00:00,344899.489,final-jianghu-on-continuous,73743,webcontent,0.0,4.890,278.672
2026-09-07T16:28:47.209503+00:00,344899.489,final-jianghu-on-continuous,73744,webcontent,0.0,4.890,278.141
2026-09-07T16:28:47.209505+00:00,344899.489,final-jianghu-on-continuous,73746,webcontent,0.0,4.700,278.344
2026-09-07T16:28:47.209508+00:00,344899.489,final-jianghu-on-continuous,73750,webkit_network,0.0,0.410,119.438
2026-09-07T16:28:47.209512+00:00,344899.489,final-jianghu-on-continuous,73783,webcontent,0.0,2.100,297.031
2026-09-07T16:28:47.209515+00:00,344899.489,final-jianghu-on-continuous,73784,webkit_gpu,0.0,0.460,159.078
2026-09-07T16:28:47.209517+00:00,344899.489,final-jianghu-on-continuous,73785,webcontent,0.0,3.410,279.109
2026-09-07T16:28:47.209520+00:00,344899.489,final-jianghu-on-continuous,73786,webcontent,0.0,3.400,279.062
2026-09-07T16:28:47.209522+00:00,344899.489,final-jianghu-on-continuous,73787,webcontent,0.0,3.510,278.844
2026-09-07T16:28:48.228409+00:00,344900.494,final-jianghu-on-continuous,73705,reader,112.5,36.340,853.531
2026-09-07T16:28:48.228460+00:00,344900.494,final-jianghu-on-continuous,73741,webcontent,0.0,4.760,278.297
2026-09-07T16:28:48.228465+00:00,344900.494,final-jianghu-on-continuous,73743,webcontent,0.0,4.890,278.672
2026-09-07T16:28:48.228471+00:00,344900.494,final-jianghu-on-continuous,73744,webcontent,0.0,4.890,278.141
2026-09-07T16:28:48.228474+00:00,344900.494,final-jianghu-on-continuous,73746,webcontent,0.0,4.700,278.344
2026-09-07T16:28:48.228478+00:00,344900.494,final-jianghu-on-continuous,73750,webkit_network,0.0,0.410,119.438
2026-09-07T16:28:48.228482+00:00,344900.494,final-jianghu-on-continuous,73783,webcontent,0.6,2.120,297.406
2026-09-07T16:28:48.228485+00:00,344900.494,final-jianghu-on-continuous,73784,webkit_gpu,0.8,0.490,159.969
2026-09-07T16:28:48.228488+00:00,344900.494,final-jianghu-on-continuous,73785,webcontent,0.0,3.410,279.109
2026-09-07T16:28:48.228491+00:00,344900.494,final-jianghu-on-continuous,73786,webcontent,0.0,3.400,279.062
2026-09-07T16:28:48.228494+00:00,344900.494,final-jianghu-on-continuous,73787,webcontent,0.0,3.510,278.844
2026-09-07T16:28:49.240255+00:00,344901.504,final-jianghu-on-continuous,73705,reader,7.5,36.480,839.312
2026-09-07T16:28:49.240298+00:00,344901.504,final-jianghu-on-continuous,73741,webcontent,0.0,4.760,278.297
2026-09-07T16:28:49.240309+00:00,344901.504,final-jianghu-on-continuous,73743,webcontent,0.0,4.890,278.672
2026-09-07T16:28:49.240315+00:00,344901.504,final-jianghu-on-continuous,73744,webcontent,0.0,4.890,278.141
2026-09-07T16:28:49.240319+00:00,344901.504,final-jianghu-on-continuous,73746,webcontent,0.0,4.700,278.344
2026-09-07T16:28:49.240323+00:00,344901.504,final-jianghu-on-continuous,73750,webkit_network,0.0,0.410,119.438
2026-09-07T16:28:49.240326+00:00,344901.504,final-jianghu-on-continuous,73783,webcontent,0.0,2.120,297.406
2026-09-07T16:28:49.240329+00:00,344901.504,final-jianghu-on-continuous,73784,webkit_gpu,0.0,0.490,159.969
2026-09-07T16:28:49.240332+00:00,344901.504,final-jianghu-on-continuous,73785,webcontent,0.0,3.410,279.109
2026-09-07T16:28:49.240335+00:00,344901.504,final-jianghu-on-continuous,73786,webcontent,0.0,3.400,279.062
2026-09-07T16:28:49.240337+00:00,344901.504,final-jianghu-on-continuous,73787,webcontent,0.0,3.510,278.844
2026-09-07T16:28:50.233751+00:00,344902.507,final-jianghu-on-continuous,73705,reader,28.5,36.780,824.594
2026-09-07T16:28:50.233816+00:00,344902.507,final-jianghu-on-continuous,73741,webcontent,0.0,4.760,278.297
2026-09-07T16:28:50.233823+00:00,344902.507,final-jianghu-on-continuous,73743,webcontent,0.0,4.890,278.672
2026-09-07T16:28:50.233826+00:00,344902.507,final-jianghu-on-continuous,73744,webcontent,0.0,4.890,278.141
2026-09-07T16:28:50.233830+00:00,344902.507,final-jianghu-on-continuous,73746,webcontent,0.0,4.700,278.344
2026-09-07T16:28:50.233835+00:00,344902.507,final-jianghu-on-continuous,73750,webkit_network,0.0,0.410,119.438
2026-09-07T16:28:50.233880+00:00,344902.507,final-jianghu-on-continuous,73783,webcontent,0.0,2.120,297.406
2026-09-07T16:28:50.233920+00:00,344902.507,final-jianghu-on-continuous,73784,webkit_gpu,0.0,0.490,159.969
2026-09-07T16:28:50.233932+00:00,344902.507,final-jianghu-on-continuous,73785,webcontent,0.0,3.410,279.109
2026-09-07T16:28:50.233939+00:00,344902.507,final-jianghu-on-continuous,73786,webcontent,0.0,3.400,279.062
2026-09-07T16:28:50.233945+00:00,344902.507,final-jianghu-on-continuous,73787,webcontent,0.0,3.510,278.844
2026-09-07T16:28:51.231345+00:00,344903.515,final-jianghu-on-continuous,73705,reader,86.8,37.430,811.266
2026-09-07T16:28:51.231385+00:00,344903.515,final-jianghu-on-continuous,73741,webcontent,0.0,4.760,278.297
2026-09-07T16:28:51.231390+00:00,344903.515,final-jianghu-on-continuous,73743,webcontent,0.0,4.890,278.672
2026-09-07T16:28:51.231393+00:00,344903.515,final-jianghu-on-continuous,73744,webcontent,0.0,4.890,278.141
2026-09-07T16:28:51.231396+00:00,344903.515,final-jianghu-on-continuous,73746,webcontent,0.0,4.700,278.344
2026-09-07T16:28:51.231399+00:00,344903.515,final-jianghu-on-continuous,73750,webkit_network,0.0,0.420,119.453
2026-09-07T16:28:51.231402+00:00,344903.515,final-jianghu-on-continuous,73783,webcontent,0.0,2.120,297.406
2026-09-07T16:28:51.231405+00:00,344903.515,final-jianghu-on-continuous,73784,webkit_gpu,0.0,0.490,159.969
2026-09-07T16:28:51.231407+00:00,344903.515,final-jianghu-on-continuous,73785,webcontent,0.0,3.410,279.109
2026-09-07T16:28:51.231409+00:00,344903.515,final-jianghu-on-continuous,73786,webcontent,0.0,3.400,279.062
2026-09-07T16:28:51.231412+00:00,344903.515,final-jianghu-on-continuous,73787,webcontent,0.0,3.510,278.844
2026-09-07T16:28:52.246034+00:00,344904.525,final-jianghu-on-continuous,73705,reader,108.6,38.730,842.781
2026-09-07T16:28:52.246073+00:00,344904.525,final-jianghu-on-continuous,73741,webcontent,0.0,4.760,278.297
2026-09-07T16:28:52.246077+00:00,344904.525,final-jianghu-on-continuous,73743,webcontent,0.0,4.890,278.672
2026-09-07T16:28:52.246081+00:00,344904.525,final-jianghu-on-continuous,73744,webcontent,0.0,4.890,278.141
2026-09-07T16:28:52.246084+00:00,344904.525,final-jianghu-on-continuous,73746,webcontent,0.0,4.700,278.344
2026-09-07T16:28:52.246087+00:00,344904.525,final-jianghu-on-continuous,73750,webkit_network,0.0,0.420,119.422
2026-09-07T16:28:52.246090+00:00,344904.525,final-jianghu-on-continuous,73783,webcontent,0.0,2.120,297.406
2026-09-07T16:28:52.246092+00:00,344904.525,final-jianghu-on-continuous,73784,webkit_gpu,0.0,0.490,159.969
2026-09-07T16:28:52.246095+00:00,344904.525,final-jianghu-on-continuous,73785,webcontent,0.0,3.410,279.109
2026-09-07T16:28:52.246097+00:00,344904.525,final-jianghu-on-continuous,73786,webcontent,0.0,3.400,279.062
2026-09-07T16:28:52.246100+00:00,344904.525,final-jianghu-on-continuous,73787,webcontent,0.0,3.510,278.844
2026-09-07T16:28:53.265597+00:00,344905.535,final-jianghu-on-continuous,73705,reader,37.5,39.120,828.031
2026-09-07T16:28:53.265656+00:00,344905.535,final-jianghu-on-continuous,73741,webcontent,0.0,4.760,278.297
2026-09-07T16:28:53.265663+00:00,344905.535,final-jianghu-on-continuous,73743,webcontent,0.0,4.890,278.672
2026-09-07T16:28:53.265674+00:00,344905.535,final-jianghu-on-continuous,73744,webcontent,0.0,4.890,278.141
2026-09-07T16:28:53.265678+00:00,344905.535,final-jianghu-on-continuous,73746,webcontent,0.0,4.700,278.344
2026-09-07T16:28:53.265682+00:00,344905.535,final-jianghu-on-continuous,73750,webkit_network,0.0,0.420,119.422
2026-09-07T16:28:53.265685+00:00,344905.535,final-jianghu-on-continuous,73783,webcontent,0.0,2.120,297.359
2026-09-07T16:28:53.265688+00:00,344905.535,final-jianghu-on-continuous,73784,webkit_gpu,0.0,0.490,159.859
2026-09-07T16:28:53.265691+00:00,344905.535,final-jianghu-on-continuous,73785,webcontent,0.0,3.410,279.109
2026-09-07T16:28:53.265694+00:00,344905.535,final-jianghu-on-continuous,73786,webcontent,0.0,3.400,279.062
2026-09-07T16:28:53.265698+00:00,344905.535,final-jianghu-on-continuous,73787,webcontent,0.0,3.510,278.844
2026-09-07T16:28:54.284838+00:00,344906.546,final-jianghu-on-continuous,73705,reader,3.4,39.240,843.500
2026-09-07T16:28:54.284886+00:00,344906.546,final-jianghu-on-continuous,73741,webcontent,0.0,4.760,278.297
2026-09-07T16:28:54.284891+00:00,344906.546,final-jianghu-on-continuous,73743,webcontent,0.0,4.890,278.672
2026-09-07T16:28:54.284896+00:00,344906.546,final-jianghu-on-continuous,73744,webcontent,0.0,4.890,278.141
2026-09-07T16:28:54.284899+00:00,344906.546,final-jianghu-on-continuous,73746,webcontent,0.0,4.700,278.344
2026-09-07T16:28:54.284904+00:00,344906.546,final-jianghu-on-continuous,73750,webkit_network,0.0,0.420,119.422
2026-09-07T16:28:54.284907+00:00,344906.546,final-jianghu-on-continuous,73783,webcontent,0.0,2.120,297.359
2026-09-07T16:28:54.284910+00:00,344906.546,final-jianghu-on-continuous,73784,webkit_gpu,0.0,0.490,159.859
2026-09-07T16:28:54.284913+00:00,344906.546,final-jianghu-on-continuous,73785,webcontent,0.0,3.410,279.109
2026-09-07T16:28:54.284916+00:00,344906.546,final-jianghu-on-continuous,73786,webcontent,0.0,3.400,279.062
2026-09-07T16:28:54.284919+00:00,344906.546,final-jianghu-on-continuous,73787,webcontent,0.0,3.510,278.844
2026-09-07T16:28:55.300475+00:00,344907.556,final-jianghu-on-continuous,73705,reader,27.6,39.630,843.688
2026-09-07T16:28:55.300535+00:00,344907.556,final-jianghu-on-continuous,73741,webcontent,0.0,4.760,278.297
2026-09-07T16:28:55.300582+00:00,344907.556,final-jianghu-on-continuous,73743,webcontent,0.0,4.890,278.672
2026-09-07T16:28:55.300595+00:00,344907.556,final-jianghu-on-continuous,73744,webcontent,0.0,4.890,278.141
2026-09-07T16:28:55.300599+00:00,344907.556,final-jianghu-on-continuous,73746,webcontent,0.0,4.700,278.344
2026-09-07T16:28:55.300603+00:00,344907.556,final-jianghu-on-continuous,73750,webkit_network,0.0,0.420,119.422
2026-09-07T16:28:55.300606+00:00,344907.556,final-jianghu-on-continuous,73783,webcontent,0.0,2.120,297.359
2026-09-07T16:28:55.300609+00:00,344907.556,final-jianghu-on-continuous,73784,webkit_gpu,0.0,0.490,159.859
2026-09-07T16:28:55.300612+00:00,344907.556,final-jianghu-on-continuous,73785,webcontent,0.0,3.410,279.109
2026-09-07T16:28:55.300615+00:00,344907.556,final-jianghu-on-continuous,73786,webcontent,0.0,3.400,279.062
2026-09-07T16:28:55.300618+00:00,344907.556,final-jianghu-on-continuous,73787,webcontent,0.0,3.510,278.844
2026-09-07T16:28:56.278190+00:00,344908.558,final-jianghu-on-continuous,73705,reader,74.8,39.920,829.125
2026-09-07T16:28:56.278229+00:00,344908.558,final-jianghu-on-continuous,73741,webcontent,0.0,4.760,278.297
2026-09-07T16:28:56.278234+00:00,344908.558,final-jianghu-on-continuous,73743,webcontent,0.0,4.890,278.672
2026-09-07T16:28:56.278237+00:00,344908.558,final-jianghu-on-continuous,73744,webcontent,0.0,4.890,278.141
2026-09-07T16:28:56.278241+00:00,344908.558,final-jianghu-on-continuous,73746,webcontent,0.0,4.700,278.344
2026-09-07T16:28:56.278244+00:00,344908.558,final-jianghu-on-continuous,73750,webkit_network,0.0,0.420,119.422
2026-09-07T16:28:56.278246+00:00,344908.558,final-jianghu-on-continuous,73783,webcontent,0.0,2.120,297.344
2026-09-07T16:28:56.278249+00:00,344908.558,final-jianghu-on-continuous,73784,webkit_gpu,0.0,0.490,159.844
2026-09-07T16:28:56.278251+00:00,344908.558,final-jianghu-on-continuous,73785,webcontent,0.0,3.410,279.109
2026-09-07T16:28:56.278253+00:00,344908.558,final-jianghu-on-continuous,73786,webcontent,0.0,3.400,279.062
2026-09-07T16:28:56.278256+00:00,344908.558,final-jianghu-on-continuous,73787,webcontent,0.0,3.510,278.844
2026-09-07T16:28:57.312758+00:00,344909.568,final-jianghu-on-continuous,73705,reader,7.8,40.040,844.594
2026-09-07T16:28:57.312809+00:00,344909.568,final-jianghu-on-continuous,73741,webcontent,0.0,4.760,278.297
2026-09-07T16:28:57.312814+00:00,344909.568,final-jianghu-on-continuous,73743,webcontent,0.0,4.890,278.672
2026-09-07T16:28:57.312817+00:00,344909.568,final-jianghu-on-continuous,73744,webcontent,0.0,4.890,278.141
2026-09-07T16:28:57.312820+00:00,344909.568,final-jianghu-on-continuous,73746,webcontent,0.0,4.700,278.344
2026-09-07T16:28:57.312823+00:00,344909.568,final-jianghu-on-continuous,73750,webkit_network,0.0,0.420,119.422
2026-09-07T16:28:57.312826+00:00,344909.568,final-jianghu-on-continuous,73783,webcontent,0.0,2.120,297.344
2026-09-07T16:28:57.312829+00:00,344909.568,final-jianghu-on-continuous,73784,webkit_gpu,0.0,0.490,159.844
2026-09-07T16:28:57.312831+00:00,344909.568,final-jianghu-on-continuous,73785,webcontent,0.0,3.410,279.109
2026-09-07T16:28:57.312834+00:00,344909.568,final-jianghu-on-continuous,73786,webcontent,0.0,3.400,279.062
2026-09-07T16:28:57.312837+00:00,344909.568,final-jianghu-on-continuous,73787,webcontent,0.0,3.510,278.844
2026-09-07T16:28:58.314491+00:00,344910.578,final-jianghu-on-continuous,73705,reader,19.4,40.440,846.750
2026-09-07T16:28:58.314554+00:00,344910.578,final-jianghu-on-continuous,73741,webcontent,0.0,4.760,278.297
2026-09-07T16:28:58.314559+00:00,344910.578,final-jianghu-on-continuous,73743,webcontent,0.0,4.890,278.672
2026-09-07T16:28:58.314563+00:00,344910.578,final-jianghu-on-continuous,73744,webcontent,0.0,4.890,278.141
2026-09-07T16:28:58.314566+00:00,344910.578,final-jianghu-on-continuous,73746,webcontent,0.0,4.700,278.344
2026-09-07T16:28:58.314571+00:00,344910.578,final-jianghu-on-continuous,73750,webkit_network,0.0,0.420,119.422
2026-09-07T16:28:58.314574+00:00,344910.578,final-jianghu-on-continuous,73783,webcontent,0.0,2.120,297.344
2026-09-07T16:28:58.314577+00:00,344910.578,final-jianghu-on-continuous,73784,webkit_gpu,0.0,0.490,159.844
2026-09-07T16:28:58.314580+00:00,344910.578,final-jianghu-on-continuous,73785,webcontent,0.0,3.410,279.109
2026-09-07T16:28:58.314583+00:00,344910.578,final-jianghu-on-continuous,73786,webcontent,0.0,3.400,279.062
2026-09-07T16:28:58.314587+00:00,344910.578,final-jianghu-on-continuous,73787,webcontent,0.0,3.510,278.844
2026-09-07T16:28:59.312411+00:00,344911.587,final-jianghu-on-continuous,73705,reader,14.8,40.570,816.672
2026-09-07T16:28:59.312473+00:00,344911.587,final-jianghu-on-continuous,73741,webcontent,0.0,4.760,278.297
2026-09-07T16:28:59.312479+00:00,344911.587,final-jianghu-on-continuous,73743,webcontent,0.0,4.890,278.672
2026-09-07T16:28:59.312482+00:00,344911.587,final-jianghu-on-continuous,73744,webcontent,0.0,4.890,278.141
2026-09-07T16:28:59.312487+00:00,344911.587,final-jianghu-on-continuous,73746,webcontent,0.0,4.700,278.344
2026-09-07T16:28:59.312489+00:00,344911.587,final-jianghu-on-continuous,73750,webkit_network,0.0,0.420,119.422
2026-09-07T16:28:59.312492+00:00,344911.587,final-jianghu-on-continuous,73783,webcontent,0.0,2.120,297.344
2026-09-07T16:28:59.312495+00:00,344911.587,final-jianghu-on-continuous,73784,webkit_gpu,0.0,0.490,159.844
2026-09-07T16:28:59.312497+00:00,344911.587,final-jianghu-on-continuous,73785,webcontent,0.0,3.410,279.109
2026-09-07T16:28:59.312499+00:00,344911.587,final-jianghu-on-continuous,73786,webcontent,0.0,3.400,279.062
2026-09-07T16:28:59.312502+00:00,344911.587,final-jianghu-on-continuous,73787,webcontent,0.0,3.510,278.844
2026-09-07T16:29:00.332598+00:00,344912.588,final-jianghu-on-continuous,73705,reader,40.1,40.980,846.062
2026-09-07T16:29:00.332666+00:00,344912.588,final-jianghu-on-continuous,73741,webcontent,0.0,4.760,278.297
2026-09-07T16:29:00.332672+00:00,344912.588,final-jianghu-on-continuous,73743,webcontent,0.0,4.890,278.672
2026-09-07T16:29:00.332675+00:00,344912.588,final-jianghu-on-continuous,73744,webcontent,0.0,4.890,278.141
2026-09-07T16:29:00.332678+00:00,344912.588,final-jianghu-on-continuous,73746,webcontent,0.0,4.700,278.344
2026-09-07T16:29:00.332681+00:00,344912.588,final-jianghu-on-continuous,73750,webkit_network,0.0,0.420,119.422
2026-09-07T16:29:00.332684+00:00,344912.588,final-jianghu-on-continuous,73783,webcontent,0.0,2.120,297.344
2026-09-07T16:29:00.332687+00:00,344912.588,final-jianghu-on-continuous,73784,webkit_gpu,0.0,0.490,159.844
2026-09-07T16:29:00.332690+00:00,344912.588,final-jianghu-on-continuous,73785,webcontent,0.0,3.410,279.109
2026-09-07T16:29:00.332693+00:00,344912.588,final-jianghu-on-continuous,73786,webcontent,0.0,3.400,279.062
2026-09-07T16:29:00.332701+00:00,344912.588,final-jianghu-on-continuous,73787,webcontent,0.0,3.510,278.844
2026-09-07T16:29:01.307430+00:00,344913.598,final-jianghu-on-continuous,73705,reader,27.3,41.230,830.594
2026-09-07T16:29:01.307470+00:00,344913.598,final-jianghu-on-continuous,73741,webcontent,0.0,4.760,278.297
2026-09-07T16:29:01.307475+00:00,344913.598,final-jianghu-on-continuous,73743,webcontent,0.0,4.890,278.672
2026-09-07T16:29:01.307478+00:00,344913.598,final-jianghu-on-continuous,73744,webcontent,0.0,4.890,278.141
2026-09-07T16:29:01.307480+00:00,344913.598,final-jianghu-on-continuous,73746,webcontent,0.0,4.700,278.344
2026-09-07T16:29:01.307483+00:00,344913.598,final-jianghu-on-continuous,73750,webkit_network,0.0,0.420,119.422
2026-09-07T16:29:01.307485+00:00,344913.598,final-jianghu-on-continuous,73783,webcontent,0.0,2.120,297.250
2026-09-07T16:29:01.307488+00:00,344913.598,final-jianghu-on-continuous,73784,webkit_gpu,0.0,0.490,159.844
2026-09-07T16:29:01.307491+00:00,344913.598,final-jianghu-on-continuous,73785,webcontent,0.0,3.410,279.109
2026-09-07T16:29:01.307493+00:00,344913.598,final-jianghu-on-continuous,73786,webcontent,0.0,3.400,279.062
2026-09-07T16:29:01.307496+00:00,344913.598,final-jianghu-on-continuous,73787,webcontent,0.0,3.510,278.844
2026-09-07T16:29:02.334038+00:00,344914.605,final-jianghu-on-continuous,73705,reader,2.5,41.360,815.734
2026-09-07T16:29:02.334098+00:00,344914.605,final-jianghu-on-continuous,73741,webcontent,0.0,4.760,278.297
2026-09-07T16:29:02.334108+00:00,344914.605,final-jianghu-on-continuous,73743,webcontent,0.0,4.890,278.672
2026-09-07T16:29:02.334112+00:00,344914.605,final-jianghu-on-continuous,73744,webcontent,0.0,4.890,278.141
2026-09-07T16:29:02.334117+00:00,344914.605,final-jianghu-on-continuous,73746,webcontent,0.0,4.700,278.344
2026-09-07T16:29:02.334121+00:00,344914.605,final-jianghu-on-continuous,73750,webkit_network,0.0,0.420,119.422
2026-09-07T16:29:02.334124+00:00,344914.605,final-jianghu-on-continuous,73783,webcontent,0.0,2.120,297.250
2026-09-07T16:29:02.334128+00:00,344914.605,final-jianghu-on-continuous,73784,webkit_gpu,0.0,0.490,159.844
2026-09-07T16:29:02.334131+00:00,344914.605,final-jianghu-on-continuous,73785,webcontent,0.0,3.410,279.109
2026-09-07T16:29:02.334134+00:00,344914.605,final-jianghu-on-continuous,73786,webcontent,0.0,3.400,279.062
2026-09-07T16:29:02.334137+00:00,344914.605,final-jianghu-on-continuous,73787,webcontent,0.0,3.510,278.844
2026-09-07T16:29:03.335709+00:00,344915.616,final-jianghu-on-continuous,73705,reader,100.3,42.080,845.734
2026-09-07T16:29:03.335747+00:00,344915.616,final-jianghu-on-continuous,73741,webcontent,0.0,4.760,278.297
2026-09-07T16:29:03.335752+00:00,344915.616,final-jianghu-on-continuous,73743,webcontent,0.0,4.890,278.672
2026-09-07T16:29:03.335755+00:00,344915.616,final-jianghu-on-continuous,73744,webcontent,0.0,4.890,278.141
2026-09-07T16:29:03.335757+00:00,344915.616,final-jianghu-on-continuous,73746,webcontent,0.0,4.700,278.344
2026-09-07T16:29:03.335761+00:00,344915.616,final-jianghu-on-continuous,73750,webkit_network,0.0,0.420,119.422
2026-09-07T16:29:03.335764+00:00,344915.616,final-jianghu-on-continuous,73783,webcontent,0.0,2.120,297.250
2026-09-07T16:29:03.335766+00:00,344915.616,final-jianghu-on-continuous,73784,webkit_gpu,0.0,0.490,159.844
2026-09-07T16:29:03.335769+00:00,344915.616,final-jianghu-on-continuous,73785,webcontent,0.0,3.410,279.109
2026-09-07T16:29:03.335771+00:00,344915.616,final-jianghu-on-continuous,73786,webcontent,0.0,3.400,279.062
2026-09-07T16:29:03.335774+00:00,344915.616,final-jianghu-on-continuous,73787,webcontent,0.0,3.510,278.844
2026-09-07T16:29:04.349439+00:00,344916.626,final-jianghu-on-continuous,73705,reader,45.8,42.760,838.953
2026-09-07T16:29:04.349484+00:00,344916.626,final-jianghu-on-continuous,73741,webcontent,0.0,4.760,278.297
2026-09-07T16:29:04.349489+00:00,344916.626,final-jianghu-on-continuous,73743,webcontent,0.0,4.890,278.672
2026-09-07T16:29:04.349493+00:00,344916.626,final-jianghu-on-continuous,73744,webcontent,0.0,4.890,278.141
2026-09-07T16:29:04.349496+00:00,344916.626,final-jianghu-on-continuous,73746,webcontent,0.0,4.700,278.344
2026-09-07T16:29:04.349499+00:00,344916.626,final-jianghu-on-continuous,73750,webkit_network,0.0,0.420,119.422
2026-09-07T16:29:04.349502+00:00,344916.626,final-jianghu-on-continuous,73783,webcontent,0.3,2.150,297.438
2026-09-07T16:29:04.349505+00:00,344916.626,final-jianghu-on-continuous,73784,webkit_gpu,0.3,0.510,160.641
2026-09-07T16:29:04.349508+00:00,344916.626,final-jianghu-on-continuous,73785,webcontent,0.0,3.410,279.109
2026-09-07T16:29:04.349510+00:00,344916.626,final-jianghu-on-continuous,73786,webcontent,0.0,3.400,279.062
2026-09-07T16:29:04.349512+00:00,344916.626,final-jianghu-on-continuous,73787,webcontent,0.0,3.510,278.844
2026-09-07T16:29:05.376414+00:00,344917.636,final-jianghu-on-continuous,73705,reader,3.4,42.880,855.109
2026-09-07T16:29:05.376460+00:00,344917.636,final-jianghu-on-continuous,73741,webcontent,0.0,4.760,278.297
2026-09-07T16:29:05.376465+00:00,344917.636,final-jianghu-on-continuous,73743,webcontent,0.0,4.890,278.672
2026-09-07T16:29:05.376470+00:00,344917.636,final-jianghu-on-continuous,73744,webcontent,0.0,4.890,278.141
2026-09-07T16:29:05.376473+00:00,344917.636,final-jianghu-on-continuous,73746,webcontent,0.0,4.700,278.344
2026-09-07T16:29:05.376477+00:00,344917.636,final-jianghu-on-continuous,73750,webkit_network,0.0,0.420,119.422
2026-09-07T16:29:05.376480+00:00,344917.636,final-jianghu-on-continuous,73783,webcontent,0.0,2.150,297.438
2026-09-07T16:29:05.376483+00:00,344917.636,final-jianghu-on-continuous,73784,webkit_gpu,0.0,0.510,160.641
2026-09-07T16:29:05.376486+00:00,344917.636,final-jianghu-on-continuous,73785,webcontent,0.0,3.410,279.109
2026-09-07T16:29:05.376489+00:00,344917.636,final-jianghu-on-continuous,73786,webcontent,0.0,3.400,279.062
2026-09-07T16:29:05.376498+00:00,344917.636,final-jianghu-on-continuous,73787,webcontent,0.0,3.510,278.844
2026-09-07T16:29:06.369295+00:00,344918.643,final-jianghu-on-continuous,73705,reader,36.5,43.300,855.344
2026-09-07T16:29:06.369354+00:00,344918.643,final-jianghu-on-continuous,73741,webcontent,0.0,4.760,278.297
2026-09-07T16:29:06.369359+00:00,344918.643,final-jianghu-on-continuous,73743,webcontent,0.0,4.890,278.672
2026-09-07T16:29:06.369363+00:00,344918.643,final-jianghu-on-continuous,73744,webcontent,0.0,4.890,278.141
2026-09-07T16:29:06.369366+00:00,344918.643,final-jianghu-on-continuous,73746,webcontent,0.0,4.700,278.344
2026-09-07T16:29:06.369369+00:00,344918.643,final-jianghu-on-continuous,73750,webkit_network,0.0,0.420,119.422
2026-09-07T16:29:06.369372+00:00,344918.643,final-jianghu-on-continuous,73783,webcontent,0.0,2.150,297.438
2026-09-07T16:29:06.369374+00:00,344918.643,final-jianghu-on-continuous,73784,webkit_gpu,0.0,0.510,160.641
2026-09-07T16:29:06.369377+00:00,344918.643,final-jianghu-on-continuous,73785,webcontent,0.0,3.410,279.109
2026-09-07T16:29:06.369379+00:00,344918.643,final-jianghu-on-continuous,73786,webcontent,0.0,3.400,279.062
2026-09-07T16:29:06.369381+00:00,344918.643,final-jianghu-on-continuous,73787,webcontent,0.0,3.510,278.844
2026-09-07T16:29:07.372901+00:00,344919.654,final-jianghu-on-continuous,73705,reader,92.4,43.710,870.344
2026-09-07T16:29:07.372944+00:00,344919.654,final-jianghu-on-continuous,73741,webcontent,0.0,4.760,278.297
2026-09-07T16:29:07.372949+00:00,344919.654,final-jianghu-on-continuous,73743,webcontent,0.0,4.890,278.672
2026-09-07T16:29:07.372953+00:00,344919.654,final-jianghu-on-continuous,73744,webcontent,0.0,4.890,278.141
2026-09-07T16:29:07.372955+00:00,344919.654,final-jianghu-on-continuous,73746,webcontent,0.0,4.700,278.344
2026-09-07T16:29:07.372958+00:00,344919.654,final-jianghu-on-continuous,73750,webkit_network,0.0,0.420,119.422
2026-09-07T16:29:07.372961+00:00,344919.654,final-jianghu-on-continuous,73783,webcontent,0.0,2.150,297.531
2026-09-07T16:29:07.372963+00:00,344919.654,final-jianghu-on-continuous,73784,webkit_gpu,0.0,0.510,160.641
2026-09-07T16:29:07.372966+00:00,344919.654,final-jianghu-on-continuous,73785,webcontent,0.0,3.410,279.109
2026-09-07T16:29:07.372968+00:00,344919.654,final-jianghu-on-continuous,73786,webcontent,0.0,3.400,279.062
2026-09-07T16:29:07.372971+00:00,344919.654,final-jianghu-on-continuous,73787,webcontent,0.0,3.510,278.844
2026-09-07T16:29:08.383549+00:00,344920.664,final-jianghu-on-continuous,73705,reader,102.2,44.790,856.484
2026-09-07T16:29:08.383589+00:00,344920.664,final-jianghu-on-continuous,73741,webcontent,0.0,4.760,278.297
2026-09-07T16:29:08.383594+00:00,344920.664,final-jianghu-on-continuous,73743,webcontent,0.0,4.890,278.672
2026-09-07T16:29:08.383597+00:00,344920.664,final-jianghu-on-continuous,73744,webcontent,0.0,4.890,278.141
2026-09-07T16:29:08.383601+00:00,344920.664,final-jianghu-on-continuous,73746,webcontent,0.0,4.700,278.344
2026-09-07T16:29:08.383604+00:00,344920.664,final-jianghu-on-continuous,73750,webkit_network,0.0,0.420,119.422
2026-09-07T16:29:08.383606+00:00,344920.664,final-jianghu-on-continuous,73783,webcontent,0.0,2.150,297.531
2026-09-07T16:29:08.383609+00:00,344920.664,final-jianghu-on-continuous,73784,webkit_gpu,0.0,0.510,160.641
2026-09-07T16:29:08.383611+00:00,344920.664,final-jianghu-on-continuous,73785,webcontent,0.0,3.410,279.109
2026-09-07T16:29:08.383614+00:00,344920.664,final-jianghu-on-continuous,73786,webcontent,0.0,3.400,279.062
2026-09-07T16:29:08.383616+00:00,344920.664,final-jianghu-on-continuous,73787,webcontent,0.0,3.510,278.844
2026-09-07T16:29:09.414188+00:00,344921.674,final-jianghu-on-continuous,73705,reader,22.6,45.330,850.359
2026-09-07T16:29:09.414299+00:00,344921.674,final-jianghu-on-continuous,73741,webcontent,0.0,4.760,278.297
2026-09-07T16:29:09.414304+00:00,344921.674,final-jianghu-on-continuous,73743,webcontent,0.0,4.890,278.672
2026-09-07T16:29:09.414309+00:00,344921.674,final-jianghu-on-continuous,73744,webcontent,0.0,4.890,278.141
2026-09-07T16:29:09.414313+00:00,344921.674,final-jianghu-on-continuous,73746,webcontent,0.0,4.700,278.344
2026-09-07T16:29:09.414317+00:00,344921.674,final-jianghu-on-continuous,73750,webkit_network,0.0,0.420,119.422
2026-09-07T16:29:09.414320+00:00,344921.674,final-jianghu-on-continuous,73783,webcontent,0.0,2.150,297.484
2026-09-07T16:29:09.414323+00:00,344921.674,final-jianghu-on-continuous,73784,webkit_gpu,0.0,0.510,160.531
2026-09-07T16:29:09.414326+00:00,344921.674,final-jianghu-on-continuous,73785,webcontent,0.0,3.410,279.109
2026-09-07T16:29:09.414329+00:00,344921.674,final-jianghu-on-continuous,73786,webcontent,0.0,3.400,279.062
2026-09-07T16:29:09.414332+00:00,344921.674,final-jianghu-on-continuous,73787,webcontent,0.0,3.510,278.844
2026-09-07T16:29:10.419352+00:00,344922.684,final-jianghu-on-continuous,73705,reader,18.9,45.480,858.719
2026-09-07T16:29:10.419426+00:00,344922.684,final-jianghu-on-continuous,73741,webcontent,0.0,4.760,278.297
2026-09-07T16:29:10.419431+00:00,344922.684,final-jianghu-on-continuous,73743,webcontent,0.0,4.890,278.672
2026-09-07T16:29:10.419435+00:00,344922.684,final-jianghu-on-continuous,73744,webcontent,0.0,4.890,278.141
2026-09-07T16:29:10.419438+00:00,344922.684,final-jianghu-on-continuous,73746,webcontent,0.0,4.700,278.344
2026-09-07T16:29:10.419441+00:00,344922.684,final-jianghu-on-continuous,73750,webkit_network,0.0,0.420,119.422
2026-09-07T16:29:10.419443+00:00,344922.684,final-jianghu-on-continuous,73783,webcontent,0.0,2.150,297.469
2026-09-07T16:29:10.419447+00:00,344922.684,final-jianghu-on-continuous,73784,webkit_gpu,0.0,0.510,160.531
2026-09-07T16:29:10.419449+00:00,344922.684,final-jianghu-on-continuous,73785,webcontent,0.0,3.410,279.109
2026-09-07T16:29:10.419452+00:00,344922.684,final-jianghu-on-continuous,73786,webcontent,0.0,3.400,279.062
2026-09-07T16:29:10.419455+00:00,344922.684,final-jianghu-on-continuous,73787,webcontent,0.0,3.510,278.844
2026-09-07T16:29:11.439670+00:00,344923.695,final-jianghu-on-continuous,73705,reader,15.5,45.830,857.359
2026-09-07T16:29:11.439725+00:00,344923.695,final-jianghu-on-continuous,73741,webcontent,0.0,4.760,278.297
2026-09-07T16:29:11.439731+00:00,344923.695,final-jianghu-on-continuous,73743,webcontent,0.0,4.890,278.672
2026-09-07T16:29:11.439735+00:00,344923.695,final-jianghu-on-continuous,73744,webcontent,0.0,4.890,278.141
2026-09-07T16:29:11.439739+00:00,344923.695,final-jianghu-on-continuous,73746,webcontent,0.0,4.700,278.344
2026-09-07T16:29:11.439742+00:00,344923.695,final-jianghu-on-continuous,73750,webkit_network,0.0,0.420,119.422
2026-09-07T16:29:11.439745+00:00,344923.695,final-jianghu-on-continuous,73783,webcontent,0.0,2.150,297.469
2026-09-07T16:29:11.439748+00:00,344923.695,final-jianghu-on-continuous,73784,webkit_gpu,0.0,0.510,160.531
2026-09-07T16:29:11.439751+00:00,344923.695,final-jianghu-on-continuous,73785,webcontent,0.0,3.410,279.109
2026-09-07T16:29:11.439753+00:00,344923.695,final-jianghu-on-continuous,73786,webcontent,0.0,3.400,279.062
2026-09-07T16:29:11.439756+00:00,344923.695,final-jianghu-on-continuous,73787,webcontent,0.0,3.510,278.844
2026-09-07T16:29:12.422037+00:00,344924.705,final-jianghu-on-continuous,73705,reader,42.3,46.140,842.391
2026-09-07T16:29:12.422076+00:00,344924.705,final-jianghu-on-continuous,73741,webcontent,0.0,4.760,278.297
2026-09-07T16:29:12.422080+00:00,344924.705,final-jianghu-on-continuous,73743,webcontent,0.0,4.890,278.672
2026-09-07T16:29:12.422083+00:00,344924.705,final-jianghu-on-continuous,73744,webcontent,0.0,4.890,278.141
2026-09-07T16:29:12.422087+00:00,344924.705,final-jianghu-on-continuous,73746,webcontent,0.0,4.700,278.344
2026-09-07T16:29:12.422090+00:00,344924.705,final-jianghu-on-continuous,73750,webkit_network,0.0,0.420,119.422
2026-09-07T16:29:12.422093+00:00,344924.705,final-jianghu-on-continuous,73783,webcontent,0.0,2.150,297.469
2026-09-07T16:29:12.422095+00:00,344924.705,final-jianghu-on-continuous,73784,webkit_gpu,0.0,0.520,160.516
2026-09-07T16:29:12.422098+00:00,344924.705,final-jianghu-on-continuous,73785,webcontent,0.0,3.410,279.109
2026-09-07T16:29:12.422100+00:00,344924.705,final-jianghu-on-continuous,73786,webcontent,0.0,3.400,279.062
2026-09-07T16:29:12.422103+00:00,344924.705,final-jianghu-on-continuous,73787,webcontent,0.0,3.510,278.844
2026-09-07T16:29:13.459031+00:00,344925.715,final-jianghu-on-continuous,73705,reader,4.0,46.260,857.812
2026-09-07T16:29:13.459082+00:00,344925.715,final-jianghu-on-continuous,73741,webcontent,0.0,4.760,278.297
2026-09-07T16:29:13.459087+00:00,344925.715,final-jianghu-on-continuous,73743,webcontent,0.0,4.890,278.672
2026-09-07T16:29:13.459092+00:00,344925.715,final-jianghu-on-continuous,73744,webcontent,0.0,4.890,278.141
2026-09-07T16:29:13.459095+00:00,344925.715,final-jianghu-on-continuous,73746,webcontent,0.0,4.700,278.344
2026-09-07T16:29:13.459098+00:00,344925.715,final-jianghu-on-continuous,73750,webkit_network,0.0,0.420,119.422
2026-09-07T16:29:13.459101+00:00,344925.715,final-jianghu-on-continuous,73783,webcontent,0.0,2.150,297.469
2026-09-07T16:29:13.459104+00:00,344925.715,final-jianghu-on-continuous,73784,webkit_gpu,0.0,0.520,160.516
2026-09-07T16:29:13.459107+00:00,344925.715,final-jianghu-on-continuous,73785,webcontent,0.0,3.410,279.109
2026-09-07T16:29:13.459110+00:00,344925.715,final-jianghu-on-continuous,73786,webcontent,0.0,3.400,279.062
2026-09-07T16:29:13.459113+00:00,344925.715,final-jianghu-on-continuous,73787,webcontent,0.0,3.510,278.844
2026-09-07T16:29:14.468900+00:00,344926.726,final-jianghu-on-continuous,73705,reader,28.3,46.660,857.797
2026-09-07T16:29:14.468985+00:00,344926.726,final-jianghu-on-continuous,73741,webcontent,0.0,4.760,278.297
2026-09-07T16:29:14.468993+00:00,344926.726,final-jianghu-on-continuous,73743,webcontent,0.0,4.890,278.672
2026-09-07T16:29:14.468996+00:00,344926.726,final-jianghu-on-continuous,73744,webcontent,0.0,4.890,278.141
2026-09-07T16:29:14.468999+00:00,344926.726,final-jianghu-on-continuous,73746,webcontent,0.0,4.700,278.344
2026-09-07T16:29:14.469002+00:00,344926.726,final-jianghu-on-continuous,73750,webkit_network,0.0,0.420,119.422
2026-09-07T16:29:14.469005+00:00,344926.726,final-jianghu-on-continuous,73783,webcontent,0.0,2.150,297.469
2026-09-07T16:29:14.469008+00:00,344926.726,final-jianghu-on-continuous,73784,webkit_gpu,0.0,0.520,160.516
2026-09-07T16:29:14.469011+00:00,344926.726,final-jianghu-on-continuous,73785,webcontent,0.0,3.410,279.109
2026-09-07T16:29:14.469014+00:00,344926.726,final-jianghu-on-continuous,73786,webcontent,0.0,3.400,279.062
2026-09-07T16:29:14.469017+00:00,344926.726,final-jianghu-on-continuous,73787,webcontent,0.0,3.510,278.844
2026-09-07T16:29:15.450340+00:00,344927.732,final-jianghu-on-continuous,73705,reader,71.6,46.950,842.438
2026-09-07T16:29:15.450396+00:00,344927.732,final-jianghu-on-continuous,73741,webcontent,0.0,4.760,278.297
2026-09-07T16:29:15.450402+00:00,344927.732,final-jianghu-on-continuous,73743,webcontent,0.0,4.890,278.672
2026-09-07T16:29:15.450405+00:00,344927.732,final-jianghu-on-continuous,73744,webcontent,0.0,4.890,278.141
2026-09-07T16:29:15.450408+00:00,344927.732,final-jianghu-on-continuous,73746,webcontent,0.0,4.700,278.344
2026-09-07T16:29:15.450411+00:00,344927.732,final-jianghu-on-continuous,73750,webkit_network,0.0,0.420,119.422
2026-09-07T16:29:15.450413+00:00,344927.732,final-jianghu-on-continuous,73783,webcontent,0.0,2.150,297.469
2026-09-07T16:29:15.450416+00:00,344927.732,final-jianghu-on-continuous,73784,webkit_gpu,0.0,0.520,160.516
2026-09-07T16:29:15.450418+00:00,344927.732,final-jianghu-on-continuous,73785,webcontent,0.0,3.410,279.109
2026-09-07T16:29:15.450421+00:00,344927.732,final-jianghu-on-continuous,73786,webcontent,0.0,3.400,279.062
2026-09-07T16:29:15.450423+00:00,344927.732,final-jianghu-on-continuous,73787,webcontent,0.0,3.510,278.844
2026-09-07T16:29:16.483131+00:00,344928.742,final-jianghu-on-continuous,73705,reader,5.4,47.070,857.938
2026-09-07T16:29:16.483176+00:00,344928.742,final-jianghu-on-continuous,73741,webcontent,0.0,4.760,278.297
2026-09-07T16:29:16.483181+00:00,344928.742,final-jianghu-on-continuous,73743,webcontent,0.0,4.890,278.672
2026-09-07T16:29:16.483185+00:00,344928.742,final-jianghu-on-continuous,73744,webcontent,0.0,4.890,278.141
2026-09-07T16:29:16.483189+00:00,344928.742,final-jianghu-on-continuous,73746,webcontent,0.0,4.700,278.344
2026-09-07T16:29:16.483193+00:00,344928.742,final-jianghu-on-continuous,73750,webkit_network,0.0,0.420,119.422
2026-09-07T16:29:16.483196+00:00,344928.742,final-jianghu-on-continuous,73783,webcontent,0.0,2.150,297.469
2026-09-07T16:29:16.483199+00:00,344928.742,final-jianghu-on-continuous,73784,webkit_gpu,0.0,0.520,160.516
2026-09-07T16:29:16.483202+00:00,344928.742,final-jianghu-on-continuous,73785,webcontent,0.0,3.410,279.109
2026-09-07T16:29:16.483205+00:00,344928.742,final-jianghu-on-continuous,73786,webcontent,0.0,3.400,279.062
2026-09-07T16:29:16.483208+00:00,344928.742,final-jianghu-on-continuous,73787,webcontent,0.0,3.510,278.844
2026-09-07T16:29:17.489152+00:00,344929.748,final-jianghu-on-continuous,73705,reader,31.9,47.410,857.906
2026-09-07T16:29:17.489226+00:00,344929.748,final-jianghu-on-continuous,73741,webcontent,0.0,4.760,278.297
2026-09-07T16:29:17.489231+00:00,344929.748,final-jianghu-on-continuous,73743,webcontent,0.0,4.890,278.672
2026-09-07T16:29:17.489237+00:00,344929.748,final-jianghu-on-continuous,73744,webcontent,0.0,4.890,278.141
2026-09-07T16:29:17.489240+00:00,344929.748,final-jianghu-on-continuous,73746,webcontent,0.0,4.700,278.344
2026-09-07T16:29:17.489245+00:00,344929.748,final-jianghu-on-continuous,73750,webkit_network,0.0,0.420,119.422
2026-09-07T16:29:17.489248+00:00,344929.748,final-jianghu-on-continuous,73783,webcontent,0.0,2.150,297.375
2026-09-07T16:29:17.489251+00:00,344929.748,final-jianghu-on-continuous,73784,webkit_gpu,0.0,0.520,160.516
2026-09-07T16:29:17.489254+00:00,344929.748,final-jianghu-on-continuous,73785,webcontent,0.0,3.410,279.109
2026-09-07T16:29:17.489257+00:00,344929.748,final-jianghu-on-continuous,73786,webcontent,0.0,3.400,279.062
2026-09-07T16:29:17.489260+00:00,344929.748,final-jianghu-on-continuous,73787,webcontent,0.0,3.510,278.844
2026-09-07T16:29:18.465691+00:00,344930.749,final-jianghu-on-continuous,73705,reader,49.7,47.590,872.438
2026-09-07T16:29:18.465745+00:00,344930.749,final-jianghu-on-continuous,73741,webcontent,0.0,4.760,278.297
2026-09-07T16:29:18.465750+00:00,344930.749,final-jianghu-on-continuous,73743,webcontent,0.0,4.890,278.672
2026-09-07T16:29:18.465754+00:00,344930.749,final-jianghu-on-continuous,73744,webcontent,0.0,4.890,278.141
2026-09-07T16:29:18.465757+00:00,344930.749,final-jianghu-on-continuous,73746,webcontent,0.0,4.700,278.344
2026-09-07T16:29:18.465773+00:00,344930.749,final-jianghu-on-continuous,73750,webkit_network,0.0,0.420,119.422
2026-09-07T16:29:18.465776+00:00,344930.749,final-jianghu-on-continuous,73783,webcontent,0.0,2.150,297.375
2026-09-07T16:29:18.465779+00:00,344930.749,final-jianghu-on-continuous,73784,webkit_gpu,0.0,0.520,160.516
2026-09-07T16:29:18.465781+00:00,344930.749,final-jianghu-on-continuous,73785,webcontent,0.0,3.410,279.109
2026-09-07T16:29:18.465784+00:00,344930.749,final-jianghu-on-continuous,73786,webcontent,0.0,3.400,279.062
2026-09-07T16:29:18.465786+00:00,344930.749,final-jianghu-on-continuous,73787,webcontent,0.0,3.510,278.844
2026-09-07T16:29:19.479872+00:00,344931.759,final-jianghu-on-continuous,73705,reader,77.6,48.280,858.703
2026-09-07T16:29:19.479913+00:00,344931.759,final-jianghu-on-continuous,73741,webcontent,0.0,4.760,278.297
2026-09-07T16:29:19.479917+00:00,344931.759,final-jianghu-on-continuous,73743,webcontent,0.0,4.890,278.672
2026-09-07T16:29:19.479921+00:00,344931.759,final-jianghu-on-continuous,73744,webcontent,0.0,4.890,278.141
2026-09-07T16:29:19.479924+00:00,344931.759,final-jianghu-on-continuous,73746,webcontent,0.0,4.700,278.344
2026-09-07T16:29:19.479927+00:00,344931.759,final-jianghu-on-continuous,73750,webkit_network,0.2,0.420,119.422
2026-09-07T16:29:19.479931+00:00,344931.759,final-jianghu-on-continuous,73783,webcontent,3.5,2.170,297.469
2026-09-07T16:29:19.479934+00:00,344931.759,final-jianghu-on-continuous,73784,webkit_gpu,3.9,0.530,160.969
2026-09-07T16:29:19.479936+00:00,344931.759,final-jianghu-on-continuous,73785,webcontent,0.0,3.410,279.109
2026-09-07T16:29:19.479938+00:00,344931.759,final-jianghu-on-continuous,73786,webcontent,0.0,3.400,279.062
2026-09-07T16:29:19.479941+00:00,344931.759,final-jianghu-on-continuous,73787,webcontent,0.0,3.510,278.844
2026-09-07T16:29:20.500658+00:00,344932.761,final-jianghu-on-continuous,73705,reader,25.0,48.900,850.281
2026-09-07T16:29:20.500736+00:00,344932.761,final-jianghu-on-continuous,73741,webcontent,0.0,4.760,278.297
2026-09-07T16:29:20.500741+00:00,344932.761,final-jianghu-on-continuous,73743,webcontent,0.0,4.890,278.672
2026-09-07T16:29:20.500746+00:00,344932.761,final-jianghu-on-continuous,73744,webcontent,0.0,4.890,278.141
2026-09-07T16:29:20.500749+00:00,344932.761,final-jianghu-on-continuous,73746,webcontent,0.0,4.700,278.344
2026-09-07T16:29:20.500752+00:00,344932.761,final-jianghu-on-continuous,73750,webkit_network,0.0,0.420,119.422
2026-09-07T16:29:20.500755+00:00,344932.761,final-jianghu-on-continuous,73783,webcontent,0.0,2.170,297.469
2026-09-07T16:29:20.500757+00:00,344932.761,final-jianghu-on-continuous,73784,webkit_gpu,0.0,0.530,160.969
2026-09-07T16:29:20.500760+00:00,344932.761,final-jianghu-on-continuous,73785,webcontent,0.0,3.410,279.109
2026-09-07T16:29:20.500762+00:00,344932.761,final-jianghu-on-continuous,73786,webcontent,0.0,3.400,279.062
2026-09-07T16:29:20.500765+00:00,344932.761,final-jianghu-on-continuous,73787,webcontent,0.0,3.510,278.844
2026-09-07T16:29:21.500200+00:00,344933.771,final-jianghu-on-continuous,73705,reader,18.9,49.140,835.875
2026-09-07T16:29:21.500255+00:00,344933.771,final-jianghu-on-continuous,73741,webcontent,0.0,4.760,278.297
2026-09-07T16:29:21.500261+00:00,344933.771,final-jianghu-on-continuous,73743,webcontent,0.0,4.890,278.672
2026-09-07T16:29:21.500265+00:00,344933.771,final-jianghu-on-continuous,73744,webcontent,0.0,4.890,278.141
2026-09-07T16:29:21.500269+00:00,344933.771,final-jianghu-on-continuous,73746,webcontent,0.0,4.700,278.344
2026-09-07T16:29:21.500273+00:00,344933.771,final-jianghu-on-continuous,73750,webkit_network,0.0,0.420,119.422
2026-09-07T16:29:21.500275+00:00,344933.771,final-jianghu-on-continuous,73783,webcontent,0.0,2.170,297.469
2026-09-07T16:29:21.500278+00:00,344933.771,final-jianghu-on-continuous,73784,webkit_gpu,0.0,0.530,160.969
2026-09-07T16:29:21.500281+00:00,344933.771,final-jianghu-on-continuous,73785,webcontent,0.0,3.410,279.109
2026-09-07T16:29:21.500284+00:00,344933.771,final-jianghu-on-continuous,73786,webcontent,0.0,3.400,279.062
2026-09-07T16:29:21.500287+00:00,344933.771,final-jianghu-on-continuous,73787,webcontent,0.0,3.510,278.844
2026-09-07T16:29:22.516708+00:00,344934.773,final-jianghu-on-continuous,73705,reader,18.2,49.500,866.641
2026-09-07T16:29:22.516772+00:00,344934.773,final-jianghu-on-continuous,73741,webcontent,0.0,4.760,278.297
2026-09-07T16:29:22.516777+00:00,344934.773,final-jianghu-on-continuous,73743,webcontent,0.0,4.890,278.672
2026-09-07T16:29:22.516782+00:00,344934.773,final-jianghu-on-continuous,73744,webcontent,0.0,4.890,278.141
2026-09-07T16:29:22.516785+00:00,344934.773,final-jianghu-on-continuous,73746,webcontent,0.0,4.700,278.344
2026-09-07T16:29:22.516788+00:00,344934.773,final-jianghu-on-continuous,73750,webkit_network,0.3,0.430,119.422
2026-09-07T16:29:22.516791+00:00,344934.773,final-jianghu-on-continuous,73783,webcontent,0.6,2.180,297.562
2026-09-07T16:29:22.516794+00:00,344934.773,final-jianghu-on-continuous,73784,webkit_gpu,0.0,0.530,160.969
2026-09-07T16:29:22.516797+00:00,344934.773,final-jianghu-on-continuous,73785,webcontent,0.0,3.410,279.109
2026-09-07T16:29:22.516799+00:00,344934.773,final-jianghu-on-continuous,73786,webcontent,0.0,3.400,279.062
2026-09-07T16:29:22.516802+00:00,344934.773,final-jianghu-on-continuous,73787,webcontent,0.0,3.510,278.844
2026-09-07T16:29:23.506577+00:00,344935.784,final-jianghu-on-continuous,73705,reader,72.8,49.980,851.875
2026-09-07T16:29:23.506618+00:00,344935.784,final-jianghu-on-continuous,73741,webcontent,0.0,4.760,278.297
2026-09-07T16:29:23.506623+00:00,344935.784,final-jianghu-on-continuous,73743,webcontent,0.0,4.890,278.672
2026-09-07T16:29:23.506626+00:00,344935.784,final-jianghu-on-continuous,73744,webcontent,0.0,4.890,278.141
2026-09-07T16:29:23.506629+00:00,344935.784,final-jianghu-on-continuous,73746,webcontent,0.0,4.700,278.344
2026-09-07T16:29:23.506632+00:00,344935.784,final-jianghu-on-continuous,73750,webkit_network,0.0,0.430,119.422
2026-09-07T16:29:23.506634+00:00,344935.784,final-jianghu-on-continuous,73783,webcontent,0.0,2.180,297.562
2026-09-07T16:29:23.506637+00:00,344935.784,final-jianghu-on-continuous,73784,webkit_gpu,0.0,0.530,160.969
2026-09-07T16:29:23.506640+00:00,344935.784,final-jianghu-on-continuous,73785,webcontent,0.0,3.410,279.109
2026-09-07T16:29:23.506642+00:00,344935.784,final-jianghu-on-continuous,73786,webcontent,0.0,3.400,279.062
2026-09-07T16:29:23.506644+00:00,344935.784,final-jianghu-on-continuous,73787,webcontent,0.0,3.510,278.844
2026-09-07T16:29:24.516163+00:00,344936.793,final-jianghu-on-continuous,73705,reader,100.1,51.070,867.828
2026-09-07T16:29:24.516205+00:00,344936.793,final-jianghu-on-continuous,73741,webcontent,0.0,4.760,278.297
2026-09-07T16:29:24.516209+00:00,344936.793,final-jianghu-on-continuous,73743,webcontent,0.0,4.890,278.672
2026-09-07T16:29:24.516212+00:00,344936.793,final-jianghu-on-continuous,73744,webcontent,0.0,4.890,278.141
2026-09-07T16:29:24.516215+00:00,344936.793,final-jianghu-on-continuous,73746,webcontent,0.0,4.700,278.344
2026-09-07T16:29:24.516218+00:00,344936.793,final-jianghu-on-continuous,73750,webkit_network,0.0,0.430,119.422
2026-09-07T16:29:24.516221+00:00,344936.793,final-jianghu-on-continuous,73783,webcontent,0.0,2.180,297.562
2026-09-07T16:29:24.516224+00:00,344936.793,final-jianghu-on-continuous,73784,webkit_gpu,0.0,0.530,160.922
2026-09-07T16:29:24.516226+00:00,344936.793,final-jianghu-on-continuous,73785,webcontent,0.0,3.410,279.109
2026-09-07T16:29:24.516229+00:00,344936.793,final-jianghu-on-continuous,73786,webcontent,0.0,3.400,279.062
2026-09-07T16:29:24.516231+00:00,344936.793,final-jianghu-on-continuous,73787,webcontent,0.0,3.510,278.844
2026-09-07T16:29:25.544280+00:00,344937.802,final-jianghu-on-continuous,73705,reader,40.1,51.580,867.906
2026-09-07T16:29:25.544337+00:00,344937.802,final-jianghu-on-continuous,73741,webcontent,0.0,4.760,278.297
2026-09-07T16:29:25.544342+00:00,344937.802,final-jianghu-on-continuous,73743,webcontent,0.0,4.890,278.672
2026-09-07T16:29:25.544347+00:00,344937.802,final-jianghu-on-continuous,73744,webcontent,0.0,4.890,278.141
2026-09-07T16:29:25.544352+00:00,344937.802,final-jianghu-on-continuous,73746,webcontent,0.0,4.700,278.344
2026-09-07T16:29:25.544356+00:00,344937.802,final-jianghu-on-continuous,73750,webkit_network,0.0,0.430,119.406
2026-09-07T16:29:25.544360+00:00,344937.802,final-jianghu-on-continuous,73783,webcontent,0.0,2.180,297.500
2026-09-07T16:29:25.544368+00:00,344937.802,final-jianghu-on-continuous,73784,webkit_gpu,0.0,0.530,160.859
2026-09-07T16:29:25.544371+00:00,344937.802,final-jianghu-on-continuous,73785,webcontent,0.0,3.410,279.109
2026-09-07T16:29:25.544374+00:00,344937.802,final-jianghu-on-continuous,73786,webcontent,0.0,3.400,279.062
2026-09-07T16:29:25.544377+00:00,344937.802,final-jianghu-on-continuous,73787,webcontent,0.0,3.510,278.844
2026-09-07T16:29:26.545418+00:00,344938.812,final-jianghu-on-continuous,73705,reader,57.7,51.880,882.500
2026-09-07T16:29:26.545500+00:00,344938.812,final-jianghu-on-continuous,73741,webcontent,0.0,4.760,278.297
2026-09-07T16:29:26.545506+00:00,344938.812,final-jianghu-on-continuous,73743,webcontent,0.0,4.890,278.672
2026-09-07T16:29:26.545509+00:00,344938.812,final-jianghu-on-continuous,73744,webcontent,0.0,4.890,278.141
2026-09-07T16:29:26.545514+00:00,344938.812,final-jianghu-on-continuous,73746,webcontent,0.0,4.700,278.344
2026-09-07T16:29:26.545517+00:00,344938.812,final-jianghu-on-continuous,73750,webkit_network,0.0,0.430,119.406
2026-09-07T16:29:26.545520+00:00,344938.812,final-jianghu-on-continuous,73783,webcontent,0.0,2.180,297.500
2026-09-07T16:29:26.545523+00:00,344938.812,final-jianghu-on-continuous,73784,webkit_gpu,0.0,0.530,160.859
2026-09-07T16:29:26.545525+00:00,344938.812,final-jianghu-on-continuous,73785,webcontent,0.0,3.410,279.109
2026-09-07T16:29:26.545528+00:00,344938.812,final-jianghu-on-continuous,73786,webcontent,0.0,3.400,279.062
2026-09-07T16:29:26.545531+00:00,344938.812,final-jianghu-on-continuous,73787,webcontent,0.0,3.510,278.844
2026-09-07T16:29:27.565302+00:00,344939.822,final-jianghu-on-continuous,73705,reader,8.5,51.990,867.953
2026-09-07T16:29:27.565376+00:00,344939.822,final-jianghu-on-continuous,73741,webcontent,0.0,4.760,278.297
2026-09-07T16:29:27.565383+00:00,344939.822,final-jianghu-on-continuous,73743,webcontent,0.0,4.890,278.672
2026-09-07T16:29:27.565387+00:00,344939.822,final-jianghu-on-continuous,73744,webcontent,0.0,4.890,278.141
2026-09-07T16:29:27.565390+00:00,344939.822,final-jianghu-on-continuous,73746,webcontent,0.0,4.700,278.344
2026-09-07T16:29:27.565393+00:00,344939.822,final-jianghu-on-continuous,73750,webkit_network,0.0,0.430,119.406
2026-09-07T16:29:27.565396+00:00,344939.822,final-jianghu-on-continuous,73783,webcontent,0.0,2.180,297.500
2026-09-07T16:29:27.565399+00:00,344939.822,final-jianghu-on-continuous,73784,webkit_gpu,0.0,0.530,160.859
2026-09-07T16:29:27.565402+00:00,344939.822,final-jianghu-on-continuous,73785,webcontent,0.0,3.410,279.109
2026-09-07T16:29:27.565404+00:00,344939.822,final-jianghu-on-continuous,73786,webcontent,0.0,3.400,279.062
2026-09-07T16:29:27.565407+00:00,344939.822,final-jianghu-on-continuous,73787,webcontent,0.0,3.510,278.844
2026-09-07T16:29:28.546998+00:00,344940.830,final-jianghu-on-continuous,73705,reader,19.7,52.320,859.094
2026-09-07T16:29:28.547079+00:00,344940.830,final-jianghu-on-continuous,73741,webcontent,0.0,4.760,278.297
2026-09-07T16:29:28.547084+00:00,344940.830,final-jianghu-on-continuous,73743,webcontent,0.0,4.890,278.672
2026-09-07T16:29:28.547088+00:00,344940.830,final-jianghu-on-continuous,73744,webcontent,0.0,4.890,278.141
2026-09-07T16:29:28.547091+00:00,344940.830,final-jianghu-on-continuous,73746,webcontent,0.0,4.700,278.344
2026-09-07T16:29:28.547093+00:00,344940.830,final-jianghu-on-continuous,73750,webkit_network,0.0,0.430,119.406
2026-09-07T16:29:28.547096+00:00,344940.830,final-jianghu-on-continuous,73783,webcontent,0.0,2.180,297.500
2026-09-07T16:29:28.547099+00:00,344940.830,final-jianghu-on-continuous,73784,webkit_gpu,0.0,0.530,160.844
2026-09-07T16:29:28.547101+00:00,344940.830,final-jianghu-on-continuous,73785,webcontent,0.0,3.410,279.109
2026-09-07T16:29:28.547103+00:00,344940.830,final-jianghu-on-continuous,73786,webcontent,0.0,3.400,279.062
2026-09-07T16:29:28.547106+00:00,344940.830,final-jianghu-on-continuous,73787,webcontent,0.0,3.510,278.844
2026-09-07T16:29:29.563927+00:00,344941.836,final-jianghu-on-continuous,73705,reader,11.3,52.440,869.750
2026-09-07T16:29:29.563994+00:00,344941.836,final-jianghu-on-continuous,73741,webcontent,0.0,4.760,278.297
2026-09-07T16:29:29.563999+00:00,344941.836,final-jianghu-on-continuous,73743,webcontent,0.0,4.890,278.672
2026-09-07T16:29:29.564004+00:00,344941.836,final-jianghu-on-continuous,73744,webcontent,0.0,4.890,278.141
2026-09-07T16:29:29.564010+00:00,344941.836,final-jianghu-on-continuous,73746,webcontent,0.0,4.700,278.344
2026-09-07T16:29:29.564014+00:00,344941.836,final-jianghu-on-continuous,73750,webkit_network,0.0,0.430,119.406
2026-09-07T16:29:29.564016+00:00,344941.836,final-jianghu-on-continuous,73783,webcontent,0.0,2.180,297.500
2026-09-07T16:29:29.564019+00:00,344941.836,final-jianghu-on-continuous,73784,webkit_gpu,0.0,0.530,160.844
2026-09-07T16:29:29.564021+00:00,344941.836,final-jianghu-on-continuous,73785,webcontent,0.0,3.410,279.109
2026-09-07T16:29:29.564024+00:00,344941.836,final-jianghu-on-continuous,73786,webcontent,0.0,3.400,279.062
2026-09-07T16:29:29.564027+00:00,344941.836,final-jianghu-on-continuous,73787,webcontent,0.0,3.510,278.844
2026-09-07T16:29:30.567197+00:00,344942.841,final-jianghu-on-continuous,73705,reader,19.5,52.810,867.703
2026-09-07T16:29:30.567259+00:00,344942.841,final-jianghu-on-continuous,73741,webcontent,0.0,4.760,278.297
2026-09-07T16:29:30.567265+00:00,344942.841,final-jianghu-on-continuous,73743,webcontent,0.0,4.890,278.672
2026-09-07T16:29:30.567269+00:00,344942.841,final-jianghu-on-continuous,73744,webcontent,0.0,4.890,278.141
2026-09-07T16:29:30.567271+00:00,344942.841,final-jianghu-on-continuous,73746,webcontent,0.0,4.700,278.344
2026-09-07T16:29:30.567274+00:00,344942.841,final-jianghu-on-continuous,73750,webkit_network,0.0,0.430,119.406
2026-09-07T16:29:30.567277+00:00,344942.841,final-jianghu-on-continuous,73783,webcontent,0.0,2.180,297.500
2026-09-07T16:29:30.567284+00:00,344942.841,final-jianghu-on-continuous,73784,webkit_gpu,0.0,0.530,160.844
2026-09-07T16:29:30.567287+00:00,344942.841,final-jianghu-on-continuous,73785,webcontent,0.0,3.410,279.109
2026-09-07T16:29:30.567289+00:00,344942.841,final-jianghu-on-continuous,73786,webcontent,0.0,3.400,279.062
2026-09-07T16:29:30.567292+00:00,344942.841,final-jianghu-on-continuous,73787,webcontent,0.0,3.510,278.844
2026-09-07T16:29:31.570080+00:00,344943.851,final-jianghu-on-continuous,73705,reader,41.6,53.100,852.219
2026-09-07T16:29:31.570136+00:00,344943.851,final-jianghu-on-continuous,73741,webcontent,0.0,4.760,278.297
2026-09-07T16:29:31.570141+00:00,344943.851,final-jianghu-on-continuous,73743,webcontent,0.0,4.890,278.672
2026-09-07T16:29:31.570146+00:00,344943.851,final-jianghu-on-continuous,73744,webcontent,0.0,4.890,278.141
2026-09-07T16:29:31.570150+00:00,344943.851,final-jianghu-on-continuous,73746,webcontent,0.0,4.700,278.344
2026-09-07T16:29:31.570153+00:00,344943.851,final-jianghu-on-continuous,73750,webkit_network,0.0,0.430,119.406
2026-09-07T16:29:31.570156+00:00,344943.851,final-jianghu-on-continuous,73783,webcontent,0.0,2.180,297.500
2026-09-07T16:29:31.570159+00:00,344943.851,final-jianghu-on-continuous,73784,webkit_gpu,0.0,0.530,160.844
2026-09-07T16:29:31.570162+00:00,344943.851,final-jianghu-on-continuous,73785,webcontent,0.0,3.410,279.109
2026-09-07T16:29:31.570165+00:00,344943.851,final-jianghu-on-continuous,73786,webcontent,0.0,3.400,279.062
2026-09-07T16:29:31.570168+00:00,344943.851,final-jianghu-on-continuous,73787,webcontent,0.0,3.510,278.844
2026-09-07T16:29:32.604371+00:00,344944.861,final-jianghu-on-continuous,73705,reader,3.7,53.220,867.688
2026-09-07T16:29:32.604437+00:00,344944.861,final-jianghu-on-continuous,73741,webcontent,0.0,4.760,278.297
2026-09-07T16:29:32.604442+00:00,344944.861,final-jianghu-on-continuous,73743,webcontent,0.0,4.890,278.672
2026-09-07T16:29:32.604446+00:00,344944.861,final-jianghu-on-continuous,73744,webcontent,0.0,4.890,278.141
2026-09-07T16:29:32.604449+00:00,344944.861,final-jianghu-on-continuous,73746,webcontent,0.0,4.700,278.344
2026-09-07T16:29:32.604454+00:00,344944.861,final-jianghu-on-continuous,73750,webkit_network,0.0,0.430,119.406
2026-09-07T16:29:32.604457+00:00,344944.861,final-jianghu-on-continuous,73783,webcontent,0.0,2.180,297.406
2026-09-07T16:29:32.604460+00:00,344944.861,final-jianghu-on-continuous,73784,webkit_gpu,0.0,0.530,160.844
2026-09-07T16:29:32.604463+00:00,344944.861,final-jianghu-on-continuous,73785,webcontent,0.0,3.410,279.109
2026-09-07T16:29:32.604466+00:00,344944.861,final-jianghu-on-continuous,73786,webcontent,0.0,3.400,279.062
2026-09-07T16:29:32.604468+00:00,344944.861,final-jianghu-on-continuous,73787,webcontent,0.0,3.510,278.844
2026-09-07T16:29:33.616630+00:00,344945.872,final-jianghu-on-continuous,73705,reader,17.4,53.580,867.656
2026-09-07T16:29:33.616688+00:00,344945.872,final-jianghu-on-continuous,73741,webcontent,0.0,4.760,278.297
2026-09-07T16:29:33.616693+00:00,344945.872,final-jianghu-on-continuous,73743,webcontent,0.0,4.890,278.672
2026-09-07T16:29:33.616696+00:00,344945.872,final-jianghu-on-continuous,73744,webcontent,0.0,4.890,278.141
2026-09-07T16:29:33.616699+00:00,344945.872,final-jianghu-on-continuous,73746,webcontent,0.0,4.700,278.344
2026-09-07T16:29:33.616704+00:00,344945.872,final-jianghu-on-continuous,73750,webkit_network,0.0,0.430,119.406
2026-09-07T16:29:33.616707+00:00,344945.872,final-jianghu-on-continuous,73783,webcontent,0.0,2.180,297.406
2026-09-07T16:29:33.616710+00:00,344945.872,final-jianghu-on-continuous,73784,webkit_gpu,0.0,0.530,160.844
2026-09-07T16:29:33.616713+00:00,344945.872,final-jianghu-on-continuous,73785,webcontent,0.0,3.410,279.109
2026-09-07T16:29:33.616716+00:00,344945.872,final-jianghu-on-continuous,73786,webcontent,0.0,3.400,279.062
2026-09-07T16:29:33.616719+00:00,344945.872,final-jianghu-on-continuous,73787,webcontent,0.0,3.510,278.844
2026-09-07T16:29:34.592569+00:00,344946.874,final-jianghu-on-continuous,73705,reader,77.3,53.890,852.141
2026-09-07T16:29:34.592682+00:00,344946.874,final-jianghu-on-continuous,73741,webcontent,0.0,4.760,278.297
2026-09-07T16:29:34.592694+00:00,344946.874,final-jianghu-on-continuous,73743,webcontent,0.0,4.890,278.672
2026-09-07T16:29:34.592697+00:00,344946.874,final-jianghu-on-continuous,73744,webcontent,0.0,4.890,278.141
2026-09-07T16:29:34.592700+00:00,344946.874,final-jianghu-on-continuous,73746,webcontent,0.0,4.700,278.344
2026-09-07T16:29:34.592704+00:00,344946.874,final-jianghu-on-continuous,73750,webkit_network,0.0,0.430,119.406
2026-09-07T16:29:34.592707+00:00,344946.874,final-jianghu-on-continuous,73783,webcontent,0.0,2.180,297.406
2026-09-07T16:29:34.592709+00:00,344946.874,final-jianghu-on-continuous,73784,webkit_gpu,0.0,0.530,160.844
2026-09-07T16:29:34.592712+00:00,344946.874,final-jianghu-on-continuous,73785,webcontent,0.0,3.410,279.109
2026-09-07T16:29:34.592714+00:00,344946.874,final-jianghu-on-continuous,73786,webcontent,0.0,3.400,279.062
2026-09-07T16:29:34.592717+00:00,344946.874,final-jianghu-on-continuous,73787,webcontent,0.0,3.510,278.844
2026-09-07T16:29:35.631542+00:00,344947.882,final-jianghu-on-continuous,73705,reader,82.0,54.620,867.906
2026-09-07T16:29:35.631647+00:00,344947.882,final-jianghu-on-continuous,73741,webcontent,0.0,4.760,278.297
2026-09-07T16:29:35.631676+00:00,344947.882,final-jianghu-on-continuous,73743,webcontent,0.0,4.890,278.672
2026-09-07T16:29:35.631702+00:00,344947.882,final-jianghu-on-continuous,73744,webcontent,0.0,4.890,278.141
2026-09-07T16:29:35.631718+00:00,344947.882,final-jianghu-on-continuous,73746,webcontent,0.0,4.700,278.344
2026-09-07T16:29:35.631734+00:00,344947.882,final-jianghu-on-continuous,73750,webkit_network,0.1,0.430,119.406
2026-09-07T16:29:35.631739+00:00,344947.882,final-jianghu-on-continuous,73783,webcontent,2.3,2.200,297.469
2026-09-07T16:29:35.631743+00:00,344947.882,final-jianghu-on-continuous,73784,webkit_gpu,2.5,0.550,161.688
2026-09-07T16:29:35.631745+00:00,344947.882,final-jianghu-on-continuous,73785,webcontent,0.0,3.410,279.109
2026-09-07T16:29:35.631748+00:00,344947.882,final-jianghu-on-continuous,73786,webcontent,0.0,3.400,279.062
2026-09-07T16:29:35.631751+00:00,344947.882,final-jianghu-on-continuous,73787,webcontent,0.0,3.510,278.844
2026-09-07T16:29:36.604317+00:00,344948.892,final-jianghu-on-continuous,73705,reader,38.7,55.310,875.297
2026-09-07T16:29:36.604361+00:00,344948.892,final-jianghu-on-continuous,73741,webcontent,0.0,4.760,278.297
2026-09-07T16:29:36.604366+00:00,344948.892,final-jianghu-on-continuous,73743,webcontent,0.0,4.890,278.672
2026-09-07T16:29:36.604370+00:00,344948.892,final-jianghu-on-continuous,73744,webcontent,0.0,4.890,278.141
2026-09-07T16:29:36.604373+00:00,344948.892,final-jianghu-on-continuous,73746,webcontent,0.0,4.700,278.344
2026-09-07T16:29:36.604375+00:00,344948.892,final-jianghu-on-continuous,73750,webkit_network,0.0,0.430,119.406
2026-09-07T16:29:36.604378+00:00,344948.892,final-jianghu-on-continuous,73783,webcontent,0.0,2.200,297.469
2026-09-07T16:29:36.604380+00:00,344948.892,final-jianghu-on-continuous,73784,webkit_gpu,0.0,0.550,161.688
2026-09-07T16:29:36.604383+00:00,344948.892,final-jianghu-on-continuous,73785,webcontent,0.0,3.410,279.109
2026-09-07T16:29:36.604386+00:00,344948.892,final-jianghu-on-continuous,73786,webcontent,0.0,3.400,279.062
2026-09-07T16:29:36.604388+00:00,344948.892,final-jianghu-on-continuous,73787,webcontent,0.0,3.510,278.844
2026-09-07T16:29:37.638766+00:00,344949.903,final-jianghu-on-continuous,73705,reader,70.2,55.640,890.594
2026-09-07T16:29:37.638814+00:00,344949.903,final-jianghu-on-continuous,73741,webcontent,0.0,4.760,278.297
2026-09-07T16:29:37.638820+00:00,344949.903,final-jianghu-on-continuous,73743,webcontent,0.0,4.890,278.672
2026-09-07T16:29:37.638824+00:00,344949.903,final-jianghu-on-continuous,73744,webcontent,0.0,4.890,278.141
2026-09-07T16:29:37.638829+00:00,344949.903,final-jianghu-on-continuous,73746,webcontent,0.0,4.700,278.344
2026-09-07T16:29:37.638832+00:00,344949.903,final-jianghu-on-continuous,73750,webkit_network,0.0,0.430,119.406
2026-09-07T16:29:37.638836+00:00,344949.903,final-jianghu-on-continuous,73783,webcontent,0.0,2.200,297.469
2026-09-07T16:29:37.638839+00:00,344949.903,final-jianghu-on-continuous,73784,webkit_gpu,0.0,0.550,161.688
2026-09-07T16:29:37.638842+00:00,344949.903,final-jianghu-on-continuous,73785,webcontent,0.0,3.410,279.109
2026-09-07T16:29:37.638846+00:00,344949.903,final-jianghu-on-continuous,73786,webcontent,0.0,3.400,279.062
2026-09-07T16:29:37.638849+00:00,344949.903,final-jianghu-on-continuous,73787,webcontent,0.0,3.510,278.844
2026-09-07T16:29:38.632890+00:00,344950.913,final-jianghu-on-continuous,73705,reader,96.6,56.490,876.641
2026-09-07T16:29:38.632933+00:00,344950.913,final-jianghu-on-continuous,73741,webcontent,0.0,4.760,278.297
2026-09-07T16:29:38.632938+00:00,344950.913,final-jianghu-on-continuous,73743,webcontent,0.0,4.890,278.672
2026-09-07T16:29:38.632942+00:00,344950.913,final-jianghu-on-continuous,73744,webcontent,0.0,4.890,278.141
2026-09-07T16:29:38.632945+00:00,344950.913,final-jianghu-on-continuous,73746,webcontent,0.0,4.700,278.344
2026-09-07T16:29:38.632948+00:00,344950.913,final-jianghu-on-continuous,73750,webkit_network,0.1,0.430,119.422
2026-09-07T16:29:38.632951+00:00,344950.913,final-jianghu-on-continuous,73783,webcontent,0.1,2.200,297.562
2026-09-07T16:29:38.632953+00:00,344950.913,final-jianghu-on-continuous,73784,webkit_gpu,0.0,0.550,161.688
2026-09-07T16:29:38.632956+00:00,344950.913,final-jianghu-on-continuous,73785,webcontent,0.0,3.410,279.109
2026-09-07T16:29:38.632958+00:00,344950.913,final-jianghu-on-continuous,73786,webcontent,0.0,3.400,279.062
2026-09-07T16:29:38.632961+00:00,344950.913,final-jianghu-on-continuous,73787,webcontent,0.0,3.510,278.844
2026-09-07T16:29:39.648080+00:00,344951.922,final-jianghu-on-continuous,73705,reader,27.3,57.130,862.750
2026-09-07T16:29:39.648138+00:00,344951.922,final-jianghu-on-continuous,73741,webcontent,0.0,4.760,278.297
2026-09-07T16:29:39.648143+00:00,344951.922,final-jianghu-on-continuous,73743,webcontent,0.0,4.890,278.672
2026-09-07T16:29:39.648148+00:00,344951.922,final-jianghu-on-continuous,73744,webcontent,0.0,4.890,278.141
2026-09-07T16:29:39.648151+00:00,344951.922,final-jianghu-on-continuous,73746,webcontent,0.0,4.700,278.344
2026-09-07T16:29:39.648154+00:00,344951.922,final-jianghu-on-continuous,73750,webkit_network,0.0,0.430,119.422
2026-09-07T16:29:39.648157+00:00,344951.922,final-jianghu-on-continuous,73783,webcontent,0.0,2.200,297.562
2026-09-07T16:29:39.648160+00:00,344951.922,final-jianghu-on-continuous,73784,webkit_gpu,0.0,0.550,161.688
2026-09-07T16:29:39.648163+00:00,344951.922,final-jianghu-on-continuous,73785,webcontent,0.0,3.410,279.109
2026-09-07T16:29:39.648165+00:00,344951.922,final-jianghu-on-continuous,73786,webcontent,0.0,3.400,279.062
2026-09-07T16:29:39.648168+00:00,344951.922,final-jianghu-on-continuous,73787,webcontent,0.0,3.510,278.844
2026-09-07T16:29:40.644876+00:00,344952.931,final-jianghu-on-continuous,73705,reader,12.0,57.270,846.688
2026-09-07T16:29:40.644927+00:00,344952.931,final-jianghu-on-continuous,73741,webcontent,0.0,4.760,278.297
2026-09-07T16:29:40.644931+00:00,344952.931,final-jianghu-on-continuous,73743,webcontent,0.0,4.890,278.672
2026-09-07T16:29:40.644936+00:00,344952.931,final-jianghu-on-continuous,73744,webcontent,0.0,4.890,278.141
2026-09-07T16:29:40.644938+00:00,344952.931,final-jianghu-on-continuous,73746,webcontent,0.0,4.700,278.344
2026-09-07T16:29:40.644941+00:00,344952.931,final-jianghu-on-continuous,73750,webkit_network,0.0,0.430,119.422
2026-09-07T16:29:40.644944+00:00,344952.931,final-jianghu-on-continuous,73783,webcontent,0.0,2.200,297.562
2026-09-07T16:29:40.644947+00:00,344952.931,final-jianghu-on-continuous,73784,webkit_gpu,0.0,0.550,161.625
2026-09-07T16:29:40.644949+00:00,344952.931,final-jianghu-on-continuous,73785,webcontent,0.0,3.410,279.109
2026-09-07T16:29:40.644951+00:00,344952.931,final-jianghu-on-continuous,73786,webcontent,0.0,3.400,279.062
2026-09-07T16:29:40.644954+00:00,344952.931,final-jianghu-on-continuous,73787,webcontent,0.0,3.510,278.844
2026-09-07T16:29:41.661610+00:00,344953.932,final-jianghu-on-continuous,73705,reader,17.4,57.650,876.734
2026-09-07T16:29:41.661670+00:00,344953.932,final-jianghu-on-continuous,73741,webcontent,0.0,4.760,278.297
2026-09-07T16:29:41.661675+00:00,344953.932,final-jianghu-on-continuous,73743,webcontent,0.0,4.890,278.672
2026-09-07T16:29:41.661679+00:00,344953.932,final-jianghu-on-continuous,73744,webcontent,0.0,4.890,278.141
2026-09-07T16:29:41.661682+00:00,344953.932,final-jianghu-on-continuous,73746,webcontent,0.0,4.700,278.344
2026-09-07T16:29:41.661687+00:00,344953.932,final-jianghu-on-continuous,73750,webkit_network,0.0,0.430,119.422
2026-09-07T16:29:41.661690+00:00,344953.932,final-jianghu-on-continuous,73783,webcontent,0.0,2.200,297.500
2026-09-07T16:29:41.661693+00:00,344953.932,final-jianghu-on-continuous,73784,webkit_gpu,0.0,0.550,161.578
2026-09-07T16:29:41.661696+00:00,344953.932,final-jianghu-on-continuous,73785,webcontent,0.0,3.410,279.109
2026-09-07T16:29:41.661698+00:00,344953.932,final-jianghu-on-continuous,73786,webcontent,0.0,3.400,279.062
2026-09-07T16:29:41.661702+00:00,344953.932,final-jianghu-on-continuous,73787,webcontent,0.0,3.510,278.844
2026-09-07T16:29:42.667320+00:00,344954.942,final-jianghu-on-continuous,73705,reader,45.5,58.000,861.297
2026-09-07T16:29:42.667375+00:00,344954.942,final-jianghu-on-continuous,73741,webcontent,0.0,4.760,278.297
2026-09-07T16:29:42.667380+00:00,344954.942,final-jianghu-on-continuous,73743,webcontent,0.0,4.890,278.672
2026-09-07T16:29:42.667384+00:00,344954.942,final-jianghu-on-continuous,73744,webcontent,0.0,4.890,278.141
2026-09-07T16:29:42.667387+00:00,344954.942,final-jianghu-on-continuous,73746,webcontent,0.0,4.700,278.344
2026-09-07T16:29:42.667390+00:00,344954.942,final-jianghu-on-continuous,73750,webkit_network,0.0,0.430,119.422
2026-09-07T16:29:42.667393+00:00,344954.942,final-jianghu-on-continuous,73783,webcontent,0.0,2.200,297.500
2026-09-07T16:29:42.667396+00:00,344954.942,final-jianghu-on-continuous,73784,webkit_gpu,0.0,0.550,161.578
2026-09-07T16:29:42.667399+00:00,344954.942,final-jianghu-on-continuous,73785,webcontent,0.0,3.410,279.109
2026-09-07T16:29:42.667402+00:00,344954.942,final-jianghu-on-continuous,73786,webcontent,0.0,3.400,279.062
2026-09-07T16:29:42.667405+00:00,344954.942,final-jianghu-on-continuous,73787,webcontent,0.0,3.510,278.844
2026-09-07T16:29:43.689518+00:00,344955.953,final-jianghu-on-continuous,73705,reader,3.5,58.110,876.781
2026-09-07T16:29:43.689571+00:00,344955.953,final-jianghu-on-continuous,73741,webcontent,0.0,4.760,278.297
2026-09-07T16:29:43.689578+00:00,344955.953,final-jianghu-on-continuous,73743,webcontent,0.0,4.890,278.672
2026-09-07T16:29:43.689581+00:00,344955.953,final-jianghu-on-continuous,73744,webcontent,0.0,4.890,278.141
2026-09-07T16:29:43.689584+00:00,344955.953,final-jianghu-on-continuous,73746,webcontent,0.0,4.700,278.344
2026-09-07T16:29:43.689587+00:00,344955.953,final-jianghu-on-continuous,73750,webkit_network,0.0,0.430,119.422
2026-09-07T16:29:43.689590+00:00,344955.953,final-jianghu-on-continuous,73783,webcontent,0.0,2.200,297.500
2026-09-07T16:29:43.689593+00:00,344955.953,final-jianghu-on-continuous,73784,webkit_gpu,0.0,0.550,161.562
2026-09-07T16:29:43.689596+00:00,344955.953,final-jianghu-on-continuous,73785,webcontent,0.0,3.410,279.109
2026-09-07T16:29:43.689599+00:00,344955.953,final-jianghu-on-continuous,73786,webcontent,0.0,3.400,279.062
2026-09-07T16:29:43.689602+00:00,344955.953,final-jianghu-on-continuous,73787,webcontent,0.0,3.510,278.844
2026-09-07T16:29:44.698814+00:00,344956.954,final-jianghu-on-continuous,73705,reader,27.1,58.510,876.781
2026-09-07T16:29:44.698870+00:00,344956.954,final-jianghu-on-continuous,73741,webcontent,0.0,4.760,278.297
2026-09-07T16:29:44.698875+00:00,344956.954,final-jianghu-on-continuous,73743,webcontent,0.0,4.890,278.672
2026-09-07T16:29:44.698880+00:00,344956.954,final-jianghu-on-continuous,73744,webcontent,0.0,4.890,278.141
2026-09-07T16:29:44.698883+00:00,344956.954,final-jianghu-on-continuous,73746,webcontent,0.0,4.700,278.344
2026-09-07T16:29:44.698886+00:00,344956.954,final-jianghu-on-continuous,73750,webkit_network,0.0,0.430,119.422
2026-09-07T16:29:44.698889+00:00,344956.954,final-jianghu-on-continuous,73783,webcontent,0.0,2.200,297.500
2026-09-07T16:29:44.698892+00:00,344956.954,final-jianghu-on-continuous,73784,webkit_gpu,0.0,0.550,161.562
2026-09-07T16:29:44.698895+00:00,344956.954,final-jianghu-on-continuous,73785,webcontent,0.0,3.410,279.109
2026-09-07T16:29:44.698898+00:00,344956.954,final-jianghu-on-continuous,73786,webcontent,0.0,3.400,279.062
2026-09-07T16:29:44.698901+00:00,344956.954,final-jianghu-on-continuous,73787,webcontent,0.0,3.510,278.844
2026-09-07T16:29:45.676663+00:00,344957.964,final-jianghu-on-continuous,73705,reader,75.5,58.880,862.234
2026-09-07T16:29:45.676705+00:00,344957.964,final-jianghu-on-continuous,73741,webcontent,0.0,4.760,278.297
2026-09-07T16:29:45.676710+00:00,344957.964,final-jianghu-on-continuous,73743,webcontent,0.0,4.890,278.672
2026-09-07T16:29:45.676713+00:00,344957.964,final-jianghu-on-continuous,73744,webcontent,0.0,4.890,278.141
2026-09-07T16:29:45.676715+00:00,344957.964,final-jianghu-on-continuous,73746,webcontent,0.0,4.700,278.344
2026-09-07T16:29:45.676718+00:00,344957.964,final-jianghu-on-continuous,73750,webkit_network,0.0,0.430,119.422
2026-09-07T16:29:45.676721+00:00,344957.964,final-jianghu-on-continuous,73783,webcontent,0.0,2.200,297.500
2026-09-07T16:29:45.676723+00:00,344957.964,final-jianghu-on-continuous,73784,webkit_gpu,0.0,0.550,161.562
2026-09-07T16:29:45.676726+00:00,344957.964,final-jianghu-on-continuous,73785,webcontent,0.0,3.410,279.109
2026-09-07T16:29:45.676728+00:00,344957.964,final-jianghu-on-continuous,73786,webcontent,0.0,3.400,279.062
2026-09-07T16:29:45.676731+00:00,344957.964,final-jianghu-on-continuous,73787,webcontent,0.0,3.510,278.844
2026-09-07T16:29:46.720416+00:00,344958.975,final-jianghu-on-continuous,73705,reader,9.4,59.020,877.609
2026-09-07T16:29:46.720472+00:00,344958.975,final-jianghu-on-continuous,73741,webcontent,0.0,4.760,278.297
2026-09-07T16:29:46.720478+00:00,344958.975,final-jianghu-on-continuous,73743,webcontent,0.0,4.890,278.672
2026-09-07T16:29:46.720482+00:00,344958.975,final-jianghu-on-continuous,73744,webcontent,0.0,4.890,278.141
2026-09-07T16:29:46.720485+00:00,344958.975,final-jianghu-on-continuous,73746,webcontent,0.0,4.700,278.344
2026-09-07T16:29:46.720488+00:00,344958.975,final-jianghu-on-continuous,73750,webkit_network,0.0,0.430,119.422
2026-09-07T16:29:46.720491+00:00,344958.975,final-jianghu-on-continuous,73783,webcontent,0.0,2.200,297.500
2026-09-07T16:29:46.720497+00:00,344958.975,final-jianghu-on-continuous,73784,webkit_gpu,0.0,0.550,161.562
2026-09-07T16:29:46.720501+00:00,344958.975,final-jianghu-on-continuous,73785,webcontent,0.0,3.410,279.109
2026-09-07T16:29:46.720504+00:00,344958.975,final-jianghu-on-continuous,73786,webcontent,0.0,3.400,279.062
2026-09-07T16:29:46.720507+00:00,344958.975,final-jianghu-on-continuous,73787,webcontent,0.0,3.510,278.844
