utc,monotonic_s,scenario,pid,kind,cpu_ps_percent,cpu_total_s,rss_mib
2026-09-07T17:15:13.171475+00:00,347685.421,snapshot-settled-after-default-off-continuous,82878,reader,3.5,11.200,626.344
2026-09-07T17:15:13.171535+00:00,347685.421,snapshot-settled-after-default-off-continuous,82886,webcontent,18.4,4.140,278.844
2026-09-07T17:15:13.171542+00:00,347685.421,snapshot-settled-after-default-off-continuous,82887,webcontent,18.5,4.180,278.734
2026-09-07T17:15:13.171546+00:00,347685.421,snapshot-settled-after-default-off-continuous,82889,webcontent,18.5,4.260,278.828
2026-09-07T17:15:13.171549+00:00,347685.421,snapshot-settled-after-default-off-continuous,82890,webcontent,16.6,4.240,278.797
2026-09-07T17:15:13.171552+00:00,347685.421,snapshot-settled-after-default-off-continuous,82892,webkit_network,0.0,0.390,119.500
2026-09-07T17:15:14.192774+00:00,347686.432,snapshot-settled-after-default-off-continuous,82878,reader,16.5,11.300,643.266
2026-09-07T17:15:14.192836+00:00,347686.432,snapshot-settled-after-default-off-continuous,82886,webcontent,0.5,4.160,278.766
2026-09-07T17:15:14.192842+00:00,347686.432,snapshot-settled-after-default-off-continuous,82887,webcontent,0.5,4.190,278.656
2026-09-07T17:15:14.192846+00:00,347686.432,snapshot-settled-after-default-off-continuous,82889,webcontent,0.5,4.270,278.750
2026-09-07T17:15:14.192849+00:00,347686.432,snapshot-settled-after-default-off-continuous,82890,webcontent,0.6,4.260,278.719
2026-09-07T17:15:14.192852+00:00,347686.432,snapshot-settled-after-default-off-continuous,82892,webkit_network,0.0,0.390,119.500
2026-09-07T17:15:15.199719+00:00,347687.442,snapshot-settled-after-default-off-continuous,82878,reader,4.0,11.440,632.531
2026-09-07T17:15:15.199765+00:00,347687.442,snapshot-settled-after-default-off-continuous,82886,webcontent,0.0,4.160,278.766
2026-09-07T17:15:15.199770+00:00,347687.442,snapshot-settled-after-default-off-continuous,82887,webcontent,0.0,4.190,278.656
2026-09-07T17:15:15.199774+00:00,347687.442,snapshot-settled-after-default-off-continuous,82889,webcontent,0.0,4.270,278.750
2026-09-07T17:15:15.199777+00:00,347687.442,snapshot-settled-after-default-off-continuous,82890,webcontent,0.0,4.260,278.719
2026-09-07T17:15:15.199781+00:00,347687.442,snapshot-settled-after-default-off-continuous,82892,webkit_network,0.0,0.390,119.484
2026-09-07T17:15:16.206478+00:00,347688.452,snapshot-settled-after-default-off-continuous,82878,reader,9.0,11.560,633.422
2026-09-07T17:15:16.206546+00:00,347688.452,snapshot-settled-after-default-off-continuous,82886,webcontent,0.0,4.160,278.766
2026-09-07T17:15:16.206552+00:00,347688.452,snapshot-settled-after-default-off-continuous,82887,webcontent,0.0,4.190,278.656
2026-09-07T17:15:16.206555+00:00,347688.452,snapshot-settled-after-default-off-continuous,82889,webcontent,0.0,4.270,278.750
2026-09-07T17:15:16.206559+00:00,347688.452,snapshot-settled-after-default-off-continuous,82890,webcontent,0.0,4.260,278.719
2026-09-07T17:15:16.206563+00:00,347688.452,snapshot-settled-after-default-off-continuous,82892,webkit_network,0.0,0.390,119.484
2026-09-07T17:15:17.211694+00:00,347689.462,snapshot-settled-after-default-off-continuous,82878,reader,19.5,11.710,648.812
2026-09-07T17:15:17.211743+00:00,347689.462,snapshot-settled-after-default-off-continuous,82886,webcontent,0.0,4.160,278.766
2026-09-07T17:15:17.211749+00:00,347689.462,snapshot-settled-after-default-off-continuous,82887,webcontent,0.0,4.190,278.656
2026-09-07T17:15:17.211753+00:00,347689.462,snapshot-settled-after-default-off-continuous,82889,webcontent,0.0,4.270,278.766
2026-09-07T17:15:17.211756+00:00,347689.462,snapshot-settled-after-default-off-continuous,82890,webcontent,0.0,4.260,278.719
2026-09-07T17:15:17.211760+00:00,347689.462,snapshot-settled-after-default-off-continuous,82892,webkit_network,0.0,0.390,119.484
2026-09-07T17:15:18.221906+00:00,347690.473,snapshot-settled-after-default-off-continuous,82878,reader,3.2,11.760,634.281
2026-09-07T17:15:18.221967+00:00,347690.473,snapshot-settled-after-default-off-continuous,82886,webcontent,0.0,4.160,278.812
2026-09-07T17:15:18.221974+00:00,347690.473,snapshot-settled-after-default-off-continuous,82887,webcontent,0.0,4.190,278.656
2026-09-07T17:15:18.221978+00:00,347690.473,snapshot-settled-after-default-off-continuous,82889,webcontent,0.0,4.270,278.812
2026-09-07T17:15:18.221981+00:00,347690.473,snapshot-settled-after-default-off-continuous,82890,webcontent,0.0,4.260,278.719
2026-09-07T17:15:18.221985+00:00,347690.473,snapshot-settled-after-default-off-continuous,82892,webkit_network,0.0,0.390,119.438
2026-09-07T17:15:19.220652+00:00,347691.483,snapshot-settled-after-default-off-continuous,82878,reader,9.3,11.880,634.875
2026-09-07T17:15:19.220704+00:00,347691.483,snapshot-settled-after-default-off-continuous,82886,webcontent,0.0,4.160,278.734
2026-09-07T17:15:19.220709+00:00,347691.483,snapshot-settled-after-default-off-continuous,82887,webcontent,0.0,4.190,278.578
2026-09-07T17:15:19.220712+00:00,347691.483,snapshot-settled-after-default-off-continuous,82889,webcontent,0.0,4.280,278.734
2026-09-07T17:15:19.220715+00:00,347691.483,snapshot-settled-after-default-off-continuous,82890,webcontent,0.0,4.260,278.641
2026-09-07T17:15:19.220718+00:00,347691.483,snapshot-settled-after-default-off-continuous,82892,webkit_network,0.0,0.390,119.438
2026-09-07T17:15:20.228823+00:00,347692.493,snapshot-settled-after-default-off-continuous,82878,reader,2.6,11.960,634.922
2026-09-07T17:15:20.228868+00:00,347692.493,snapshot-settled-after-default-off-continuous,82886,webcontent,0.0,4.160,278.734
2026-09-07T17:15:20.228874+00:00,347692.493,snapshot-settled-after-default-off-continuous,82887,webcontent,0.0,4.190,278.578
2026-09-07T17:15:20.228881+00:00,347692.493,snapshot-settled-after-default-off-continuous,82889,webcontent,0.0,4.280,278.734
2026-09-07T17:15:20.228885+00:00,347692.493,snapshot-settled-after-default-off-continuous,82890,webcontent,0.0,4.260,278.641
2026-09-07T17:15:20.228888+00:00,347692.493,snapshot-settled-after-default-off-continuous,82892,webkit_network,0.0,0.390,119.438
2026-09-07T17:15:21.257733+00:00,347693.504,snapshot-settled-after-default-off-continuous,82878,reader,11.0,12.090,635.297
2026-09-07T17:15:21.257782+00:00,347693.504,snapshot-settled-after-default-off-continuous,82886,webcontent,0.0,4.160,278.734
2026-09-07T17:15:21.257787+00:00,347693.504,snapshot-settled-after-default-off-continuous,82887,webcontent,0.0,4.190,278.578
2026-09-07T17:15:21.257791+00:00,347693.504,snapshot-settled-after-default-off-continuous,82889,webcontent,0.0,4.280,278.734
2026-09-07T17:15:21.257794+00:00,347693.504,snapshot-settled-after-default-off-continuous,82890,webcontent,0.0,4.260,278.641
2026-09-07T17:15:21.257797+00:00,347693.504,snapshot-settled-after-default-off-continuous,82892,webkit_network,0.0,0.390,119.422
2026-09-07T17:15:22.241550+00:00,347694.507,snapshot-settled-after-default-off-continuous,82878,reader,15.5,12.220,650.047
2026-09-07T17:15:22.241607+00:00,347694.507,snapshot-settled-after-default-off-continuous,82886,webcontent,0.0,4.160,278.734
2026-09-07T17:15:22.241611+00:00,347694.507,snapshot-settled-after-default-off-continuous,82887,webcontent,0.0,4.190,278.578
2026-09-07T17:15:22.241614+00:00,347694.507,snapshot-settled-after-default-off-continuous,82889,webcontent,0.0,4.280,278.734
2026-09-07T17:15:22.241618+00:00,347694.507,snapshot-settled-after-default-off-continuous,82890,webcontent,0.0,4.260,278.641
2026-09-07T17:15:22.241621+00:00,347694.507,snapshot-settled-after-default-off-continuous,82892,webkit_network,0.0,0.390,119.422
2026-09-07T17:15:23.274153+00:00,347695.517,snapshot-settled-after-default-off-continuous,82878,reader,3.6,12.280,635.531
2026-09-07T17:15:23.274198+00:00,347695.517,snapshot-settled-after-default-off-continuous,82886,webcontent,0.0,4.160,278.594
2026-09-07T17:15:23.274204+00:00,347695.517,snapshot-settled-after-default-off-continuous,82887,webcontent,0.0,4.200,278.438
2026-09-07T17:15:23.274209+00:00,347695.517,snapshot-settled-after-default-off-continuous,82889,webcontent,0.0,4.280,278.594
2026-09-07T17:15:23.274212+00:00,347695.517,snapshot-settled-after-default-off-continuous,82890,webcontent,0.0,4.260,278.547
2026-09-07T17:15:23.274215+00:00,347695.517,snapshot-settled-after-default-off-continuous,82892,webkit_network,0.0,0.390,119.422
2026-09-07T17:15:24.282710+00:00,347696.527,snapshot-settled-after-default-off-continuous,82878,reader,5.3,12.390,635.797
2026-09-07T17:15:24.282754+00:00,347696.527,snapshot-settled-after-default-off-continuous,82886,webcontent,0.0,4.160,278.594
2026-09-07T17:15:24.282760+00:00,347696.527,snapshot-settled-after-default-off-continuous,82887,webcontent,0.0,4.200,278.438
2026-09-07T17:15:24.282765+00:00,347696.527,snapshot-settled-after-default-off-continuous,82889,webcontent,0.0,4.280,278.594
2026-09-07T17:15:24.282768+00:00,347696.527,snapshot-settled-after-default-off-continuous,82890,webcontent,0.0,4.260,278.547
2026-09-07T17:15:24.282772+00:00,347696.527,snapshot-settled-after-default-off-continuous,82892,webkit_network,0.0,0.390,119.422
2026-09-07T17:15:25.297249+00:00,347697.538,snapshot-settled-after-default-off-continuous,82878,reader,19.1,12.480,650.469
2026-09-07T17:15:25.297399+00:00,347697.538,snapshot-settled-after-default-off-continuous,82886,webcontent,0.0,4.160,278.594
2026-09-07T17:15:25.297405+00:00,347697.538,snapshot-settled-after-default-off-continuous,82887,webcontent,0.0,4.200,278.438
2026-09-07T17:15:25.297409+00:00,347697.538,snapshot-settled-after-default-off-continuous,82889,webcontent,0.0,4.280,278.594
2026-09-07T17:15:25.297412+00:00,347697.538,snapshot-settled-after-default-off-continuous,82890,webcontent,0.0,4.260,278.547
2026-09-07T17:15:25.297416+00:00,347697.538,snapshot-settled-after-default-off-continuous,82892,webkit_network,0.0,0.390,119.422
2026-09-07T17:15:26.302554+00:00,347698.548,snapshot-settled-after-default-off-continuous,82878,reader,2.0,12.530,635.938
2026-09-07T17:15:26.302599+00:00,347698.548,snapshot-settled-after-default-off-continuous,82886,webcontent,0.0,4.160,278.594
2026-09-07T17:15:26.302606+00:00,347698.548,snapshot-settled-after-default-off-continuous,82887,webcontent,0.0,4.200,278.438
2026-09-07T17:15:26.302610+00:00,347698.548,snapshot-settled-after-default-off-continuous,82889,webcontent,0.0,4.280,278.594
2026-09-07T17:15:26.302613+00:00,347698.548,snapshot-settled-after-default-off-continuous,82890,webcontent,0.0,4.260,278.547
2026-09-07T17:15:26.302617+00:00,347698.548,snapshot-settled-after-default-off-continuous,82892,webkit_network,0.0,0.390,119.422
2026-09-07T17:15:27.307880+00:00,347699.555,snapshot-settled-after-default-off-continuous,82878,reader,20.0,12.710,637.906
2026-09-07T17:15:27.307941+00:00,347699.555,snapshot-settled-after-default-off-continuous,82886,webcontent,0.0,4.160,278.594
2026-09-07T17:15:27.307946+00:00,347699.555,snapshot-settled-after-default-off-continuous,82887,webcontent,0.0,4.200,278.438
2026-09-07T17:15:27.307950+00:00,347699.555,snapshot-settled-after-default-off-continuous,82889,webcontent,0.0,4.280,278.594
2026-09-07T17:15:27.307954+00:00,347699.555,snapshot-settled-after-default-off-continuous,82890,webcontent,0.0,4.260,278.547
2026-09-07T17:15:27.307957+00:00,347699.555,snapshot-settled-after-default-off-continuous,82892,webkit_network,0.0,0.390,119.422
2026-09-07T17:15:28.312355+00:00,347700.565,snapshot-settled-after-default-off-continuous,82878,reader,20.0,12.810,652.625
2026-09-07T17:15:28.312414+00:00,347700.565,snapshot-settled-after-default-off-continuous,82886,webcontent,0.0,4.160,278.594
2026-09-07T17:15:28.312420+00:00,347700.565,snapshot-settled-after-default-off-continuous,82887,webcontent,0.0,4.200,278.438
2026-09-07T17:15:28.312426+00:00,347700.565,snapshot-settled-after-default-off-continuous,82889,webcontent,0.0,4.280,278.594
2026-09-07T17:15:28.312429+00:00,347700.565,snapshot-settled-after-default-off-continuous,82890,webcontent,0.0,4.260,278.547
2026-09-07T17:15:28.312433+00:00,347700.565,snapshot-settled-after-default-off-continuous,82892,webkit_network,0.0,0.390,119.422
2026-09-07T17:15:29.331930+00:00,347701.576,snapshot-settled-after-default-off-continuous,82878,reader,6.5,12.890,638.266
2026-09-07T17:15:29.331972+00:00,347701.576,snapshot-settled-after-default-off-continuous,82886,webcontent,0.0,4.160,278.594
2026-09-07T17:15:29.331978+00:00,347701.576,snapshot-settled-after-default-off-continuous,82887,webcontent,0.0,4.200,278.438
2026-09-07T17:15:29.331990+00:00,347701.576,snapshot-settled-after-default-off-continuous,82889,webcontent,0.0,4.280,278.594
2026-09-07T17:15:29.331994+00:00,347701.576,snapshot-settled-after-default-off-continuous,82890,webcontent,0.0,4.260,278.547
2026-09-07T17:15:29.331997+00:00,347701.576,snapshot-settled-after-default-off-continuous,82892,webkit_network,0.0,0.390,119.422
2026-09-07T17:15:30.321830+00:00,347702.584,snapshot-settled-after-default-off-continuous,82878,reader,9.5,12.990,638.328
2026-09-07T17:15:30.321972+00:00,347702.584,snapshot-settled-after-default-off-continuous,82886,webcontent,0.0,4.160,278.578
2026-09-07T17:15:30.321978+00:00,347702.584,snapshot-settled-after-default-off-continuous,82887,webcontent,0.0,4.200,278.438
2026-09-07T17:15:30.321985+00:00,347702.584,snapshot-settled-after-default-off-continuous,82889,webcontent,0.0,4.280,278.578
2026-09-07T17:15:30.321988+00:00,347702.584,snapshot-settled-after-default-off-continuous,82890,webcontent,0.0,4.260,278.531
2026-09-07T17:15:30.321991+00:00,347702.584,snapshot-settled-after-default-off-continuous,82892,webkit_network,0.0,0.390,119.422
2026-09-07T17:15:31.331956+00:00,347703.593,snapshot-settled-after-default-off-continuous,82878,reader,1.5,13.030,638.328
2026-09-07T17:15:31.332005+00:00,347703.593,snapshot-settled-after-default-off-continuous,82886,webcontent,0.0,4.160,278.578
2026-09-07T17:15:31.332010+00:00,347703.593,snapshot-settled-after-default-off-continuous,82887,webcontent,0.0,4.200,278.422
2026-09-07T17:15:31.332014+00:00,347703.593,snapshot-settled-after-default-off-continuous,82889,webcontent,0.0,4.280,278.578
2026-09-07T17:15:31.332018+00:00,347703.593,snapshot-settled-after-default-off-continuous,82890,webcontent,0.0,4.260,278.531
2026-09-07T17:15:31.332021+00:00,347703.593,snapshot-settled-after-default-off-continuous,82892,webkit_network,0.0,0.390,119.422
2026-09-07T17:15:32.343913+00:00,347704.603,snapshot-settled-after-default-off-continuous,82878,reader,21.8,13.280,640.141
2026-09-07T17:15:32.343951+00:00,347704.603,snapshot-settled-after-default-off-continuous,82886,webcontent,0.0,4.160,278.578
2026-09-07T17:15:32.343956+00:00,347704.603,snapshot-settled-after-default-off-continuous,82887,webcontent,0.0,4.200,278.422
2026-09-07T17:15:32.343960+00:00,347704.603,snapshot-settled-after-default-off-continuous,82889,webcontent,0.0,4.280,278.578
2026-09-07T17:15:32.343962+00:00,347704.603,snapshot-settled-after-default-off-continuous,82890,webcontent,0.0,4.260,278.531
2026-09-07T17:15:32.343965+00:00,347704.603,snapshot-settled-after-default-off-continuous,82892,webkit_network,0.0,0.390,119.422
2026-09-07T17:15:33.342103+00:00,347705.608,snapshot-settled-after-default-off-continuous,82878,reader,13.1,13.380,654.938
2026-09-07T17:15:33.342152+00:00,347705.608,snapshot-settled-after-default-off-continuous,82886,webcontent,0.0,4.160,278.578
2026-09-07T17:15:33.342158+00:00,347705.608,snapshot-settled-after-default-off-continuous,82887,webcontent,0.0,4.200,278.422
2026-09-07T17:15:33.342161+00:00,347705.608,snapshot-settled-after-default-off-continuous,82889,webcontent,0.0,4.280,278.578
2026-09-07T17:15:33.342163+00:00,347705.608,snapshot-settled-after-default-off-continuous,82890,webcontent,0.0,4.260,278.531
2026-09-07T17:15:33.342166+00:00,347705.608,snapshot-settled-after-default-off-continuous,82892,webkit_network,0.0,0.390,119.422
2026-09-07T17:15:34.367774+00:00,347706.619,snapshot-settled-after-default-off-continuous,82878,reader,7.0,13.420,641.000
2026-09-07T17:15:34.367822+00:00,347706.619,snapshot-settled-after-default-off-continuous,82886,webcontent,0.0,4.160,278.578
2026-09-07T17:15:34.367828+00:00,347706.619,snapshot-settled-after-default-off-continuous,82887,webcontent,0.0,4.200,278.422
2026-09-07T17:15:34.367831+00:00,347706.619,snapshot-settled-after-default-off-continuous,82889,webcontent,0.0,4.280,278.578
2026-09-07T17:15:34.367834+00:00,347706.619,snapshot-settled-after-default-off-continuous,82890,webcontent,0.0,4.260,278.531
2026-09-07T17:15:34.367838+00:00,347706.619,snapshot-settled-after-default-off-continuous,82892,webkit_network,0.0,0.390,119.422
2026-09-07T17:15:35.378881+00:00,347707.623,snapshot-settled-after-default-off-continuous,82878,reader,8.8,13.560,641.266
2026-09-07T17:15:35.378933+00:00,347707.623,snapshot-settled-after-default-off-continuous,82886,webcontent,0.0,4.160,278.578
2026-09-07T17:15:35.378939+00:00,347707.623,snapshot-settled-after-default-off-continuous,82887,webcontent,0.0,4.200,278.422
2026-09-07T17:15:35.378943+00:00,347707.623,snapshot-settled-after-default-off-continuous,82889,webcontent,0.0,4.280,278.578
2026-09-07T17:15:35.378946+00:00,347707.623,snapshot-settled-after-default-off-continuous,82890,webcontent,0.0,4.260,278.531
2026-09-07T17:15:35.378949+00:00,347707.623,snapshot-settled-after-default-off-continuous,82892,webkit_network,0.0,0.390,119.422
2026-09-07T17:15:36.384415+00:00,347708.634,snapshot-settled-after-default-off-continuous,82878,reader,12.0,13.640,655.969
2026-09-07T17:15:36.384471+00:00,347708.634,snapshot-settled-after-default-off-continuous,82886,webcontent,0.0,4.160,278.578
2026-09-07T17:15:36.384477+00:00,347708.634,snapshot-settled-after-default-off-continuous,82887,webcontent,0.0,4.200,278.422
2026-09-07T17:15:36.384481+00:00,347708.634,snapshot-settled-after-default-off-continuous,82889,webcontent,0.0,4.280,278.578
2026-09-07T17:15:36.384484+00:00,347708.634,snapshot-settled-after-default-off-continuous,82890,webcontent,0.0,4.260,278.531
2026-09-07T17:15:36.384487+00:00,347708.634,snapshot-settled-after-default-off-continuous,82892,webkit_network,0.0,0.390,119.422
2026-09-07T17:15:37.398075+00:00,347709.644,snapshot-settled-after-default-off-continuous,82878,reader,2.8,13.680,641.438
2026-09-07T17:15:37.398120+00:00,347709.644,snapshot-settled-after-default-off-continuous,82886,webcontent,0.0,4.160,278.578
2026-09-07T17:15:37.398125+00:00,347709.644,snapshot-settled-after-default-off-continuous,82887,webcontent,0.0,4.200,278.422
2026-09-07T17:15:37.398129+00:00,347709.644,snapshot-settled-after-default-off-continuous,82889,webcontent,0.0,4.280,278.578
2026-09-07T17:15:37.398134+00:00,347709.644,snapshot-settled-after-default-off-continuous,82890,webcontent,0.0,4.260,278.531
2026-09-07T17:15:37.398137+00:00,347709.644,snapshot-settled-after-default-off-continuous,82892,webkit_network,0.0,0.390,119.422
2026-09-07T17:15:38.403129+00:00,347710.655,snapshot-settled-after-default-off-continuous,82878,reader,11.3,13.800,641.594
2026-09-07T17:15:38.403186+00:00,347710.655,snapshot-settled-after-default-off-continuous,82886,webcontent,0.0,4.160,278.578
2026-09-07T17:15:38.403199+00:00,347710.655,snapshot-settled-after-default-off-continuous,82887,webcontent,0.0,4.200,278.422
2026-09-07T17:15:38.403204+00:00,347710.655,snapshot-settled-after-default-off-continuous,82889,webcontent,0.0,4.280,278.578
2026-09-07T17:15:38.403207+00:00,347710.655,snapshot-settled-after-default-off-continuous,82890,webcontent,0.0,4.260,278.531
2026-09-07T17:15:38.403211+00:00,347710.655,snapshot-settled-after-default-off-continuous,82892,webkit_network,0.0,0.390,119.422
2026-09-07T17:15:39.417083+00:00,347711.665,snapshot-settled-after-default-off-continuous,82878,reader,13.4,13.890,656.234
2026-09-07T17:15:39.417140+00:00,347711.665,snapshot-settled-after-default-off-continuous,82886,webcontent,0.0,4.160,278.578
2026-09-07T17:15:39.417146+00:00,347711.665,snapshot-settled-after-default-off-continuous,82887,webcontent,0.0,4.200,278.422
2026-09-07T17:15:39.417150+00:00,347711.665,snapshot-settled-after-default-off-continuous,82889,webcontent,0.0,4.280,278.578
2026-09-07T17:15:39.417153+00:00,347711.665,snapshot-settled-after-default-off-continuous,82890,webcontent,0.0,4.260,278.531
2026-09-07T17:15:39.417156+00:00,347711.665,snapshot-settled-after-default-off-continuous,82892,webkit_network,0.0,0.390,119.422
2026-09-07T17:15:40.430995+00:00,347712.676,snapshot-settled-after-default-off-continuous,82878,reader,3.3,13.940,641.703
2026-09-07T17:15:40.431044+00:00,347712.676,snapshot-settled-after-default-off-continuous,82886,webcontent,0.0,4.160,278.578
2026-09-07T17:15:40.431050+00:00,347712.676,snapshot-settled-after-default-off-continuous,82887,webcontent,0.0,4.200,278.422
2026-09-07T17:15:40.431054+00:00,347712.676,snapshot-settled-after-default-off-continuous,82889,webcontent,0.0,4.280,278.578
2026-09-07T17:15:40.431057+00:00,347712.676,snapshot-settled-after-default-off-continuous,82890,webcontent,0.0,4.260,278.531
2026-09-07T17:15:40.431061+00:00,347712.676,snapshot-settled-after-default-off-continuous,82892,webkit_network,0.0,0.390,119.422
2026-09-07T17:15:41.431174+00:00,347713.686,snapshot-settled-after-default-off-continuous,82878,reader,7.7,14.050,641.828
2026-09-07T17:15:41.431226+00:00,347713.686,snapshot-settled-after-default-off-continuous,82886,webcontent,0.0,4.160,278.578
2026-09-07T17:15:41.431231+00:00,347713.686,snapshot-settled-after-default-off-continuous,82887,webcontent,0.0,4.200,278.422
2026-09-07T17:15:41.431235+00:00,347713.686,snapshot-settled-after-default-off-continuous,82889,webcontent,0.0,4.280,278.578
2026-09-07T17:15:41.431238+00:00,347713.686,snapshot-settled-after-default-off-continuous,82890,webcontent,0.0,4.260,278.531
2026-09-07T17:15:41.431243+00:00,347713.686,snapshot-settled-after-default-off-continuous,82892,webkit_network,0.0,0.390,119.422
2026-09-07T17:15:42.441023+00:00,347714.696,snapshot-settled-after-default-off-continuous,82878,reader,14.0,14.120,641.844
2026-09-07T17:15:42.441072+00:00,347714.696,snapshot-settled-after-default-off-continuous,82886,webcontent,0.0,4.160,278.578
2026-09-07T17:15:42.441079+00:00,347714.696,snapshot-settled-after-default-off-continuous,82887,webcontent,0.0,4.200,278.422
2026-09-07T17:15:42.441082+00:00,347714.696,snapshot-settled-after-default-off-continuous,82889,webcontent,0.0,4.280,278.578
2026-09-07T17:15:42.441085+00:00,347714.696,snapshot-settled-after-default-off-continuous,82890,webcontent,0.0,4.260,278.531
2026-09-07T17:15:42.441089+00:00,347714.696,snapshot-settled-after-default-off-continuous,82892,webkit_network,0.0,0.390,119.422
2026-09-07T17:15:43.440473+00:00,347715.700,snapshot-settled-after-default-off-continuous,82878,reader,2.4,14.190,641.953
2026-09-07T17:15:43.440530+00:00,347715.700,snapshot-settled-after-default-off-continuous,82886,webcontent,0.0,4.160,278.578
2026-09-07T17:15:43.440537+00:00,347715.700,snapshot-settled-after-default-off-continuous,82887,webcontent,0.0,4.200,278.422
2026-09-07T17:15:43.440540+00:00,347715.700,snapshot-settled-after-default-off-continuous,82889,webcontent,0.0,4.280,278.578
2026-09-07T17:15:43.440544+00:00,347715.700,snapshot-settled-after-default-off-continuous,82890,webcontent,0.0,4.260,278.531
2026-09-07T17:15:43.440547+00:00,347715.700,snapshot-settled-after-default-off-continuous,82892,webkit_network,0.0,0.390,119.422
2026-09-07T17:15:44.440399+00:00,347716.708,snapshot-settled-after-default-off-continuous,82878,reader,8.4,14.290,656.656
2026-09-07T17:15:44.440449+00:00,347716.708,snapshot-settled-after-default-off-continuous,82886,webcontent,0.0,4.160,278.578
2026-09-07T17:15:44.440454+00:00,347716.708,snapshot-settled-after-default-off-continuous,82887,webcontent,0.0,4.200,278.422
2026-09-07T17:15:44.440457+00:00,347716.708,snapshot-settled-after-default-off-continuous,82889,webcontent,0.0,4.280,278.578
2026-09-07T17:15:44.440462+00:00,347716.708,snapshot-settled-after-default-off-continuous,82890,webcontent,0.0,4.260,278.531
2026-09-07T17:15:44.440465+00:00,347716.708,snapshot-settled-after-default-off-continuous,82892,webkit_network,0.0,0.390,119.422
2026-09-07T17:15:45.465506+00:00,347717.718,snapshot-settled-after-default-off-continuous,82878,reader,2.5,14.330,642.125
2026-09-07T17:15:45.465554+00:00,347717.718,snapshot-settled-after-default-off-continuous,82886,webcontent,0.0,4.160,278.578
2026-09-07T17:15:45.465561+00:00,347717.718,snapshot-settled-after-default-off-continuous,82887,webcontent,0.0,4.200,278.422
2026-09-07T17:15:45.465565+00:00,347717.718,snapshot-settled-after-default-off-continuous,82889,webcontent,0.0,4.280,278.578
2026-09-07T17:15:45.465568+00:00,347717.718,snapshot-settled-after-default-off-continuous,82890,webcontent,0.0,4.260,278.531
2026-09-07T17:15:45.465572+00:00,347717.718,snapshot-settled-after-default-off-continuous,82892,webkit_network,0.0,0.390,119.422
2026-09-07T17:15:46.483117+00:00,347718.729,snapshot-settled-after-default-off-continuous,82878,reader,4.4,14.440,642.172
2026-09-07T17:15:46.483165+00:00,347718.729,snapshot-settled-after-default-off-continuous,82886,webcontent,0.0,4.160,278.578
2026-09-07T17:15:46.483171+00:00,347718.729,snapshot-settled-after-default-off-continuous,82887,webcontent,0.0,4.200,278.422
2026-09-07T17:15:46.483174+00:00,347718.729,snapshot-settled-after-default-off-continuous,82889,webcontent,0.0,4.280,278.578
2026-09-07T17:15:46.483177+00:00,347718.729,snapshot-settled-after-default-off-continuous,82890,webcontent,0.0,4.260,278.531
2026-09-07T17:15:46.483181+00:00,347718.729,snapshot-settled-after-default-off-continuous,82892,webkit_network,0.0,0.390,119.422
2026-09-07T17:15:47.464608+00:00,347719.733,snapshot-settled-after-default-off-continuous,82878,reader,15.2,14.590,656.688
2026-09-07T17:15:47.464660+00:00,347719.733,snapshot-settled-after-default-off-continuous,82886,webcontent,0.0,4.160,278.578
2026-09-07T17:15:47.464664+00:00,347719.733,snapshot-settled-after-default-off-continuous,82887,webcontent,0.0,4.200,278.422
2026-09-07T17:15:47.464667+00:00,347719.733,snapshot-settled-after-default-off-continuous,82889,webcontent,0.0,4.280,278.578
2026-09-07T17:15:47.464670+00:00,347719.733,snapshot-settled-after-default-off-continuous,82890,webcontent,0.0,4.260,278.531
2026-09-07T17:15:47.464674+00:00,347719.733,snapshot-settled-after-default-off-continuous,82892,webkit_network,0.0,0.390,119.422
2026-09-07T17:15:48.501228+00:00,347720.744,snapshot-settled-after-default-off-continuous,82878,reader,5.5,14.760,643.500
2026-09-07T17:15:48.501270+00:00,347720.744,snapshot-settled-after-default-off-continuous,82886,webcontent,0.0,4.160,278.578
2026-09-07T17:15:48.501275+00:00,347720.744,snapshot-settled-after-default-off-continuous,82887,webcontent,0.0,4.200,278.422
2026-09-07T17:15:48.501279+00:00,347720.744,snapshot-settled-after-default-off-continuous,82889,webcontent,0.0,4.280,278.578
2026-09-07T17:15:48.501282+00:00,347720.744,snapshot-settled-after-default-off-continuous,82890,webcontent,0.0,4.260,278.531
2026-09-07T17:15:48.501286+00:00,347720.744,snapshot-settled-after-default-off-continuous,82892,webkit_network,0.0,0.390,119.422
2026-09-07T17:15:49.510432+00:00,347721.754,snapshot-settled-after-default-off-continuous,82878,reader,8.4,14.890,643.938
2026-09-07T17:15:49.510478+00:00,347721.754,snapshot-settled-after-default-off-continuous,82886,webcontent,0.0,4.160,278.578
2026-09-07T17:15:49.510484+00:00,347721.754,snapshot-settled-after-default-off-continuous,82887,webcontent,0.0,4.200,278.422
2026-09-07T17:15:49.510488+00:00,347721.754,snapshot-settled-after-default-off-continuous,82889,webcontent,0.0,4.280,278.578
2026-09-07T17:15:49.510492+00:00,347721.754,snapshot-settled-after-default-off-continuous,82890,webcontent,0.0,4.260,278.531
2026-09-07T17:15:49.510495+00:00,347721.754,snapshot-settled-after-default-off-continuous,82892,webkit_network,0.0,0.390,119.422
2026-09-07T17:15:50.526004+00:00,347722.765,snapshot-settled-after-default-off-continuous,82878,reader,19.2,15.030,659.297
2026-09-07T17:15:50.526060+00:00,347722.765,snapshot-settled-after-default-off-continuous,82886,webcontent,0.0,4.160,278.578
2026-09-07T17:15:50.526066+00:00,347722.765,snapshot-settled-after-default-off-continuous,82887,webcontent,0.0,4.200,278.422
2026-09-07T17:15:50.526070+00:00,347722.765,snapshot-settled-after-default-off-continuous,82889,webcontent,0.0,4.280,278.578
2026-09-07T17:15:50.526073+00:00,347722.765,snapshot-settled-after-default-off-continuous,82890,webcontent,0.0,4.260,278.531
2026-09-07T17:15:50.526076+00:00,347722.765,snapshot-settled-after-default-off-continuous,82892,webkit_network,0.0,0.390,119.422
2026-09-07T17:15:51.532614+00:00,347723.775,snapshot-settled-after-default-off-continuous,82878,reader,2.7,15.070,644.781
2026-09-07T17:15:51.532659+00:00,347723.775,snapshot-settled-after-default-off-continuous,82886,webcontent,0.0,4.160,278.578
2026-09-07T17:15:51.532665+00:00,347723.775,snapshot-settled-after-default-off-continuous,82887,webcontent,0.0,4.200,278.422
2026-09-07T17:15:51.532670+00:00,347723.775,snapshot-settled-after-default-off-continuous,82889,webcontent,0.0,4.280,278.578
2026-09-07T17:15:51.532674+00:00,347723.775,snapshot-settled-after-default-off-continuous,82890,webcontent,0.0,4.260,278.531
2026-09-07T17:15:51.532677+00:00,347723.775,snapshot-settled-after-default-off-continuous,82892,webkit_network,0.0,0.390,119.422
2026-09-07T17:15:52.541049+00:00,347724.785,snapshot-settled-after-default-off-continuous,82878,reader,8.9,15.200,644.922
2026-09-07T17:15:52.541096+00:00,347724.785,snapshot-settled-after-default-off-continuous,82886,webcontent,0.0,4.160,278.578
2026-09-07T17:15:52.541103+00:00,347724.785,snapshot-settled-after-default-off-continuous,82887,webcontent,0.0,4.200,278.422
2026-09-07T17:15:52.541107+00:00,347724.785,snapshot-settled-after-default-off-continuous,82889,webcontent,0.0,4.280,278.578
2026-09-07T17:15:52.541111+00:00,347724.785,snapshot-settled-after-default-off-continuous,82890,webcontent,0.0,4.260,278.531
2026-09-07T17:15:52.541115+00:00,347724.785,snapshot-settled-after-default-off-continuous,82892,webkit_network,0.0,0.390,119.422
2026-09-07T17:15:53.545764+00:00,347725.794,snapshot-settled-after-default-off-continuous,82878,reader,17.0,15.330,659.500
2026-09-07T17:15:53.545823+00:00,347725.794,snapshot-settled-after-default-off-continuous,82886,webcontent,0.0,4.160,278.578
2026-09-07T17:15:53.545829+00:00,347725.794,snapshot-settled-after-default-off-continuous,82887,webcontent,0.0,4.200,278.422
2026-09-07T17:15:53.545833+00:00,347725.794,snapshot-settled-after-default-off-continuous,82889,webcontent,0.0,4.280,278.578
2026-09-07T17:15:53.545836+00:00,347725.794,snapshot-settled-after-default-off-continuous,82890,webcontent,0.0,4.260,278.531
2026-09-07T17:15:53.545841+00:00,347725.794,snapshot-settled-after-default-off-continuous,82892,webkit_network,0.0,0.390,119.422
2026-09-07T17:15:54.561582+00:00,347726.804,snapshot-settled-after-default-off-continuous,82878,reader,2.7,15.370,644.969
2026-09-07T17:15:54.561629+00:00,347726.804,snapshot-settled-after-default-off-continuous,82886,webcontent,0.0,4.160,278.578
2026-09-07T17:15:54.561634+00:00,347726.804,snapshot-settled-after-default-off-continuous,82887,webcontent,0.0,4.200,278.422
2026-09-07T17:15:54.561639+00:00,347726.804,snapshot-settled-after-default-off-continuous,82889,webcontent,0.0,4.280,278.578
2026-09-07T17:15:54.561642+00:00,347726.804,snapshot-settled-after-default-off-continuous,82890,webcontent,0.0,4.260,278.531
2026-09-07T17:15:54.561646+00:00,347726.804,snapshot-settled-after-default-off-continuous,82892,webkit_network,0.0,0.390,119.422
2026-09-07T17:15:55.545934+00:00,347727.808,snapshot-settled-after-default-off-continuous,82878,reader,11.4,15.480,645.094
2026-09-07T17:15:55.545986+00:00,347727.808,snapshot-settled-after-default-off-continuous,82886,webcontent,0.0,4.160,278.578
2026-09-07T17:15:55.545991+00:00,347727.808,snapshot-settled-after-default-off-continuous,82887,webcontent,0.0,4.200,278.422
2026-09-07T17:15:55.545994+00:00,347727.808,snapshot-settled-after-default-off-continuous,82889,webcontent,0.0,4.280,278.578
2026-09-07T17:15:55.545997+00:00,347727.808,snapshot-settled-after-default-off-continuous,82890,webcontent,0.0,4.260,278.531
2026-09-07T17:15:55.546001+00:00,347727.808,snapshot-settled-after-default-off-continuous,82892,webkit_network,0.0,0.390,119.422
2026-09-07T17:15:56.568045+00:00,347728.819,snapshot-settled-after-default-off-continuous,82878,reader,7.4,15.530,645.094
2026-09-07T17:15:56.568095+00:00,347728.819,snapshot-settled-after-default-off-continuous,82886,webcontent,0.0,4.160,278.578
2026-09-07T17:15:56.568101+00:00,347728.819,snapshot-settled-after-default-off-continuous,82887,webcontent,0.0,4.200,278.422
2026-09-07T17:15:56.568104+00:00,347728.819,snapshot-settled-after-default-off-continuous,82889,webcontent,0.0,4.280,278.578
2026-09-07T17:15:56.568107+00:00,347728.819,snapshot-settled-after-default-off-continuous,82890,webcontent,0.0,4.260,278.531
2026-09-07T17:15:56.568112+00:00,347728.819,snapshot-settled-after-default-off-continuous,82892,webkit_network,0.0,0.390,119.422
2026-09-07T17:15:57.584958+00:00,347729.829,snapshot-settled-after-default-off-continuous,82878,reader,3.8,15.620,645.109
2026-09-07T17:15:57.585004+00:00,347729.829,snapshot-settled-after-default-off-continuous,82886,webcontent,0.0,4.160,278.578
2026-09-07T17:15:57.585009+00:00,347729.829,snapshot-settled-after-default-off-continuous,82887,webcontent,0.0,4.200,278.422
2026-09-07T17:15:57.585013+00:00,347729.829,snapshot-settled-after-default-off-continuous,82889,webcontent,0.0,4.280,278.578
2026-09-07T17:15:57.585018+00:00,347729.829,snapshot-settled-after-default-off-continuous,82890,webcontent,0.0,4.260,278.531
2026-09-07T17:15:57.585021+00:00,347729.829,snapshot-settled-after-default-off-continuous,82892,webkit_network,0.0,0.390,119.422
2026-09-07T17:15:58.565306+00:00,347730.833,snapshot-settled-after-default-off-continuous,82878,reader,8.2,15.720,659.672
2026-09-07T17:15:58.565356+00:00,347730.833,snapshot-settled-after-default-off-continuous,82886,webcontent,0.0,4.160,278.578
2026-09-07T17:15:58.565362+00:00,347730.833,snapshot-settled-after-default-off-continuous,82887,webcontent,0.0,4.200,278.422
2026-09-07T17:15:58.565366+00:00,347730.833,snapshot-settled-after-default-off-continuous,82889,webcontent,0.0,4.280,278.578
2026-09-07T17:15:58.565369+00:00,347730.833,snapshot-settled-after-default-off-continuous,82890,webcontent,0.0,4.260,278.531
2026-09-07T17:15:58.565374+00:00,347730.833,snapshot-settled-after-default-off-continuous,82892,webkit_network,0.0,0.390,119.422
2026-09-07T17:15:59.594757+00:00,347731.843,snapshot-settled-after-default-off-continuous,82878,reader,3.0,15.750,645.141
2026-09-07T17:15:59.594803+00:00,347731.843,snapshot-settled-after-default-off-continuous,82886,webcontent,0.0,4.160,278.578
2026-09-07T17:15:59.594809+00:00,347731.843,snapshot-settled-after-default-off-continuous,82887,webcontent,0.0,4.200,278.422
2026-09-07T17:15:59.594813+00:00,347731.843,snapshot-settled-after-default-off-continuous,82889,webcontent,0.0,4.280,278.578
2026-09-07T17:15:59.594816+00:00,347731.843,snapshot-settled-after-default-off-continuous,82890,webcontent,0.0,4.260,278.531
2026-09-07T17:15:59.594820+00:00,347731.843,snapshot-settled-after-default-off-continuous,82892,webkit_network,0.0,0.390,119.422
2026-09-07T17:16:00.611073+00:00,347732.854,snapshot-settled-after-default-off-continuous,82878,reader,6.7,15.890,645.156
2026-09-07T17:16:00.611120+00:00,347732.854,snapshot-settled-after-default-off-continuous,82886,webcontent,0.0,4.160,278.578
2026-09-07T17:16:00.611127+00:00,347732.854,snapshot-settled-after-default-off-continuous,82887,webcontent,0.0,4.200,278.422
2026-09-07T17:16:00.611131+00:00,347732.854,snapshot-settled-after-default-off-continuous,82889,webcontent,0.0,4.280,278.578
2026-09-07T17:16:00.611134+00:00,347732.854,snapshot-settled-after-default-off-continuous,82890,webcontent,0.0,4.260,278.531
2026-09-07T17:16:00.611138+00:00,347732.854,snapshot-settled-after-default-off-continuous,82892,webkit_network,0.0,0.390,119.422
2026-09-07T17:16:01.591953+00:00,347733.858,snapshot-settled-after-default-off-continuous,82878,reader,13.3,15.990,659.688
2026-09-07T17:16:01.592003+00:00,347733.858,snapshot-settled-after-default-off-continuous,82886,webcontent,0.0,4.160,278.578
2026-09-07T17:16:01.592010+00:00,347733.858,snapshot-settled-after-default-off-continuous,82887,webcontent,0.0,4.200,278.422
2026-09-07T17:16:01.592013+00:00,347733.858,snapshot-settled-after-default-off-continuous,82889,webcontent,0.0,4.280,278.578
2026-09-07T17:16:01.592016+00:00,347733.858,snapshot-settled-after-default-off-continuous,82890,webcontent,0.0,4.260,278.531
2026-09-07T17:16:01.592018+00:00,347733.858,snapshot-settled-after-default-off-continuous,82892,webkit_network,0.0,0.390,119.391
2026-09-07T17:16:02.615855+00:00,347734.868,snapshot-settled-after-default-off-continuous,82878,reader,1.1,16.010,645.172
2026-09-07T17:16:02.615902+00:00,347734.868,snapshot-settled-after-default-off-continuous,82886,webcontent,0.0,4.160,278.578
2026-09-07T17:16:02.615907+00:00,347734.868,snapshot-settled-after-default-off-continuous,82887,webcontent,0.0,4.200,278.422
2026-09-07T17:16:02.615911+00:00,347734.868,snapshot-settled-after-default-off-continuous,82889,webcontent,0.0,4.280,278.578
2026-09-07T17:16:02.615914+00:00,347734.868,snapshot-settled-after-default-off-continuous,82890,webcontent,0.0,4.260,278.531
2026-09-07T17:16:02.615918+00:00,347734.868,snapshot-settled-after-default-off-continuous,82892,webkit_network,0.0,0.390,119.391
2026-09-07T17:16:03.633504+00:00,347735.879,snapshot-settled-after-default-off-continuous,82878,reader,4.8,16.100,645.172
2026-09-07T17:16:03.633549+00:00,347735.879,snapshot-settled-after-default-off-continuous,82886,webcontent,0.0,4.160,278.578
2026-09-07T17:16:03.633555+00:00,347735.879,snapshot-settled-after-default-off-continuous,82887,webcontent,0.0,4.200,278.422
2026-09-07T17:16:03.633559+00:00,347735.879,snapshot-settled-after-default-off-continuous,82889,webcontent,0.0,4.280,278.578
2026-09-07T17:16:03.633562+00:00,347735.879,snapshot-settled-after-default-off-continuous,82890,webcontent,0.0,4.260,278.531
2026-09-07T17:16:03.633565+00:00,347735.879,snapshot-settled-after-default-off-continuous,82892,webkit_network,0.0,0.390,119.391
2026-09-07T17:16:04.626573+00:00,347736.889,snapshot-settled-after-default-off-continuous,82878,reader,15.2,16.210,659.641
2026-09-07T17:16:04.626623+00:00,347736.889,snapshot-settled-after-default-off-continuous,82886,webcontent,0.0,4.160,278.578
2026-09-07T17:16:04.626629+00:00,347736.889,snapshot-settled-after-default-off-continuous,82887,webcontent,0.0,4.200,278.422
2026-09-07T17:16:04.626632+00:00,347736.889,snapshot-settled-after-default-off-continuous,82889,webcontent,0.0,4.280,278.578
2026-09-07T17:16:04.626634+00:00,347736.889,snapshot-settled-after-default-off-continuous,82890,webcontent,0.0,4.260,278.531
2026-09-07T17:16:04.626637+00:00,347736.889,snapshot-settled-after-default-off-continuous,82892,webkit_network,0.0,0.390,119.391
2026-09-07T17:16:05.654302+00:00,347737.900,snapshot-settled-after-default-off-continuous,82878,reader,6.4,16.400,645.844
2026-09-07T17:16:05.654345+00:00,347737.900,snapshot-settled-after-default-off-continuous,82886,webcontent,0.0,4.160,278.578
2026-09-07T17:16:05.654350+00:00,347737.900,snapshot-settled-after-default-off-continuous,82887,webcontent,0.0,4.200,278.422
2026-09-07T17:16:05.654354+00:00,347737.900,snapshot-settled-after-default-off-continuous,82889,webcontent,0.0,4.280,278.578
2026-09-07T17:16:05.654358+00:00,347737.900,snapshot-settled-after-default-off-continuous,82890,webcontent,0.0,4.260,278.531
2026-09-07T17:16:05.654361+00:00,347737.900,snapshot-settled-after-default-off-continuous,82892,webkit_network,0.0,0.390,119.391
2026-09-07T17:16:06.660451+00:00,347738.909,snapshot-settled-after-default-off-continuous,82878,reader,7.0,16.530,646.109
2026-09-07T17:16:06.660500+00:00,347738.909,snapshot-settled-after-default-off-continuous,82886,webcontent,0.0,4.160,278.578
2026-09-07T17:16:06.660506+00:00,347738.909,snapshot-settled-after-default-off-continuous,82887,webcontent,0.0,4.200,278.422
2026-09-07T17:16:06.660510+00:00,347738.909,snapshot-settled-after-default-off-continuous,82889,webcontent,0.0,4.280,278.578
2026-09-07T17:16:06.660514+00:00,347738.909,snapshot-settled-after-default-off-continuous,82890,webcontent,0.0,4.260,278.531
2026-09-07T17:16:06.660517+00:00,347738.909,snapshot-settled-after-default-off-continuous,82892,webkit_network,0.0,0.390,119.391
2026-09-07T17:16:07.677444+00:00,347739.919,snapshot-settled-after-default-off-continuous,82878,reader,18.9,16.630,660.969
2026-09-07T17:16:07.677497+00:00,347739.919,snapshot-settled-after-default-off-continuous,82886,webcontent,0.0,4.160,278.578
2026-09-07T17:16:07.677503+00:00,347739.919,snapshot-settled-after-default-off-continuous,82887,webcontent,0.0,4.200,278.422
2026-09-07T17:16:07.677506+00:00,347739.919,snapshot-settled-after-default-off-continuous,82889,webcontent,0.0,4.280,278.578
2026-09-07T17:16:07.677510+00:00,347739.919,snapshot-settled-after-default-off-continuous,82890,webcontent,0.0,4.260,278.531
2026-09-07T17:16:07.677513+00:00,347739.919,snapshot-settled-after-default-off-continuous,82892,webkit_network,0.0,0.390,119.391
2026-09-07T17:16:08.685255+00:00,347740.930,snapshot-settled-after-default-off-continuous,82878,reader,4.8,16.680,646.453
2026-09-07T17:16:08.685304+00:00,347740.930,snapshot-settled-after-default-off-continuous,82886,webcontent,0.0,4.160,278.578
2026-09-07T17:16:08.685309+00:00,347740.930,snapshot-settled-after-default-off-continuous,82887,webcontent,0.0,4.200,278.422
2026-09-07T17:16:08.685314+00:00,347740.930,snapshot-settled-after-default-off-continuous,82889,webcontent,0.0,4.280,278.578
2026-09-07T17:16:08.685318+00:00,347740.930,snapshot-settled-after-default-off-continuous,82890,webcontent,0.0,4.260,278.531
2026-09-07T17:16:08.685322+00:00,347740.930,snapshot-settled-after-default-off-continuous,82892,webkit_network,0.0,0.390,119.391
2026-09-07T17:16:09.698131+00:00,347741.940,snapshot-settled-after-default-off-continuous,82878,reader,8.0,16.790,646.406
2026-09-07T17:16:09.698196+00:00,347741.940,snapshot-settled-after-default-off-continuous,82886,webcontent,0.0,4.160,278.578
2026-09-07T17:16:09.698207+00:00,347741.940,snapshot-settled-after-default-off-continuous,82887,webcontent,0.0,4.200,278.422
2026-09-07T17:16:09.698211+00:00,347741.940,snapshot-settled-after-default-off-continuous,82889,webcontent,0.0,4.280,278.578
2026-09-07T17:16:09.698215+00:00,347741.940,snapshot-settled-after-default-off-continuous,82890,webcontent,0.0,4.260,278.531
2026-09-07T17:16:09.698219+00:00,347741.940,snapshot-settled-after-default-off-continuous,82892,webkit_network,0.0,0.390,119.391
2026-09-07T17:16:10.690543+00:00,347742.941,snapshot-settled-after-default-off-continuous,82878,reader,12.0,16.920,646.422
2026-09-07T17:16:10.690597+00:00,347742.941,snapshot-settled-after-default-off-continuous,82886,webcontent,0.0,4.160,278.578
2026-09-07T17:16:10.690604+00:00,347742.941,snapshot-settled-after-default-off-continuous,82887,webcontent,0.0,4.200,278.422
2026-09-07T17:16:10.690609+00:00,347742.941,snapshot-settled-after-default-off-continuous,82889,webcontent,0.0,4.280,278.578
2026-09-07T17:16:10.690613+00:00,347742.941,snapshot-settled-after-default-off-continuous,82890,webcontent,0.0,4.260,278.531
2026-09-07T17:16:10.690617+00:00,347742.941,snapshot-settled-after-default-off-continuous,82892,webkit_network,0.0,0.390,119.391
2026-09-07T17:16:11.705031+00:00,347743.952,snapshot-settled-after-default-off-continuous,82878,reader,2.9,16.980,646.469
2026-09-07T17:16:11.705080+00:00,347743.952,snapshot-settled-after-default-off-continuous,82886,webcontent,0.0,4.160,278.578
2026-09-07T17:16:11.705085+00:00,347743.952,snapshot-settled-after-default-off-continuous,82887,webcontent,0.0,4.200,278.422
2026-09-07T17:16:11.705089+00:00,347743.952,snapshot-settled-after-default-off-continuous,82889,webcontent,0.0,4.280,278.578
2026-09-07T17:16:11.705093+00:00,347743.952,snapshot-settled-after-default-off-continuous,82890,webcontent,0.0,4.260,278.531
2026-09-07T17:16:11.705096+00:00,347743.952,snapshot-settled-after-default-off-continuous,82892,webkit_network,0.0,0.390,119.391
2026-09-07T17:16:12.695683+00:00,347744.962,snapshot-settled-after-default-off-continuous,82878,reader,9.9,17.080,661.016
2026-09-07T17:16:12.695733+00:00,347744.962,snapshot-settled-after-default-off-continuous,82886,webcontent,0.0,4.160,278.578
2026-09-07T17:16:12.695738+00:00,347744.962,snapshot-settled-after-default-off-continuous,82887,webcontent,0.0,4.200,278.422
2026-09-07T17:16:12.695742+00:00,347744.962,snapshot-settled-after-default-off-continuous,82889,webcontent,0.0,4.280,278.578
2026-09-07T17:16:12.695745+00:00,347744.962,snapshot-settled-after-default-off-continuous,82890,webcontent,0.0,4.260,278.531
2026-09-07T17:16:12.695748+00:00,347744.962,snapshot-settled-after-default-off-continuous,82892,webkit_network,0.0,0.390,119.391
2026-09-07T17:16:13.707648+00:00,347745.972,snapshot-settled-after-default-off-continuous,82878,reader,5.2,17.120,646.484
2026-09-07T17:16:13.707692+00:00,347745.972,snapshot-settled-after-default-off-continuous,82886,webcontent,0.0,4.160,278.578
2026-09-07T17:16:13.707697+00:00,347745.972,snapshot-settled-after-default-off-continuous,82887,webcontent,0.0,4.200,278.422
2026-09-07T17:16:13.707701+00:00,347745.972,snapshot-settled-after-default-off-continuous,82889,webcontent,0.0,4.280,278.578
2026-09-07T17:16:13.707704+00:00,347745.972,snapshot-settled-after-default-off-continuous,82890,webcontent,0.0,4.260,278.531
2026-09-07T17:16:13.707716+00:00,347745.972,snapshot-settled-after-default-off-continuous,82892,webkit_network,0.0,0.390,119.391
2026-09-07T17:16:14.739919+00:00,347746.982,snapshot-settled-after-default-off-continuous,82878,reader,8.3,17.240,646.609
2026-09-07T17:16:14.739965+00:00,347746.982,snapshot-settled-after-default-off-continuous,82886,webcontent,0.0,4.160,278.578
2026-09-07T17:16:14.739970+00:00,347746.982,snapshot-settled-after-default-off-continuous,82887,webcontent,0.0,4.200,278.422
2026-09-07T17:16:14.739974+00:00,347746.982,snapshot-settled-after-default-off-continuous,82889,webcontent,0.0,4.280,278.578
2026-09-07T17:16:14.739980+00:00,347746.982,snapshot-settled-after-default-off-continuous,82890,webcontent,0.0,4.260,278.531
2026-09-07T17:16:14.739983+00:00,347746.982,snapshot-settled-after-default-off-continuous,82892,webkit_network,0.0,0.390,119.391
2026-09-07T17:16:15.721265+00:00,347747.984,snapshot-settled-after-default-off-continuous,82878,reader,12.6,17.380,661.172
2026-09-07T17:16:15.721331+00:00,347747.984,snapshot-settled-after-default-off-continuous,82886,webcontent,0.0,4.160,278.578
2026-09-07T17:16:15.721342+00:00,347747.984,snapshot-settled-after-default-off-continuous,82887,webcontent,0.0,4.200,278.422
2026-09-07T17:16:15.721346+00:00,347747.984,snapshot-settled-after-default-off-continuous,82889,webcontent,0.0,4.280,278.578
2026-09-07T17:16:15.721350+00:00,347747.984,snapshot-settled-after-default-off-continuous,82890,webcontent,0.0,4.260,278.531
2026-09-07T17:16:15.721354+00:00,347747.984,snapshot-settled-after-default-off-continuous,82892,webkit_network,0.0,0.390,119.391
2026-09-07T17:16:16.733566+00:00,347748.994,snapshot-settled-after-default-off-continuous,82878,reader,1.2,17.400,646.641
2026-09-07T17:16:16.733618+00:00,347748.994,snapshot-settled-after-default-off-continuous,82886,webcontent,0.0,4.160,278.578
2026-09-07T17:16:16.733624+00:00,347748.994,snapshot-settled-after-default-off-continuous,82887,webcontent,0.0,4.200,278.422
2026-09-07T17:16:16.733627+00:00,347748.994,snapshot-settled-after-default-off-continuous,82889,webcontent,0.0,4.280,278.578
2026-09-07T17:16:16.733630+00:00,347748.994,snapshot-settled-after-default-off-continuous,82890,webcontent,0.0,4.260,278.531
2026-09-07T17:16:16.733633+00:00,347748.994,snapshot-settled-after-default-off-continuous,82892,webkit_network,0.0,0.390,119.391
2026-09-07T17:16:17.757485+00:00,347750.004,snapshot-settled-after-default-off-continuous,82878,reader,3.9,17.490,646.641
2026-09-07T17:16:17.757560+00:00,347750.004,snapshot-settled-after-default-off-continuous,82886,webcontent,0.0,4.160,278.578
2026-09-07T17:16:17.757565+00:00,347750.004,snapshot-settled-after-default-off-continuous,82887,webcontent,0.0,4.200,278.422
2026-09-07T17:16:17.757569+00:00,347750.004,snapshot-settled-after-default-off-continuous,82889,webcontent,0.0,4.280,278.578
2026-09-07T17:16:17.757572+00:00,347750.004,snapshot-settled-after-default-off-continuous,82890,webcontent,0.0,4.260,278.531
2026-09-07T17:16:17.757576+00:00,347750.004,snapshot-settled-after-default-off-continuous,82892,webkit_network,0.0,0.390,119.391
2026-09-07T17:16:18.743248+00:00,347751.008,snapshot-settled-after-default-off-continuous,82878,reader,13.3,17.590,661.156
2026-09-07T17:16:18.743304+00:00,347751.008,snapshot-settled-after-default-off-continuous,82886,webcontent,0.0,4.160,278.578
2026-09-07T17:16:18.743308+00:00,347751.008,snapshot-settled-after-default-off-continuous,82887,webcontent,0.0,4.200,278.422
2026-09-07T17:16:18.743313+00:00,347751.008,snapshot-settled-after-default-off-continuous,82889,webcontent,0.0,4.280,278.578
2026-09-07T17:16:18.743319+00:00,347751.008,snapshot-settled-after-default-off-continuous,82890,webcontent,0.0,4.260,278.531
2026-09-07T17:16:18.743323+00:00,347751.008,snapshot-settled-after-default-off-continuous,82892,webkit_network,0.0,0.390,119.391
2026-09-07T17:16:19.773473+00:00,347752.019,snapshot-settled-after-default-off-continuous,82878,reader,10.0,17.690,646.625
2026-09-07T17:16:19.773530+00:00,347752.019,snapshot-settled-after-default-off-continuous,82886,webcontent,0.0,4.160,278.578
2026-09-07T17:16:19.773537+00:00,347752.019,snapshot-settled-after-default-off-continuous,82887,webcontent,0.0,4.200,278.422
2026-09-07T17:16:19.773542+00:00,347752.019,snapshot-settled-after-default-off-continuous,82889,webcontent,0.0,4.280,278.578
2026-09-07T17:16:19.773545+00:00,347752.019,snapshot-settled-after-default-off-continuous,82890,webcontent,0.0,4.260,278.531
2026-09-07T17:16:19.773548+00:00,347752.019,snapshot-settled-after-default-off-continuous,82892,webkit_network,0.0,0.390,119.391
2026-09-07T17:16:20.783794+00:00,347753.029,snapshot-settled-after-default-off-continuous,82878,reader,19.3,17.900,647.125
2026-09-07T17:16:20.783839+00:00,347753.029,snapshot-settled-after-default-off-continuous,82886,webcontent,0.0,4.160,278.578
2026-09-07T17:16:20.783851+00:00,347753.029,snapshot-settled-after-default-off-continuous,82887,webcontent,0.0,4.200,278.422
2026-09-07T17:16:20.783855+00:00,347753.029,snapshot-settled-after-default-off-continuous,82889,webcontent,0.0,4.280,278.578
2026-09-07T17:16:20.783859+00:00,347753.029,snapshot-settled-after-default-off-continuous,82890,webcontent,0.0,4.260,278.531
2026-09-07T17:16:20.783863+00:00,347753.029,snapshot-settled-after-default-off-continuous,82892,webkit_network,0.0,0.390,119.391
2026-09-07T17:16:21.777414+00:00,347754.039,snapshot-settled-after-default-off-continuous,82878,reader,15.4,18.080,661.859
2026-09-07T17:16:21.777474+00:00,347754.039,snapshot-settled-after-default-off-continuous,82886,webcontent,0.0,4.160,278.578
2026-09-07T17:16:21.777479+00:00,347754.039,snapshot-settled-after-default-off-continuous,82887,webcontent,0.0,4.200,278.422
2026-09-07T17:16:21.777484+00:00,347754.039,snapshot-settled-after-default-off-continuous,82889,webcontent,0.0,4.280,278.578
2026-09-07T17:16:21.777487+00:00,347754.039,snapshot-settled-after-default-off-continuous,82890,webcontent,0.0,4.260,278.531
2026-09-07T17:16:21.777490+00:00,347754.039,snapshot-settled-after-default-off-continuous,82892,webkit_network,0.0,0.390,119.391
2026-09-07T17:16:22.808849+00:00,347755.050,snapshot-settled-after-default-off-continuous,82878,reader,2.8,18.130,647.328
2026-09-07T17:16:22.808898+00:00,347755.050,snapshot-settled-after-default-off-continuous,82886,webcontent,0.0,4.160,278.578
2026-09-07T17:16:22.808904+00:00,347755.050,snapshot-settled-after-default-off-continuous,82887,webcontent,0.0,4.200,278.422
2026-09-07T17:16:22.808907+00:00,347755.050,snapshot-settled-after-default-off-continuous,82889,webcontent,0.0,4.280,278.578
2026-09-07T17:16:22.808911+00:00,347755.050,snapshot-settled-after-default-off-continuous,82890,webcontent,0.0,4.260,278.531
2026-09-07T17:16:22.808916+00:00,347755.050,snapshot-settled-after-default-off-continuous,82892,webkit_network,0.0,0.390,119.391
2026-09-07T17:16:23.815231+00:00,347756.060,snapshot-settled-after-default-off-continuous,82878,reader,5.0,18.230,647.578
2026-09-07T17:16:23.815278+00:00,347756.060,snapshot-settled-after-default-off-continuous,82886,webcontent,0.0,4.160,278.578
2026-09-07T17:16:23.815284+00:00,347756.060,snapshot-settled-after-default-off-continuous,82887,webcontent,0.0,4.200,278.422
2026-09-07T17:16:23.815288+00:00,347756.060,snapshot-settled-after-default-off-continuous,82889,webcontent,0.0,4.280,278.578
2026-09-07T17:16:23.815291+00:00,347756.060,snapshot-settled-after-default-off-continuous,82890,webcontent,0.0,4.260,278.531
2026-09-07T17:16:23.815295+00:00,347756.060,snapshot-settled-after-default-off-continuous,82892,webkit_network,0.0,0.390,119.391
2026-09-07T17:16:24.808289+00:00,347757.070,snapshot-settled-after-default-off-continuous,82878,reader,16.3,18.340,662.188
2026-09-07T17:16:24.808342+00:00,347757.070,snapshot-settled-after-default-off-continuous,82886,webcontent,0.0,4.160,278.578
2026-09-07T17:16:24.808347+00:00,347757.070,snapshot-settled-after-default-off-continuous,82887,webcontent,0.0,4.200,278.422
2026-09-07T17:16:24.808350+00:00,347757.070,snapshot-settled-after-default-off-continuous,82889,webcontent,0.0,4.280,278.578
2026-09-07T17:16:24.808353+00:00,347757.070,snapshot-settled-after-default-off-continuous,82890,webcontent,0.0,4.260,278.531
2026-09-07T17:16:24.808356+00:00,347757.070,snapshot-settled-after-default-off-continuous,82892,webkit_network,0.0,0.390,119.391
2026-09-07T17:16:25.821123+00:00,347758.075,snapshot-settled-after-default-off-continuous,82878,reader,2.0,18.380,647.656
2026-09-07T17:16:25.821166+00:00,347758.075,snapshot-settled-after-default-off-continuous,82886,webcontent,0.0,4.160,278.578
2026-09-07T17:16:25.821172+00:00,347758.075,snapshot-settled-after-default-off-continuous,82887,webcontent,0.0,4.200,278.422
2026-09-07T17:16:25.821177+00:00,347758.075,snapshot-settled-after-default-off-continuous,82889,webcontent,0.0,4.280,278.578
2026-09-07T17:16:25.821181+00:00,347758.075,snapshot-settled-after-default-off-continuous,82890,webcontent,0.0,4.260,278.531
2026-09-07T17:16:25.821184+00:00,347758.075,snapshot-settled-after-default-off-continuous,82892,webkit_network,0.0,0.390,119.391
2026-09-07T17:16:26.845314+00:00,347759.085,snapshot-settled-after-default-off-continuous,82878,reader,4.1,18.490,647.750
2026-09-07T17:16:26.845375+00:00,347759.085,snapshot-settled-after-default-off-continuous,82886,webcontent,0.0,4.160,278.578
2026-09-07T17:16:26.845381+00:00,347759.085,snapshot-settled-after-default-off-continuous,82887,webcontent,0.0,4.200,278.422
2026-09-07T17:16:26.845385+00:00,347759.085,snapshot-settled-after-default-off-continuous,82889,webcontent,0.0,4.280,278.578
2026-09-07T17:16:26.845388+00:00,347759.085,snapshot-settled-after-default-off-continuous,82890,webcontent,0.0,4.260,278.531
2026-09-07T17:16:26.845391+00:00,347759.085,snapshot-settled-after-default-off-continuous,82892,webkit_network,0.0,0.390,119.391
2026-09-07T17:16:27.857284+00:00,347760.096,snapshot-settled-after-default-off-continuous,82878,reader,12.9,18.580,662.344
2026-09-07T17:16:27.857349+00:00,347760.096,snapshot-settled-after-default-off-continuous,82886,webcontent,0.0,4.160,278.578
2026-09-07T17:16:27.857355+00:00,347760.096,snapshot-settled-after-default-off-continuous,82887,webcontent,0.0,4.200,278.422
2026-09-07T17:16:27.857359+00:00,347760.096,snapshot-settled-after-default-off-continuous,82889,webcontent,0.0,4.280,278.578
2026-09-07T17:16:27.857362+00:00,347760.096,snapshot-settled-after-default-off-continuous,82890,webcontent,0.0,4.260,278.531
2026-09-07T17:16:27.857365+00:00,347760.096,snapshot-settled-after-default-off-continuous,82892,webkit_network,0.0,0.390,119.391
2026-09-07T17:16:28.864060+00:00,347761.106,snapshot-settled-after-default-off-continuous,82878,reader,2.1,18.630,647.812
2026-09-07T17:16:28.864119+00:00,347761.106,snapshot-settled-after-default-off-continuous,82886,webcontent,0.0,4.160,278.578
2026-09-07T17:16:28.864126+00:00,347761.106,snapshot-settled-after-default-off-continuous,82887,webcontent,0.0,4.200,278.422
2026-09-07T17:16:28.864130+00:00,347761.106,snapshot-settled-after-default-off-continuous,82889,webcontent,0.0,4.280,278.578
2026-09-07T17:16:28.864133+00:00,347761.106,snapshot-settled-after-default-off-continuous,82890,webcontent,0.0,4.260,278.531
2026-09-07T17:16:28.864137+00:00,347761.106,snapshot-settled-after-default-off-continuous,82892,webkit_network,0.0,0.390,119.391
2026-09-07T17:16:29.864838+00:00,347762.116,snapshot-settled-after-default-off-continuous,82878,reader,6.4,18.750,647.906
2026-09-07T17:16:29.864894+00:00,347762.116,snapshot-settled-after-default-off-continuous,82886,webcontent,0.0,4.160,278.578
2026-09-07T17:16:29.864900+00:00,347762.116,snapshot-settled-after-default-off-continuous,82887,webcontent,0.0,4.200,278.422
2026-09-07T17:16:29.864904+00:00,347762.116,snapshot-settled-after-default-off-continuous,82889,webcontent,0.0,4.280,278.578
2026-09-07T17:16:29.864907+00:00,347762.116,snapshot-settled-after-default-off-continuous,82890,webcontent,0.0,4.260,278.531
2026-09-07T17:16:29.864911+00:00,347762.116,snapshot-settled-after-default-off-continuous,82892,webkit_network,0.0,0.390,119.391
2026-09-07T17:16:30.885905+00:00,347763.127,snapshot-settled-after-default-off-continuous,82878,reader,21.2,18.860,662.453
2026-09-07T17:16:30.885968+00:00,347763.127,snapshot-settled-after-default-off-continuous,82886,webcontent,0.0,4.160,278.578
2026-09-07T17:16:30.885973+00:00,347763.127,snapshot-settled-after-default-off-continuous,82887,webcontent,0.0,4.200,278.422
2026-09-07T17:16:30.885977+00:00,347763.127,snapshot-settled-after-default-off-continuous,82889,webcontent,0.0,4.280,278.578
2026-09-07T17:16:30.885980+00:00,347763.127,snapshot-settled-after-default-off-continuous,82890,webcontent,0.0,4.260,278.531
2026-09-07T17:16:30.885983+00:00,347763.127,snapshot-settled-after-default-off-continuous,82892,webkit_network,0.0,0.390,119.391
2026-09-07T17:18:55.242191+00:00,347907.488,snapshot-settled-after-default-on-continuous,83437,reader,100.1,30.150,688.000
2026-09-07T17:18:55.242245+00:00,347907.488,snapshot-settled-after-default-on-continuous,83442,webcontent,0.0,4.380,278.516
2026-09-07T17:18:55.242250+00:00,347907.488,snapshot-settled-after-default-on-continuous,83444,webcontent,0.0,4.340,278.359
2026-09-07T17:18:55.242253+00:00,347907.488,snapshot-settled-after-default-on-continuous,83445,webcontent,0.0,4.400,278.328
2026-09-07T17:18:55.242256+00:00,347907.488,snapshot-settled-after-default-on-continuous,83446,webcontent,0.0,4.390,278.438
2026-09-07T17:18:55.242260+00:00,347907.488,snapshot-settled-after-default-on-continuous,83449,webkit_network,0.0,0.390,119.562
2026-09-07T17:18:55.242263+00:00,347907.488,snapshot-settled-after-default-on-continuous,83466,webcontent,0.0,1.990,294.922
2026-09-07T17:18:55.242266+00:00,347907.488,snapshot-settled-after-default-on-continuous,83467,webkit_gpu,0.0,0.410,153.203
2026-09-07T17:18:55.242270+00:00,347907.488,snapshot-settled-after-default-on-continuous,83468,webcontent,0.0,4.200,279.109
2026-09-07T17:18:55.242273+00:00,347907.488,snapshot-settled-after-default-on-continuous,83469,webcontent,0.0,4.180,278.859
2026-09-07T17:18:55.242276+00:00,347907.488,snapshot-settled-after-default-on-continuous,83470,webcontent,0.0,4.430,279.141
2026-09-07T17:18:56.253382+00:00,347908.499,snapshot-settled-after-default-on-continuous,83437,reader,70.1,30.600,690.047
2026-09-07T17:18:56.253428+00:00,347908.499,snapshot-settled-after-default-on-continuous,83442,webcontent,0.0,4.380,278.516
2026-09-07T17:18:56.253435+00:00,347908.499,snapshot-settled-after-default-on-continuous,83444,webcontent,0.0,4.340,278.359
2026-09-07T17:18:56.253439+00:00,347908.499,snapshot-settled-after-default-on-continuous,83445,webcontent,0.0,4.400,278.328
2026-09-07T17:18:56.253443+00:00,347908.499,snapshot-settled-after-default-on-continuous,83446,webcontent,0.0,4.390,278.438
2026-09-07T17:18:56.253447+00:00,347908.499,snapshot-settled-after-default-on-continuous,83449,webkit_network,0.1,0.390,119.562
2026-09-07T17:18:56.253450+00:00,347908.499,snapshot-settled-after-default-on-continuous,83466,webcontent,1.6,2.000,295.562
2026-09-07T17:18:56.253454+00:00,347908.499,snapshot-settled-after-default-on-continuous,83467,webkit_gpu,0.0,0.410,153.812
2026-09-07T17:18:56.253457+00:00,347908.499,snapshot-settled-after-default-on-continuous,83468,webcontent,0.0,4.200,279.109
2026-09-07T17:18:56.253460+00:00,347908.499,snapshot-settled-after-default-on-continuous,83469,webcontent,0.0,4.180,278.859
2026-09-07T17:18:56.253464+00:00,347908.499,snapshot-settled-after-default-on-continuous,83470,webcontent,0.0,4.430,279.000
2026-09-07T17:18:57.235046+00:00,347909.499,snapshot-settled-after-default-on-continuous,83437,reader,25.7,31.000,714.391
2026-09-07T17:18:57.235099+00:00,347909.499,snapshot-settled-after-default-on-continuous,83442,webcontent,0.0,4.380,278.516
2026-09-07T17:18:57.235104+00:00,347909.499,snapshot-settled-after-default-on-continuous,83444,webcontent,0.0,4.340,278.359
2026-09-07T17:18:57.235108+00:00,347909.499,snapshot-settled-after-default-on-continuous,83445,webcontent,0.0,4.400,278.328
2026-09-07T17:18:57.235111+00:00,347909.499,snapshot-settled-after-default-on-continuous,83446,webcontent,0.0,4.390,278.438
2026-09-07T17:18:57.235114+00:00,347909.499,snapshot-settled-after-default-on-continuous,83449,webkit_network,0.0,0.400,119.562
2026-09-07T17:18:57.235117+00:00,347909.499,snapshot-settled-after-default-on-continuous,83466,webcontent,0.2,2.020,296.547
2026-09-07T17:18:57.235119+00:00,347909.499,snapshot-settled-after-default-on-continuous,83467,webkit_gpu,0.2,0.440,156.797
2026-09-07T17:18:57.235121+00:00,347909.499,snapshot-settled-after-default-on-continuous,83468,webcontent,0.0,4.200,279.109
2026-09-07T17:18:57.235124+00:00,347909.499,snapshot-settled-after-default-on-continuous,83469,webcontent,0.0,4.180,278.859
2026-09-07T17:18:57.235126+00:00,347909.499,snapshot-settled-after-default-on-continuous,83470,webcontent,0.0,4.430,279.000
2026-09-07T17:18:58.257807+00:00,347910.510,snapshot-settled-after-default-on-continuous,83437,reader,2.9,31.040,700.219
2026-09-07T17:18:58.257857+00:00,347910.510,snapshot-settled-after-default-on-continuous,83442,webcontent,0.0,4.380,278.516
2026-09-07T17:18:58.257863+00:00,347910.510,snapshot-settled-after-default-on-continuous,83444,webcontent,0.0,4.340,278.359
2026-09-07T17:18:58.257866+00:00,347910.510,snapshot-settled-after-default-on-continuous,83445,webcontent,0.0,4.400,278.328
2026-09-07T17:18:58.257869+00:00,347910.510,snapshot-settled-after-default-on-continuous,83446,webcontent,0.0,4.390,278.438
2026-09-07T17:18:58.257875+00:00,347910.510,snapshot-settled-after-default-on-continuous,83449,webkit_network,0.0,0.400,119.562
2026-09-07T17:18:58.257878+00:00,347910.510,snapshot-settled-after-default-on-continuous,83466,webcontent,0.0,2.020,296.547
2026-09-07T17:18:58.257881+00:00,347910.510,snapshot-settled-after-default-on-continuous,83467,webkit_gpu,0.0,0.440,156.797
2026-09-07T17:18:58.257884+00:00,347910.510,snapshot-settled-after-default-on-continuous,83468,webcontent,0.0,4.200,279.109
2026-09-07T17:18:58.257887+00:00,347910.510,snapshot-settled-after-default-on-continuous,83469,webcontent,0.0,4.180,278.859
2026-09-07T17:18:58.257889+00:00,347910.510,snapshot-settled-after-default-on-continuous,83470,webcontent,0.0,4.430,279.000
2026-09-07T17:18:59.274625+00:00,347911.520,snapshot-settled-after-default-on-continuous,83437,reader,6.8,31.160,700.922
2026-09-07T17:18:59.274679+00:00,347911.520,snapshot-settled-after-default-on-continuous,83442,webcontent,0.0,4.380,278.516
2026-09-07T17:18:59.274685+00:00,347911.520,snapshot-settled-after-default-on-continuous,83444,webcontent,0.0,4.340,278.359
2026-09-07T17:18:59.274690+00:00,347911.520,snapshot-settled-after-default-on-continuous,83445,webcontent,0.0,4.400,278.328
2026-09-07T17:18:59.274694+00:00,347911.520,snapshot-settled-after-default-on-continuous,83446,webcontent,0.0,4.390,278.438
2026-09-07T17:18:59.274697+00:00,347911.520,snapshot-settled-after-default-on-continuous,83449,webkit_network,0.0,0.400,119.562
2026-09-07T17:18:59.274701+00:00,347911.520,snapshot-settled-after-default-on-continuous,83466,webcontent,0.0,2.020,296.547
2026-09-07T17:18:59.274704+00:00,347911.520,snapshot-settled-after-default-on-continuous,83467,webkit_gpu,0.0,0.440,156.797
2026-09-07T17:18:59.274707+00:00,347911.520,snapshot-settled-after-default-on-continuous,83468,webcontent,0.0,4.200,279.109
2026-09-07T17:18:59.274710+00:00,347911.520,snapshot-settled-after-default-on-continuous,83469,webcontent,0.0,4.180,278.859
2026-09-07T17:18:59.274713+00:00,347911.520,snapshot-settled-after-default-on-continuous,83470,webcontent,0.0,4.430,279.000
2026-09-07T17:19:00.285487+00:00,347912.530,snapshot-settled-after-default-on-continuous,83437,reader,19.6,31.260,716.125
2026-09-07T17:19:00.285540+00:00,347912.530,snapshot-settled-after-default-on-continuous,83442,webcontent,0.0,4.380,278.516
2026-09-07T17:19:00.285545+00:00,347912.530,snapshot-settled-after-default-on-continuous,83444,webcontent,0.0,4.340,278.359
2026-09-07T17:19:00.285550+00:00,347912.530,snapshot-settled-after-default-on-continuous,83445,webcontent,0.0,4.400,278.328
2026-09-07T17:19:00.285553+00:00,347912.530,snapshot-settled-after-default-on-continuous,83446,webcontent,0.0,4.390,278.438
2026-09-07T17:19:00.285556+00:00,347912.530,snapshot-settled-after-default-on-continuous,83449,webkit_network,0.0,0.400,119.562
2026-09-07T17:19:00.285559+00:00,347912.530,snapshot-settled-after-default-on-continuous,83466,webcontent,0.0,2.020,296.641
2026-09-07T17:19:00.285562+00:00,347912.530,snapshot-settled-after-default-on-continuous,83467,webkit_gpu,0.0,0.440,156.797
2026-09-07T17:19:00.285565+00:00,347912.530,snapshot-settled-after-default-on-continuous,83468,webcontent,0.0,4.200,279.109
2026-09-07T17:19:00.285567+00:00,347912.530,snapshot-settled-after-default-on-continuous,83469,webcontent,0.0,4.180,278.859
2026-09-07T17:19:00.285570+00:00,347912.530,snapshot-settled-after-default-on-continuous,83470,webcontent,0.0,4.430,279.000
2026-09-07T17:19:01.285598+00:00,347913.541,snapshot-settled-after-default-on-continuous,83437,reader,2.7,31.320,701.562
2026-09-07T17:19:01.285652+00:00,347913.541,snapshot-settled-after-default-on-continuous,83442,webcontent,0.0,4.380,278.516
2026-09-07T17:19:01.285657+00:00,347913.541,snapshot-settled-after-default-on-continuous,83444,webcontent,0.0,4.340,278.359
2026-09-07T17:19:01.285660+00:00,347913.541,snapshot-settled-after-default-on-continuous,83445,webcontent,0.0,4.400,278.328
2026-09-07T17:19:01.285663+00:00,347913.541,snapshot-settled-after-default-on-continuous,83446,webcontent,0.0,4.390,278.438
2026-09-07T17:19:01.285670+00:00,347913.541,snapshot-settled-after-default-on-continuous,83449,webkit_network,0.0,0.400,119.562
2026-09-07T17:19:01.285673+00:00,347913.541,snapshot-settled-after-default-on-continuous,83466,webcontent,0.0,2.020,296.641
2026-09-07T17:19:01.285676+00:00,347913.541,snapshot-settled-after-default-on-continuous,83467,webkit_gpu,0.0,0.440,156.766
2026-09-07T17:19:01.285678+00:00,347913.541,snapshot-settled-after-default-on-continuous,83468,webcontent,0.0,4.200,279.109
2026-09-07T17:19:01.285681+00:00,347913.541,snapshot-settled-after-default-on-continuous,83469,webcontent,0.0,4.180,278.859
2026-09-07T17:19:01.285684+00:00,347913.541,snapshot-settled-after-default-on-continuous,83470,webcontent,0.0,4.430,279.000
2026-09-07T17:19:02.293579+00:00,347914.549,snapshot-settled-after-default-on-continuous,83437,reader,11.2,31.440,702.172
2026-09-07T17:19:02.293632+00:00,347914.549,snapshot-settled-after-default-on-continuous,83442,webcontent,0.0,4.380,278.516
2026-09-07T17:19:02.293638+00:00,347914.549,snapshot-settled-after-default-on-continuous,83444,webcontent,0.0,4.340,278.359
2026-09-07T17:19:02.293642+00:00,347914.549,snapshot-settled-after-default-on-continuous,83445,webcontent,0.0,4.400,278.328
2026-09-07T17:19:02.293645+00:00,347914.549,snapshot-settled-after-default-on-continuous,83446,webcontent,0.0,4.390,278.438
2026-09-07T17:19:02.293649+00:00,347914.549,snapshot-settled-after-default-on-continuous,83449,webkit_network,0.0,0.400,119.562
2026-09-07T17:19:02.293653+00:00,347914.549,snapshot-settled-after-default-on-continuous,83466,webcontent,0.0,2.020,296.578
2026-09-07T17:19:02.293655+00:00,347914.549,snapshot-settled-after-default-on-continuous,83467,webkit_gpu,0.0,0.440,156.688
2026-09-07T17:19:02.293658+00:00,347914.549,snapshot-settled-after-default-on-continuous,83468,webcontent,0.0,4.200,279.109
2026-09-07T17:19:02.293661+00:00,347914.549,snapshot-settled-after-default-on-continuous,83469,webcontent,0.0,4.180,278.859
2026-09-07T17:19:02.293664+00:00,347914.549,snapshot-settled-after-default-on-continuous,83470,webcontent,0.0,4.430,279.000
2026-09-07T17:19:03.300385+00:00,347915.559,snapshot-settled-after-default-on-continuous,83437,reader,19.4,31.530,716.953
2026-09-07T17:19:03.300499+00:00,347915.559,snapshot-settled-after-default-on-continuous,83442,webcontent,0.0,4.380,278.516
2026-09-07T17:19:03.300504+00:00,347915.559,snapshot-settled-after-default-on-continuous,83444,webcontent,0.0,4.340,278.359
2026-09-07T17:19:03.300508+00:00,347915.559,snapshot-settled-after-default-on-continuous,83445,webcontent,0.0,4.400,278.328
2026-09-07T17:19:03.300511+00:00,347915.559,snapshot-settled-after-default-on-continuous,83446,webcontent,0.0,4.390,278.438
2026-09-07T17:19:03.300514+00:00,347915.559,snapshot-settled-after-default-on-continuous,83449,webkit_network,0.0,0.400,119.562
2026-09-07T17:19:03.300517+00:00,347915.559,snapshot-settled-after-default-on-continuous,83466,webcontent,0.0,2.020,296.578
2026-09-07T17:19:03.300519+00:00,347915.559,snapshot-settled-after-default-on-continuous,83467,webkit_gpu,0.0,0.440,156.688
2026-09-07T17:19:03.300522+00:00,347915.559,snapshot-settled-after-default-on-continuous,83468,webcontent,0.0,4.200,279.094
2026-09-07T17:19:03.300524+00:00,347915.559,snapshot-settled-after-default-on-continuous,83469,webcontent,0.0,4.180,278.859
2026-09-07T17:19:03.300527+00:00,347915.559,snapshot-settled-after-default-on-continuous,83470,webcontent,0.0,4.430,279.000
2026-09-07T17:19:04.328156+00:00,347916.570,snapshot-settled-after-default-on-continuous,83437,reader,3.9,31.580,702.438
2026-09-07T17:19:04.328209+00:00,347916.570,snapshot-settled-after-default-on-continuous,83442,webcontent,0.0,4.380,278.516
2026-09-07T17:19:04.328214+00:00,347916.570,snapshot-settled-after-default-on-continuous,83444,webcontent,0.0,4.340,278.359
2026-09-07T17:19:04.328220+00:00,347916.570,snapshot-settled-after-default-on-continuous,83445,webcontent,0.0,4.400,278.328
2026-09-07T17:19:04.328223+00:00,347916.570,snapshot-settled-after-default-on-continuous,83446,webcontent,0.0,4.390,278.438
2026-09-07T17:19:04.328227+00:00,347916.570,snapshot-settled-after-default-on-continuous,83449,webkit_network,0.0,0.400,119.562
2026-09-07T17:19:04.328230+00:00,347916.570,snapshot-settled-after-default-on-continuous,83466,webcontent,0.0,2.020,296.578
2026-09-07T17:19:04.328234+00:00,347916.570,snapshot-settled-after-default-on-continuous,83467,webkit_gpu,0.0,0.440,156.688
2026-09-07T17:19:04.328237+00:00,347916.570,snapshot-settled-after-default-on-continuous,83468,webcontent,0.0,4.200,279.094
2026-09-07T17:19:04.328240+00:00,347916.570,snapshot-settled-after-default-on-continuous,83469,webcontent,0.0,4.180,278.844
2026-09-07T17:19:04.328243+00:00,347916.570,snapshot-settled-after-default-on-continuous,83470,webcontent,0.0,4.430,278.984
2026-09-07T17:19:05.326029+00:00,347917.580,snapshot-settled-after-default-on-continuous,83437,reader,12.2,31.700,702.750
2026-09-07T17:19:05.326083+00:00,347917.580,snapshot-settled-after-default-on-continuous,83442,webcontent,0.0,4.380,278.516
2026-09-07T17:19:05.326089+00:00,347917.580,snapshot-settled-after-default-on-continuous,83444,webcontent,0.0,4.340,278.359
2026-09-07T17:19:05.326092+00:00,347917.580,snapshot-settled-after-default-on-continuous,83445,webcontent,0.0,4.400,278.328
2026-09-07T17:19:05.326095+00:00,347917.580,snapshot-settled-after-default-on-continuous,83446,webcontent,0.0,4.390,278.438
2026-09-07T17:19:05.326099+00:00,347917.580,snapshot-settled-after-default-on-continuous,83449,webkit_network,0.0,0.400,119.562
2026-09-07T17:19:05.326102+00:00,347917.580,snapshot-settled-after-default-on-continuous,83466,webcontent,0.0,2.020,296.578
2026-09-07T17:19:05.326105+00:00,347917.580,snapshot-settled-after-default-on-continuous,83467,webkit_gpu,0.0,0.440,156.672
2026-09-07T17:19:05.326108+00:00,347917.580,snapshot-settled-after-default-on-continuous,83468,webcontent,0.0,4.200,279.094
2026-09-07T17:19:05.326111+00:00,347917.580,snapshot-settled-after-default-on-continuous,83469,webcontent,0.0,4.180,278.844
2026-09-07T17:19:05.326113+00:00,347917.580,snapshot-settled-after-default-on-continuous,83470,webcontent,0.0,4.430,278.984
2026-09-07T17:19:06.326750+00:00,347918.584,snapshot-settled-after-default-on-continuous,83437,reader,12.9,31.750,702.766
2026-09-07T17:19:06.326797+00:00,347918.584,snapshot-settled-after-default-on-continuous,83442,webcontent,0.0,4.380,278.516
2026-09-07T17:19:06.326803+00:00,347918.584,snapshot-settled-after-default-on-continuous,83444,webcontent,0.0,4.340,278.359
2026-09-07T17:19:06.326807+00:00,347918.584,snapshot-settled-after-default-on-continuous,83445,webcontent,0.0,4.400,278.328
2026-09-07T17:19:06.326810+00:00,347918.584,snapshot-settled-after-default-on-continuous,83446,webcontent,0.0,4.390,278.438
2026-09-07T17:19:06.326815+00:00,347918.584,snapshot-settled-after-default-on-continuous,83449,webkit_network,0.0,0.400,119.562
2026-09-07T17:19:06.326818+00:00,347918.584,snapshot-settled-after-default-on-continuous,83466,webcontent,0.0,2.020,296.578
2026-09-07T17:19:06.326821+00:00,347918.584,snapshot-settled-after-default-on-continuous,83467,webkit_gpu,0.0,0.440,156.672
2026-09-07T17:19:06.326824+00:00,347918.584,snapshot-settled-after-default-on-continuous,83468,webcontent,0.0,4.200,279.094
2026-09-07T17:19:06.326827+00:00,347918.584,snapshot-settled-after-default-on-continuous,83469,webcontent,0.0,4.180,278.844
2026-09-07T17:19:06.326830+00:00,347918.584,snapshot-settled-after-default-on-continuous,83470,webcontent,0.0,4.430,278.984
2026-09-07T17:19:07.351127+00:00,347919.594,snapshot-settled-after-default-on-continuous,83437,reader,3.4,31.830,703.078
2026-09-07T17:19:07.351167+00:00,347919.594,snapshot-settled-after-default-on-continuous,83442,webcontent,0.0,4.380,278.516
2026-09-07T17:19:07.351173+00:00,347919.594,snapshot-settled-after-default-on-continuous,83444,webcontent,0.0,4.340,278.359
2026-09-07T17:19:07.351177+00:00,347919.594,snapshot-settled-after-default-on-continuous,83445,webcontent,0.0,4.400,278.328
2026-09-07T17:19:07.351180+00:00,347919.594,snapshot-settled-after-default-on-continuous,83446,webcontent,0.0,4.390,278.438
2026-09-07T17:19:07.351185+00:00,347919.594,snapshot-settled-after-default-on-continuous,83449,webkit_network,0.0,0.400,119.562
2026-09-07T17:19:07.351189+00:00,347919.594,snapshot-settled-after-default-on-continuous,83466,webcontent,0.0,2.020,296.578
2026-09-07T17:19:07.351192+00:00,347919.594,snapshot-settled-after-default-on-continuous,83467,webkit_gpu,0.0,0.440,156.672
2026-09-07T17:19:07.351195+00:00,347919.594,snapshot-settled-after-default-on-continuous,83468,webcontent,0.0,4.200,279.094
2026-09-07T17:19:07.351198+00:00,347919.594,snapshot-settled-after-default-on-continuous,83469,webcontent,0.0,4.180,278.844
2026-09-07T17:19:07.351201+00:00,347919.594,snapshot-settled-after-default-on-continuous,83470,webcontent,0.0,4.430,278.984
2026-09-07T17:19:08.333242+00:00,347920.599,snapshot-settled-after-default-on-continuous,83437,reader,11.5,31.940,717.719
2026-09-07T17:19:08.333285+00:00,347920.599,snapshot-settled-after-default-on-continuous,83442,webcontent,0.0,4.380,278.516
2026-09-07T17:19:08.333290+00:00,347920.599,snapshot-settled-after-default-on-continuous,83444,webcontent,0.0,4.340,278.359
2026-09-07T17:19:08.333293+00:00,347920.599,snapshot-settled-after-default-on-continuous,83445,webcontent,0.0,4.400,278.328
2026-09-07T17:19:08.333298+00:00,347920.599,snapshot-settled-after-default-on-continuous,83446,webcontent,0.0,4.390,278.438
2026-09-07T17:19:08.333301+00:00,347920.599,snapshot-settled-after-default-on-continuous,83449,webkit_network,0.0,0.400,119.562
2026-09-07T17:19:08.333304+00:00,347920.599,snapshot-settled-after-default-on-continuous,83466,webcontent,0.0,2.020,296.578
2026-09-07T17:19:08.333307+00:00,347920.599,snapshot-settled-after-default-on-continuous,83467,webkit_gpu,0.0,0.440,156.672
2026-09-07T17:19:08.333310+00:00,347920.599,snapshot-settled-after-default-on-continuous,83468,webcontent,0.0,4.200,279.094
2026-09-07T17:19:08.333312+00:00,347920.599,snapshot-settled-after-default-on-continuous,83469,webcontent,0.0,4.180,278.844
2026-09-07T17:19:08.333315+00:00,347920.599,snapshot-settled-after-default-on-continuous,83470,webcontent,0.0,4.430,278.984
2026-09-07T17:19:09.366181+00:00,347921.609,snapshot-settled-after-default-on-continuous,83437,reader,1.6,31.970,703.188
2026-09-07T17:19:09.366226+00:00,347921.609,snapshot-settled-after-default-on-continuous,83442,webcontent,0.0,4.380,278.516
2026-09-07T17:19:09.366232+00:00,347921.609,snapshot-settled-after-default-on-continuous,83444,webcontent,0.0,4.340,278.359
2026-09-07T17:19:09.366236+00:00,347921.609,snapshot-settled-after-default-on-continuous,83445,webcontent,0.0,4.400,278.328
2026-09-07T17:19:09.366239+00:00,347921.609,snapshot-settled-after-default-on-continuous,83446,webcontent,0.0,4.390,278.438
2026-09-07T17:19:09.366243+00:00,347921.609,snapshot-settled-after-default-on-continuous,83449,webkit_network,0.0,0.400,119.562
2026-09-07T17:19:09.366247+00:00,347921.609,snapshot-settled-after-default-on-continuous,83466,webcontent,0.0,2.020,296.578
2026-09-07T17:19:09.366250+00:00,347921.609,snapshot-settled-after-default-on-continuous,83467,webkit_gpu,0.0,0.440,156.672
2026-09-07T17:19:09.366253+00:00,347921.609,snapshot-settled-after-default-on-continuous,83468,webcontent,0.0,4.200,279.094
2026-09-07T17:19:09.366256+00:00,347921.609,snapshot-settled-after-default-on-continuous,83469,webcontent,0.0,4.180,278.844
2026-09-07T17:19:09.366259+00:00,347921.609,snapshot-settled-after-default-on-continuous,83470,webcontent,0.0,4.430,278.984
2026-09-07T17:19:10.367409+00:00,347922.619,snapshot-settled-after-default-on-continuous,83437,reader,58.1,32.380,704.578
2026-09-07T17:19:10.367457+00:00,347922.619,snapshot-settled-after-default-on-continuous,83442,webcontent,0.0,4.380,278.516
2026-09-07T17:19:10.367466+00:00,347922.619,snapshot-settled-after-default-on-continuous,83444,webcontent,0.0,4.340,278.359
2026-09-07T17:19:10.367470+00:00,347922.619,snapshot-settled-after-default-on-continuous,83445,webcontent,0.0,4.400,278.328
2026-09-07T17:19:10.367474+00:00,347922.619,snapshot-settled-after-default-on-continuous,83446,webcontent,0.0,4.390,278.438
2026-09-07T17:19:10.367478+00:00,347922.619,snapshot-settled-after-default-on-continuous,83449,webkit_network,0.2,0.400,119.562
2026-09-07T17:19:10.367482+00:00,347922.619,snapshot-settled-after-default-on-continuous,83466,webcontent,2.4,2.040,296.766
2026-09-07T17:19:10.367486+00:00,347922.619,snapshot-settled-after-default-on-continuous,83467,webkit_gpu,0.5,0.440,157.125
2026-09-07T17:19:10.367490+00:00,347922.619,snapshot-settled-after-default-on-continuous,83468,webcontent,0.0,4.200,279.094
2026-09-07T17:19:10.367493+00:00,347922.619,snapshot-settled-after-default-on-continuous,83469,webcontent,0.0,4.180,278.844
2026-09-07T17:19:10.367497+00:00,347922.619,snapshot-settled-after-default-on-continuous,83470,webcontent,0.0,4.430,278.984
2026-09-07T17:19:11.368214+00:00,347923.629,snapshot-settled-after-default-on-continuous,83437,reader,18.7,32.750,727.719
2026-09-07T17:19:11.368275+00:00,347923.629,snapshot-settled-after-default-on-continuous,83442,webcontent,0.0,4.380,278.516
2026-09-07T17:19:11.368280+00:00,347923.629,snapshot-settled-after-default-on-continuous,83444,webcontent,0.0,4.340,278.359
2026-09-07T17:19:11.368285+00:00,347923.629,snapshot-settled-after-default-on-continuous,83445,webcontent,0.0,4.400,278.328
2026-09-07T17:19:11.368287+00:00,347923.629,snapshot-settled-after-default-on-continuous,83446,webcontent,0.0,4.390,278.438
2026-09-07T17:19:11.368292+00:00,347923.629,snapshot-settled-after-default-on-continuous,83449,webkit_network,0.0,0.400,119.562
2026-09-07T17:19:11.368295+00:00,347923.629,snapshot-settled-after-default-on-continuous,83466,webcontent,0.1,2.050,297.359
2026-09-07T17:19:11.368298+00:00,347923.629,snapshot-settled-after-default-on-continuous,83467,webkit_gpu,0.1,0.470,159.031
2026-09-07T17:19:11.368300+00:00,347923.629,snapshot-settled-after-default-on-continuous,83468,webcontent,0.0,4.200,279.094
2026-09-07T17:19:11.368302+00:00,347923.629,snapshot-settled-after-default-on-continuous,83469,webcontent,0.0,4.180,278.844
2026-09-07T17:19:11.368305+00:00,347923.629,snapshot-settled-after-default-on-continuous,83470,webcontent,0.0,4.430,278.984
2026-09-07T17:19:12.397270+00:00,347924.640,snapshot-settled-after-default-on-continuous,83437,reader,1.8,32.780,713.188
2026-09-07T17:19:12.397321+00:00,347924.640,snapshot-settled-after-default-on-continuous,83442,webcontent,0.0,4.380,278.516
2026-09-07T17:19:12.397328+00:00,347924.640,snapshot-settled-after-default-on-continuous,83444,webcontent,0.0,4.340,278.359
2026-09-07T17:19:12.397333+00:00,347924.640,snapshot-settled-after-default-on-continuous,83445,webcontent,0.0,4.400,278.328
2026-09-07T17:19:12.397336+00:00,347924.640,snapshot-settled-after-default-on-continuous,83446,webcontent,0.0,4.390,278.438
2026-09-07T17:19:12.397340+00:00,347924.640,snapshot-settled-after-default-on-continuous,83449,webkit_network,0.0,0.400,119.562
2026-09-07T17:19:12.397343+00:00,347924.640,snapshot-settled-after-default-on-continuous,83466,webcontent,0.0,2.050,297.359
2026-09-07T17:19:12.397346+00:00,347924.640,snapshot-settled-after-default-on-continuous,83467,webkit_gpu,0.0,0.470,159.031
2026-09-07T17:19:12.397349+00:00,347924.640,snapshot-settled-after-default-on-continuous,83468,webcontent,0.0,4.200,279.094
2026-09-07T17:19:12.397352+00:00,347924.640,snapshot-settled-after-default-on-continuous,83469,webcontent,0.0,4.180,278.844
2026-09-07T17:19:12.397355+00:00,347924.640,snapshot-settled-after-default-on-continuous,83470,webcontent,0.0,4.430,278.984
2026-09-07T17:19:13.401860+00:00,347925.643,snapshot-settled-after-default-on-continuous,83437,reader,8.0,32.910,713.219
2026-09-07T17:19:13.401910+00:00,347925.643,snapshot-settled-after-default-on-continuous,83442,webcontent,0.0,4.380,278.516
2026-09-07T17:19:13.401917+00:00,347925.643,snapshot-settled-after-default-on-continuous,83444,webcontent,0.0,4.340,278.359
2026-09-07T17:19:13.401921+00:00,347925.643,snapshot-settled-after-default-on-continuous,83445,webcontent,0.0,4.400,278.328
2026-09-07T17:19:13.401924+00:00,347925.643,snapshot-settled-after-default-on-continuous,83446,webcontent,0.0,4.390,278.438
2026-09-07T17:19:13.401928+00:00,347925.643,snapshot-settled-after-default-on-continuous,83449,webkit_network,0.0,0.400,119.562
2026-09-07T17:19:13.401931+00:00,347925.643,snapshot-settled-after-default-on-continuous,83466,webcontent,0.0,2.050,297.359
2026-09-07T17:19:13.401935+00:00,347925.643,snapshot-settled-after-default-on-continuous,83467,webkit_gpu,0.0,0.470,159.031
2026-09-07T17:19:13.401938+00:00,347925.643,snapshot-settled-after-default-on-continuous,83468,webcontent,0.0,4.200,279.094
2026-09-07T17:19:13.401941+00:00,347925.643,snapshot-settled-after-default-on-continuous,83469,webcontent,0.0,4.180,278.844
2026-09-07T17:19:13.401943+00:00,347925.643,snapshot-settled-after-default-on-continuous,83470,webcontent,0.0,4.430,278.984
2026-09-07T17:19:14.415261+00:00,347926.654,snapshot-settled-after-default-on-continuous,83437,reader,17.4,33.030,727.828
2026-09-07T17:19:14.415324+00:00,347926.654,snapshot-settled-after-default-on-continuous,83442,webcontent,0.0,4.380,278.516
2026-09-07T17:19:14.415331+00:00,347926.654,snapshot-settled-after-default-on-continuous,83444,webcontent,0.0,4.340,278.359
2026-09-07T17:19:14.415335+00:00,347926.654,snapshot-settled-after-default-on-continuous,83445,webcontent,0.0,4.400,278.328
2026-09-07T17:19:14.415338+00:00,347926.654,snapshot-settled-after-default-on-continuous,83446,webcontent,0.0,4.390,278.438
2026-09-07T17:19:14.415342+00:00,347926.654,snapshot-settled-after-default-on-continuous,83449,webkit_network,0.0,0.400,119.578
2026-09-07T17:19:14.415346+00:00,347926.654,snapshot-settled-after-default-on-continuous,83466,webcontent,0.0,2.050,297.469
2026-09-07T17:19:14.415349+00:00,347926.654,snapshot-settled-after-default-on-continuous,83467,webkit_gpu,0.0,0.470,159.031
2026-09-07T17:19:14.415352+00:00,347926.654,snapshot-settled-after-default-on-continuous,83468,webcontent,0.0,4.200,279.094
2026-09-07T17:19:14.415355+00:00,347926.654,snapshot-settled-after-default-on-continuous,83469,webcontent,0.0,4.180,278.844
2026-09-07T17:19:14.415358+00:00,347926.654,snapshot-settled-after-default-on-continuous,83470,webcontent,0.0,4.430,278.984
2026-09-07T17:19:15.402610+00:00,347927.664,snapshot-settled-after-default-on-continuous,83437,reader,41.7,33.760,714.516
2026-09-07T17:19:15.402650+00:00,347927.664,snapshot-settled-after-default-on-continuous,83442,webcontent,0.0,4.380,278.516
2026-09-07T17:19:15.402654+00:00,347927.664,snapshot-settled-after-default-on-continuous,83444,webcontent,0.0,4.340,278.359
2026-09-07T17:19:15.402659+00:00,347927.664,snapshot-settled-after-default-on-continuous,83445,webcontent,0.0,4.400,278.328
2026-09-07T17:19:15.402662+00:00,347927.664,snapshot-settled-after-default-on-continuous,83446,webcontent,0.0,4.390,278.438
2026-09-07T17:19:15.402665+00:00,347927.664,snapshot-settled-after-default-on-continuous,83449,webkit_network,0.2,0.410,119.578
2026-09-07T17:19:15.402668+00:00,347927.664,snapshot-settled-after-default-on-continuous,83466,webcontent,3.4,2.070,297.844
2026-09-07T17:19:15.402670+00:00,347927.664,snapshot-settled-after-default-on-continuous,83467,webkit_gpu,5.9,0.490,159.953
2026-09-07T17:19:15.402673+00:00,347927.664,snapshot-settled-after-default-on-continuous,83468,webcontent,0.0,4.200,279.094
2026-09-07T17:19:15.402675+00:00,347927.664,snapshot-settled-after-default-on-continuous,83469,webcontent,0.0,4.180,278.844
2026-09-07T17:19:15.402678+00:00,347927.664,snapshot-settled-after-default-on-continuous,83470,webcontent,0.0,4.430,278.984
2026-09-07T17:19:16.435142+00:00,347928.674,snapshot-settled-after-default-on-continuous,83437,reader,11.7,33.960,721.172
2026-09-07T17:19:16.435196+00:00,347928.674,snapshot-settled-after-default-on-continuous,83442,webcontent,0.0,4.380,278.516
2026-09-07T17:19:16.435201+00:00,347928.674,snapshot-settled-after-default-on-continuous,83444,webcontent,0.0,4.340,278.359
2026-09-07T17:19:16.435207+00:00,347928.674,snapshot-settled-after-default-on-continuous,83445,webcontent,0.0,4.400,278.328
2026-09-07T17:19:16.435210+00:00,347928.674,snapshot-settled-after-default-on-continuous,83446,webcontent,0.0,4.390,278.438
2026-09-07T17:19:16.435214+00:00,347928.674,snapshot-settled-after-default-on-continuous,83449,webkit_network,0.0,0.410,119.578
2026-09-07T17:19:16.435217+00:00,347928.674,snapshot-settled-after-default-on-continuous,83466,webcontent,0.0,2.070,297.844
2026-09-07T17:19:16.435220+00:00,347928.674,snapshot-settled-after-default-on-continuous,83467,webkit_gpu,0.0,0.490,159.953
2026-09-07T17:19:16.435223+00:00,347928.674,snapshot-settled-after-default-on-continuous,83468,webcontent,0.0,4.200,279.094
2026-09-07T17:19:16.435226+00:00,347928.674,snapshot-settled-after-default-on-continuous,83469,webcontent,0.0,4.180,278.844
2026-09-07T17:19:16.435229+00:00,347928.674,snapshot-settled-after-default-on-continuous,83470,webcontent,0.0,4.430,278.984
2026-09-07T17:19:17.437913+00:00,347929.685,snapshot-settled-after-default-on-continuous,83437,reader,15.4,34.050,736.312
2026-09-07T17:19:17.437972+00:00,347929.685,snapshot-settled-after-default-on-continuous,83442,webcontent,0.0,4.380,278.516
2026-09-07T17:19:17.437980+00:00,347929.685,snapshot-settled-after-default-on-continuous,83444,webcontent,0.0,4.340,278.359
2026-09-07T17:19:17.437984+00:00,347929.685,snapshot-settled-after-default-on-continuous,83445,webcontent,0.0,4.400,278.328
2026-09-07T17:19:17.437987+00:00,347929.685,snapshot-settled-after-default-on-continuous,83446,webcontent,0.0,4.390,278.438
2026-09-07T17:19:17.437993+00:00,347929.685,snapshot-settled-after-default-on-continuous,83449,webkit_network,0.0,0.410,119.578
2026-09-07T17:19:17.437996+00:00,347929.685,snapshot-settled-after-default-on-continuous,83466,webcontent,0.0,2.070,297.844
2026-09-07T17:19:17.437999+00:00,347929.685,snapshot-settled-after-default-on-continuous,83467,webkit_gpu,0.0,0.490,159.953
2026-09-07T17:19:17.438002+00:00,347929.685,snapshot-settled-after-default-on-continuous,83468,webcontent,0.0,4.200,279.094
2026-09-07T17:19:17.438005+00:00,347929.685,snapshot-settled-after-default-on-continuous,83469,webcontent,0.0,4.180,278.844
2026-09-07T17:19:17.438008+00:00,347929.685,snapshot-settled-after-default-on-continuous,83470,webcontent,0.0,4.430,278.984
2026-09-07T17:19:18.449386+00:00,347930.695,snapshot-settled-after-default-on-continuous,83437,reader,3.2,34.110,721.828
2026-09-07T17:19:18.449429+00:00,347930.695,snapshot-settled-after-default-on-continuous,83442,webcontent,0.0,4.380,278.516
2026-09-07T17:19:18.449435+00:00,347930.695,snapshot-settled-after-default-on-continuous,83444,webcontent,0.0,4.340,278.359
2026-09-07T17:19:18.449439+00:00,347930.695,snapshot-settled-after-default-on-continuous,83445,webcontent,0.0,4.400,278.328
2026-09-07T17:19:18.449442+00:00,347930.695,snapshot-settled-after-default-on-continuous,83446,webcontent,0.0,4.390,278.438
2026-09-07T17:19:18.449446+00:00,347930.695,snapshot-settled-after-default-on-continuous,83449,webkit_network,0.1,0.410,119.594
2026-09-07T17:19:18.449450+00:00,347930.695,snapshot-settled-after-default-on-continuous,83466,webcontent,0.3,2.080,297.844
2026-09-07T17:19:18.449453+00:00,347930.695,snapshot-settled-after-default-on-continuous,83467,webkit_gpu,0.0,0.490,159.953
2026-09-07T17:19:18.449456+00:00,347930.695,snapshot-settled-after-default-on-continuous,83468,webcontent,0.0,4.200,279.094
2026-09-07T17:19:18.449458+00:00,347930.695,snapshot-settled-after-default-on-continuous,83469,webcontent,0.0,4.180,278.844
2026-09-07T17:19:18.449461+00:00,347930.695,snapshot-settled-after-default-on-continuous,83470,webcontent,0.0,4.430,278.984
2026-09-07T17:19:19.442405+00:00,347931.698,snapshot-settled-after-default-on-continuous,83437,reader,10.7,34.230,722.562
2026-09-07T17:19:19.442463+00:00,347931.698,snapshot-settled-after-default-on-continuous,83442,webcontent,0.0,4.380,278.516
2026-09-07T17:19:19.442468+00:00,347931.698,snapshot-settled-after-default-on-continuous,83444,webcontent,0.0,4.340,278.359
2026-09-07T17:19:19.442472+00:00,347931.698,snapshot-settled-after-default-on-continuous,83445,webcontent,0.0,4.400,278.328
2026-09-07T17:19:19.442475+00:00,347931.698,snapshot-settled-after-default-on-continuous,83446,webcontent,0.0,4.390,278.438
2026-09-07T17:19:19.442478+00:00,347931.698,snapshot-settled-after-default-on-continuous,83449,webkit_network,0.0,0.410,119.594
2026-09-07T17:19:19.442482+00:00,347931.698,snapshot-settled-after-default-on-continuous,83466,webcontent,0.0,2.080,297.844
2026-09-07T17:19:19.442484+00:00,347931.698,snapshot-settled-after-default-on-continuous,83467,webkit_gpu,0.0,0.490,159.953
2026-09-07T17:19:19.442487+00:00,347931.698,snapshot-settled-after-default-on-continuous,83468,webcontent,0.0,4.200,279.094
2026-09-07T17:19:19.442490+00:00,347931.698,snapshot-settled-after-default-on-continuous,83469,webcontent,0.0,4.180,278.844
2026-09-07T17:19:19.442493+00:00,347931.698,snapshot-settled-after-default-on-continuous,83470,webcontent,0.0,4.430,278.984
2026-09-07T17:19:20.443339+00:00,347932.709,snapshot-settled-after-default-on-continuous,83437,reader,17.1,34.400,722.594
2026-09-07T17:19:20.443380+00:00,347932.709,snapshot-settled-after-default-on-continuous,83442,webcontent,0.0,4.380,278.516
2026-09-07T17:19:20.443385+00:00,347932.709,snapshot-settled-after-default-on-continuous,83444,webcontent,0.0,4.340,278.359
2026-09-07T17:19:20.443389+00:00,347932.709,snapshot-settled-after-default-on-continuous,83445,webcontent,0.0,4.400,278.328
2026-09-07T17:19:20.443391+00:00,347932.709,snapshot-settled-after-default-on-continuous,83446,webcontent,0.0,4.390,278.438
2026-09-07T17:19:20.443395+00:00,347932.709,snapshot-settled-after-default-on-continuous,83449,webkit_network,0.0,0.410,119.594
2026-09-07T17:19:20.443397+00:00,347932.709,snapshot-settled-after-default-on-continuous,83466,webcontent,0.0,2.080,297.844
2026-09-07T17:19:20.443400+00:00,347932.709,snapshot-settled-after-default-on-continuous,83467,webkit_gpu,0.0,0.490,159.906
2026-09-07T17:19:20.443402+00:00,347932.709,snapshot-settled-after-default-on-continuous,83468,webcontent,0.0,4.200,279.094
2026-09-07T17:19:20.443405+00:00,347932.709,snapshot-settled-after-default-on-continuous,83469,webcontent,0.0,4.180,278.844
2026-09-07T17:19:20.443407+00:00,347932.709,snapshot-settled-after-default-on-continuous,83470,webcontent,0.0,4.430,278.984
2026-09-07T17:19:21.457799+00:00,347933.719,snapshot-settled-after-default-on-continuous,83437,reader,95.9,35.350,723.141
2026-09-07T17:19:21.457835+00:00,347933.719,snapshot-settled-after-default-on-continuous,83442,webcontent,0.0,4.380,278.516
2026-09-07T17:19:21.457839+00:00,347933.719,snapshot-settled-after-default-on-continuous,83444,webcontent,0.0,4.340,278.359
2026-09-07T17:19:21.457843+00:00,347933.719,snapshot-settled-after-default-on-continuous,83445,webcontent,0.0,4.400,278.328
2026-09-07T17:19:21.457846+00:00,347933.719,snapshot-settled-after-default-on-continuous,83446,webcontent,0.0,4.390,278.438
2026-09-07T17:19:21.457849+00:00,347933.719,snapshot-settled-after-default-on-continuous,83449,webkit_network,0.0,0.410,119.594
2026-09-07T17:19:21.457853+00:00,347933.719,snapshot-settled-after-default-on-continuous,83466,webcontent,0.0,2.080,297.750
2026-09-07T17:19:21.457856+00:00,347933.719,snapshot-settled-after-default-on-continuous,83467,webkit_gpu,0.0,0.490,159.844
2026-09-07T17:19:21.457858+00:00,347933.719,snapshot-settled-after-default-on-continuous,83468,webcontent,0.0,4.200,279.094
2026-09-07T17:19:21.457861+00:00,347933.719,snapshot-settled-after-default-on-continuous,83469,webcontent,0.0,4.180,278.844
2026-09-07T17:19:21.457863+00:00,347933.719,snapshot-settled-after-default-on-continuous,83470,webcontent,0.0,4.430,278.984
2026-09-07T17:19:22.468013+00:00,347934.724,snapshot-settled-after-default-on-continuous,83437,reader,40.5,36.080,724.312
2026-09-07T17:19:22.468071+00:00,347934.724,snapshot-settled-after-default-on-continuous,83442,webcontent,0.0,4.380,278.516
2026-09-07T17:19:22.468077+00:00,347934.724,snapshot-settled-after-default-on-continuous,83444,webcontent,0.0,4.340,278.359
2026-09-07T17:19:22.468081+00:00,347934.724,snapshot-settled-after-default-on-continuous,83445,webcontent,0.0,4.400,278.328
2026-09-07T17:19:22.468084+00:00,347934.724,snapshot-settled-after-default-on-continuous,83446,webcontent,0.0,4.390,278.438
2026-09-07T17:19:22.468088+00:00,347934.724,snapshot-settled-after-default-on-continuous,83449,webkit_network,0.0,0.410,119.594
2026-09-07T17:19:22.468091+00:00,347934.724,snapshot-settled-after-default-on-continuous,83466,webcontent,0.0,2.080,297.750
2026-09-07T17:19:22.468094+00:00,347934.724,snapshot-settled-after-default-on-continuous,83467,webkit_gpu,0.0,0.490,159.844
2026-09-07T17:19:22.468097+00:00,347934.724,snapshot-settled-after-default-on-continuous,83468,webcontent,0.0,4.200,279.094
2026-09-07T17:19:22.468100+00:00,347934.724,snapshot-settled-after-default-on-continuous,83469,webcontent,0.0,4.180,278.844
2026-09-07T17:19:22.468102+00:00,347934.724,snapshot-settled-after-default-on-continuous,83470,webcontent,0.0,4.430,278.984
2026-09-07T17:19:23.473202+00:00,347935.734,snapshot-settled-after-default-on-continuous,83437,reader,10.9,36.200,724.266
2026-09-07T17:19:23.473247+00:00,347935.734,snapshot-settled-after-default-on-continuous,83442,webcontent,0.0,4.380,278.516
2026-09-07T17:19:23.473253+00:00,347935.734,snapshot-settled-after-default-on-continuous,83444,webcontent,0.0,4.340,278.359
2026-09-07T17:19:23.473258+00:00,347935.734,snapshot-settled-after-default-on-continuous,83445,webcontent,0.0,4.400,278.328
2026-09-07T17:19:23.473261+00:00,347935.734,snapshot-settled-after-default-on-continuous,83446,webcontent,0.0,4.390,278.438
2026-09-07T17:19:23.473266+00:00,347935.734,snapshot-settled-after-default-on-continuous,83449,webkit_network,0.0,0.410,119.594
2026-09-07T17:19:23.473269+00:00,347935.734,snapshot-settled-after-default-on-continuous,83466,webcontent,0.0,2.080,297.750
2026-09-07T17:19:23.473272+00:00,347935.734,snapshot-settled-after-default-on-continuous,83467,webkit_gpu,0.0,0.490,159.828
2026-09-07T17:19:23.473275+00:00,347935.734,snapshot-settled-after-default-on-continuous,83468,webcontent,0.0,4.200,279.094
2026-09-07T17:19:23.473278+00:00,347935.734,snapshot-settled-after-default-on-continuous,83469,webcontent,0.0,4.180,278.844
2026-09-07T17:19:23.473281+00:00,347935.734,snapshot-settled-after-default-on-continuous,83470,webcontent,0.0,4.430,278.984
2026-09-07T17:19:24.501536+00:00,347936.745,snapshot-settled-after-default-on-continuous,83437,reader,6.2,36.290,724.672
2026-09-07T17:19:24.501582+00:00,347936.745,snapshot-settled-after-default-on-continuous,83442,webcontent,0.0,4.380,278.516
2026-09-07T17:19:24.501588+00:00,347936.745,snapshot-settled-after-default-on-continuous,83444,webcontent,0.0,4.340,278.359
2026-09-07T17:19:24.501593+00:00,347936.745,snapshot-settled-after-default-on-continuous,83445,webcontent,0.0,4.400,278.328
2026-09-07T17:19:24.501597+00:00,347936.745,snapshot-settled-after-default-on-continuous,83446,webcontent,0.0,4.390,278.438
2026-09-07T17:19:24.501601+00:00,347936.745,snapshot-settled-after-default-on-continuous,83449,webkit_network,0.0,0.410,119.594
2026-09-07T17:19:24.501605+00:00,347936.745,snapshot-settled-after-default-on-continuous,83466,webcontent,0.0,2.080,297.750
2026-09-07T17:19:24.501608+00:00,347936.745,snapshot-settled-after-default-on-continuous,83467,webkit_gpu,0.0,0.490,159.828
2026-09-07T17:19:24.501612+00:00,347936.745,snapshot-settled-after-default-on-continuous,83468,webcontent,0.0,4.200,279.094
2026-09-07T17:19:24.501615+00:00,347936.745,snapshot-settled-after-default-on-continuous,83469,webcontent,0.0,4.180,278.844
2026-09-07T17:19:24.501618+00:00,347936.745,snapshot-settled-after-default-on-continuous,83470,webcontent,0.0,4.430,278.984
2026-09-07T17:19:25.488618+00:00,347937.755,snapshot-settled-after-default-on-continuous,83437,reader,13.5,36.390,740.203
2026-09-07T17:19:25.488672+00:00,347937.755,snapshot-settled-after-default-on-continuous,83442,webcontent,0.0,4.380,278.516
2026-09-07T17:19:25.488677+00:00,347937.755,snapshot-settled-after-default-on-continuous,83444,webcontent,0.0,4.340,278.359
2026-09-07T17:19:25.488681+00:00,347937.755,snapshot-settled-after-default-on-continuous,83445,webcontent,0.0,4.400,278.328
2026-09-07T17:19:25.488684+00:00,347937.755,snapshot-settled-after-default-on-continuous,83446,webcontent,0.0,4.390,278.438
2026-09-07T17:19:25.488689+00:00,347937.755,snapshot-settled-after-default-on-continuous,83449,webkit_network,0.0,0.410,119.594
2026-09-07T17:19:25.488694+00:00,347937.755,snapshot-settled-after-default-on-continuous,83466,webcontent,0.0,2.080,297.750
2026-09-07T17:19:25.488697+00:00,347937.755,snapshot-settled-after-default-on-continuous,83467,webkit_gpu,0.0,0.490,159.828
2026-09-07T17:19:25.488700+00:00,347937.755,snapshot-settled-after-default-on-continuous,83468,webcontent,0.0,4.200,279.094
2026-09-07T17:19:25.488703+00:00,347937.755,snapshot-settled-after-default-on-continuous,83469,webcontent,0.0,4.180,278.844
2026-09-07T17:19:25.488705+00:00,347937.755,snapshot-settled-after-default-on-continuous,83470,webcontent,0.0,4.430,278.984
2026-09-07T17:19:26.522360+00:00,347938.765,snapshot-settled-after-default-on-continuous,83437,reader,3.3,36.450,725.688
2026-09-07T17:19:26.522411+00:00,347938.765,snapshot-settled-after-default-on-continuous,83442,webcontent,0.0,4.380,278.516
2026-09-07T17:19:26.522418+00:00,347938.765,snapshot-settled-after-default-on-continuous,83444,webcontent,0.0,4.340,278.359
2026-09-07T17:19:26.522423+00:00,347938.765,snapshot-settled-after-default-on-continuous,83445,webcontent,0.0,4.400,278.328
2026-09-07T17:19:26.522426+00:00,347938.765,snapshot-settled-after-default-on-continuous,83446,webcontent,0.0,4.390,278.438
2026-09-07T17:19:26.522430+00:00,347938.765,snapshot-settled-after-default-on-continuous,83449,webkit_network,0.0,0.410,119.594
2026-09-07T17:19:26.522434+00:00,347938.765,snapshot-settled-after-default-on-continuous,83466,webcontent,0.0,2.080,297.750
2026-09-07T17:19:26.522437+00:00,347938.765,snapshot-settled-after-default-on-continuous,83467,webkit_gpu,0.0,0.490,159.828
2026-09-07T17:19:26.522440+00:00,347938.765,snapshot-settled-after-default-on-continuous,83468,webcontent,0.0,4.200,279.094
2026-09-07T17:19:26.522443+00:00,347938.765,snapshot-settled-after-default-on-continuous,83469,webcontent,0.0,4.180,278.844
2026-09-07T17:19:26.522446+00:00,347938.765,snapshot-settled-after-default-on-continuous,83470,webcontent,0.0,4.430,278.984
2026-09-07T17:19:27.533792+00:00,347939.776,snapshot-settled-after-default-on-continuous,83437,reader,4.3,36.560,726.281
2026-09-07T17:19:27.533830+00:00,347939.776,snapshot-settled-after-default-on-continuous,83442,webcontent,0.0,4.380,278.516
2026-09-07T17:19:27.533836+00:00,347939.776,snapshot-settled-after-default-on-continuous,83444,webcontent,0.0,4.340,278.359
2026-09-07T17:19:27.533840+00:00,347939.776,snapshot-settled-after-default-on-continuous,83445,webcontent,0.0,4.400,278.328
2026-09-07T17:19:27.533844+00:00,347939.776,snapshot-settled-after-default-on-continuous,83446,webcontent,0.0,4.390,278.438
2026-09-07T17:19:27.533847+00:00,347939.776,snapshot-settled-after-default-on-continuous,83449,webkit_network,0.0,0.410,119.594
2026-09-07T17:19:27.533851+00:00,347939.776,snapshot-settled-after-default-on-continuous,83466,webcontent,0.0,2.080,297.750
2026-09-07T17:19:27.533854+00:00,347939.776,snapshot-settled-after-default-on-continuous,83467,webkit_gpu,0.0,0.490,159.828
2026-09-07T17:19:27.533859+00:00,347939.776,snapshot-settled-after-default-on-continuous,83468,webcontent,0.0,4.200,279.094
2026-09-07T17:19:27.533862+00:00,347939.776,snapshot-settled-after-default-on-continuous,83469,webcontent,0.0,4.180,278.844
2026-09-07T17:19:27.533865+00:00,347939.776,snapshot-settled-after-default-on-continuous,83470,webcontent,0.0,4.430,278.984
2026-09-07T17:19:28.518735+00:00,347940.782,snapshot-settled-after-default-on-continuous,83437,reader,12.8,36.660,742.453
2026-09-07T17:19:28.518985+00:00,347940.782,snapshot-settled-after-default-on-continuous,83442,webcontent,0.0,4.380,278.516
2026-09-07T17:19:28.518990+00:00,347940.782,snapshot-settled-after-default-on-continuous,83444,webcontent,0.0,4.340,278.359
2026-09-07T17:19:28.518997+00:00,347940.782,snapshot-settled-after-default-on-continuous,83445,webcontent,0.0,4.400,278.328
2026-09-07T17:19:28.519000+00:00,347940.782,snapshot-settled-after-default-on-continuous,83446,webcontent,0.0,4.390,278.438
2026-09-07T17:19:28.519008+00:00,347940.782,snapshot-settled-after-default-on-continuous,83449,webkit_network,0.0,0.410,119.594
2026-09-07T17:19:28.519011+00:00,347940.782,snapshot-settled-after-default-on-continuous,83466,webcontent,0.0,2.080,297.656
2026-09-07T17:19:28.519014+00:00,347940.782,snapshot-settled-after-default-on-continuous,83467,webkit_gpu,0.0,0.490,159.828
2026-09-07T17:19:28.519017+00:00,347940.782,snapshot-settled-after-default-on-continuous,83468,webcontent,0.0,4.200,279.094
2026-09-07T17:19:28.519020+00:00,347940.782,snapshot-settled-after-default-on-continuous,83469,webcontent,0.0,4.180,278.844
2026-09-07T17:19:28.519022+00:00,347940.782,snapshot-settled-after-default-on-continuous,83470,webcontent,0.0,4.430,278.984
2026-09-07T17:19:29.552424+00:00,347941.793,snapshot-settled-after-default-on-continuous,83437,reader,2.6,36.710,727.922
2026-09-07T17:19:29.552469+00:00,347941.793,snapshot-settled-after-default-on-continuous,83442,webcontent,0.0,4.380,278.516
2026-09-07T17:19:29.552474+00:00,347941.793,snapshot-settled-after-default-on-continuous,83444,webcontent,0.0,4.340,278.359
2026-09-07T17:19:29.552478+00:00,347941.793,snapshot-settled-after-default-on-continuous,83445,webcontent,0.0,4.400,278.328
2026-09-07T17:19:29.552481+00:00,347941.793,snapshot-settled-after-default-on-continuous,83446,webcontent,0.0,4.390,278.438
2026-09-07T17:19:29.552485+00:00,347941.793,snapshot-settled-after-default-on-continuous,83449,webkit_network,0.0,0.410,119.594
2026-09-07T17:19:29.552488+00:00,347941.793,snapshot-settled-after-default-on-continuous,83466,webcontent,0.0,2.080,297.656
2026-09-07T17:19:29.552492+00:00,347941.793,snapshot-settled-after-default-on-continuous,83467,webkit_gpu,0.0,0.490,159.828
2026-09-07T17:19:29.552496+00:00,347941.793,snapshot-settled-after-default-on-continuous,83468,webcontent,0.0,4.200,279.094
2026-09-07T17:19:29.552499+00:00,347941.793,snapshot-settled-after-default-on-continuous,83469,webcontent,0.0,4.180,278.844
2026-09-07T17:19:29.552502+00:00,347941.793,snapshot-settled-after-default-on-continuous,83470,webcontent,0.0,4.430,278.984
2026-09-07T17:19:30.552951+00:00,347942.803,snapshot-settled-after-default-on-continuous,83437,reader,6.2,36.820,728.062
2026-09-07T17:19:30.553000+00:00,347942.803,snapshot-settled-after-default-on-continuous,83442,webcontent,0.0,4.380,278.516
2026-09-07T17:19:30.553005+00:00,347942.803,snapshot-settled-after-default-on-continuous,83444,webcontent,0.0,4.340,278.359
2026-09-07T17:19:30.553010+00:00,347942.803,snapshot-settled-after-default-on-continuous,83445,webcontent,0.0,4.400,278.328
2026-09-07T17:19:30.553013+00:00,347942.803,snapshot-settled-after-default-on-continuous,83446,webcontent,0.0,4.390,278.438
2026-09-07T17:19:30.553016+00:00,347942.803,snapshot-settled-after-default-on-continuous,83449,webkit_network,0.0,0.410,119.594
2026-09-07T17:19:30.553020+00:00,347942.803,snapshot-settled-after-default-on-continuous,83466,webcontent,0.0,2.080,297.656
2026-09-07T17:19:30.553022+00:00,347942.803,snapshot-settled-after-default-on-continuous,83467,webkit_gpu,0.0,0.490,159.828
2026-09-07T17:19:30.553025+00:00,347942.803,snapshot-settled-after-default-on-continuous,83468,webcontent,0.0,4.200,279.094
2026-09-07T17:19:30.553028+00:00,347942.803,snapshot-settled-after-default-on-continuous,83469,webcontent,0.0,4.180,278.844
2026-09-07T17:19:30.553031+00:00,347942.803,snapshot-settled-after-default-on-continuous,83470,webcontent,0.0,4.430,278.984
2026-09-07T17:19:31.568974+00:00,347943.813,snapshot-settled-after-default-on-continuous,83437,reader,14.3,36.910,742.562
2026-09-07T17:19:31.569033+00:00,347943.813,snapshot-settled-after-default-on-continuous,83442,webcontent,0.0,4.380,278.516
2026-09-07T17:19:31.569040+00:00,347943.813,snapshot-settled-after-default-on-continuous,83444,webcontent,0.0,4.340,278.359
2026-09-07T17:19:31.569044+00:00,347943.813,snapshot-settled-after-default-on-continuous,83445,webcontent,0.0,4.400,278.328
2026-09-07T17:19:31.569047+00:00,347943.813,snapshot-settled-after-default-on-continuous,83446,webcontent,0.0,4.390,278.438
2026-09-07T17:19:31.569050+00:00,347943.813,snapshot-settled-after-default-on-continuous,83449,webkit_network,0.0,0.410,119.578
2026-09-07T17:19:31.569054+00:00,347943.813,snapshot-settled-after-default-on-continuous,83466,webcontent,0.0,2.080,297.656
2026-09-07T17:19:31.569057+00:00,347943.813,snapshot-settled-after-default-on-continuous,83467,webkit_gpu,0.0,0.500,159.812
2026-09-07T17:19:31.569060+00:00,347943.813,snapshot-settled-after-default-on-continuous,83468,webcontent,0.0,4.200,279.094
2026-09-07T17:19:31.569063+00:00,347943.813,snapshot-settled-after-default-on-continuous,83469,webcontent,0.0,4.180,278.844
2026-09-07T17:19:31.569065+00:00,347943.813,snapshot-settled-after-default-on-continuous,83470,webcontent,0.0,4.430,278.984
2026-09-07T17:19:32.582421+00:00,347944.824,snapshot-settled-after-default-on-continuous,83437,reader,11.9,37.000,728.031
2026-09-07T17:19:32.582466+00:00,347944.824,snapshot-settled-after-default-on-continuous,83442,webcontent,0.0,4.380,278.516
2026-09-07T17:19:32.582472+00:00,347944.824,snapshot-settled-after-default-on-continuous,83444,webcontent,0.0,4.340,278.359
2026-09-07T17:19:32.582476+00:00,347944.824,snapshot-settled-after-default-on-continuous,83445,webcontent,0.0,4.400,278.328
2026-09-07T17:19:32.582479+00:00,347944.824,snapshot-settled-after-default-on-continuous,83446,webcontent,0.0,4.390,278.438
2026-09-07T17:19:32.582483+00:00,347944.824,snapshot-settled-after-default-on-continuous,83449,webkit_network,0.0,0.410,119.578
2026-09-07T17:19:32.582486+00:00,347944.824,snapshot-settled-after-default-on-continuous,83466,webcontent,0.0,2.080,297.656
2026-09-07T17:19:32.582489+00:00,347944.824,snapshot-settled-after-default-on-continuous,83467,webkit_gpu,0.0,0.500,159.812
2026-09-07T17:19:32.582494+00:00,347944.824,snapshot-settled-after-default-on-continuous,83468,webcontent,0.0,4.200,279.094
2026-09-07T17:19:32.582497+00:00,347944.824,snapshot-settled-after-default-on-continuous,83469,webcontent,0.0,4.180,278.844
2026-09-07T17:19:32.582500+00:00,347944.824,snapshot-settled-after-default-on-continuous,83470,webcontent,0.0,4.430,278.984
2026-09-07T17:19:33.573143+00:00,347945.834,snapshot-settled-after-default-on-continuous,83437,reader,68.0,37.370,727.984
2026-09-07T17:19:33.573201+00:00,347945.834,snapshot-settled-after-default-on-continuous,83442,webcontent,0.0,4.380,278.516
2026-09-07T17:19:33.573207+00:00,347945.834,snapshot-settled-after-default-on-continuous,83444,webcontent,0.0,4.340,278.359
2026-09-07T17:19:33.573210+00:00,347945.834,snapshot-settled-after-default-on-continuous,83445,webcontent,0.0,4.400,278.328
2026-09-07T17:19:33.573214+00:00,347945.834,snapshot-settled-after-default-on-continuous,83446,webcontent,0.0,4.390,278.438
2026-09-07T17:19:33.573218+00:00,347945.834,snapshot-settled-after-default-on-continuous,83449,webkit_network,0.0,0.410,119.578
2026-09-07T17:19:33.573221+00:00,347945.834,snapshot-settled-after-default-on-continuous,83466,webcontent,0.0,2.080,297.656
2026-09-07T17:19:33.573223+00:00,347945.834,snapshot-settled-after-default-on-continuous,83467,webkit_gpu,0.0,0.500,159.812
2026-09-07T17:19:33.573226+00:00,347945.834,snapshot-settled-after-default-on-continuous,83468,webcontent,0.0,4.200,279.094
2026-09-07T17:19:33.573228+00:00,347945.834,snapshot-settled-after-default-on-continuous,83469,webcontent,0.0,4.180,278.844
2026-09-07T17:19:33.573231+00:00,347945.834,snapshot-settled-after-default-on-continuous,83470,webcontent,0.0,4.430,278.984
2026-09-07T17:19:34.571286+00:00,347946.844,snapshot-settled-after-default-on-continuous,83437,reader,39.5,37.970,750.984
2026-09-07T17:19:34.571325+00:00,347946.844,snapshot-settled-after-default-on-continuous,83442,webcontent,0.0,4.380,278.516
2026-09-07T17:19:34.571330+00:00,347946.844,snapshot-settled-after-default-on-continuous,83444,webcontent,0.0,4.340,278.359
2026-09-07T17:19:34.571332+00:00,347946.844,snapshot-settled-after-default-on-continuous,83445,webcontent,0.0,4.400,278.328
2026-09-07T17:19:34.571335+00:00,347946.844,snapshot-settled-after-default-on-continuous,83446,webcontent,0.0,4.390,278.438
2026-09-07T17:19:34.571338+00:00,347946.844,snapshot-settled-after-default-on-continuous,83449,webkit_network,0.0,0.410,119.594
2026-09-07T17:19:34.571340+00:00,347946.844,snapshot-settled-after-default-on-continuous,83466,webcontent,0.3,2.100,297.828
2026-09-07T17:19:34.571343+00:00,347946.844,snapshot-settled-after-default-on-continuous,83467,webkit_gpu,0.3,0.520,160.609
2026-09-07T17:19:34.571346+00:00,347946.844,snapshot-settled-after-default-on-continuous,83468,webcontent,0.0,4.200,279.094
2026-09-07T17:19:34.571348+00:00,347946.844,snapshot-settled-after-default-on-continuous,83469,webcontent,0.0,4.180,278.844
2026-09-07T17:19:34.571351+00:00,347946.844,snapshot-settled-after-default-on-continuous,83470,webcontent,0.0,4.430,278.984
2026-09-07T17:19:35.616758+00:00,347947.854,snapshot-settled-after-default-on-continuous,83437,reader,3.0,38.010,736.469
2026-09-07T17:19:35.616809+00:00,347947.854,snapshot-settled-after-default-on-continuous,83442,webcontent,0.0,4.380,278.516
2026-09-07T17:19:35.616815+00:00,347947.854,snapshot-settled-after-default-on-continuous,83444,webcontent,0.0,4.340,278.359
2026-09-07T17:19:35.616818+00:00,347947.854,snapshot-settled-after-default-on-continuous,83445,webcontent,0.0,4.400,278.328
2026-09-07T17:19:35.616822+00:00,347947.854,snapshot-settled-after-default-on-continuous,83446,webcontent,0.0,4.390,278.438
2026-09-07T17:19:35.616827+00:00,347947.854,snapshot-settled-after-default-on-continuous,83449,webkit_network,0.0,0.410,119.594
2026-09-07T17:19:35.616831+00:00,347947.854,snapshot-settled-after-default-on-continuous,83466,webcontent,0.0,2.100,297.828
2026-09-07T17:19:35.616834+00:00,347947.854,snapshot-settled-after-default-on-continuous,83467,webkit_gpu,0.0,0.520,160.609
2026-09-07T17:19:35.616837+00:00,347947.854,snapshot-settled-after-default-on-continuous,83468,webcontent,0.0,4.200,279.094
2026-09-07T17:19:35.616840+00:00,347947.854,snapshot-settled-after-default-on-continuous,83469,webcontent,0.0,4.180,278.844
2026-09-07T17:19:35.616843+00:00,347947.854,snapshot-settled-after-default-on-continuous,83470,webcontent,0.0,4.430,278.984
2026-09-07T17:19:36.622672+00:00,347948.865,snapshot-settled-after-default-on-continuous,83437,reader,11.3,38.150,737.312
2026-09-07T17:19:36.622734+00:00,347948.865,snapshot-settled-after-default-on-continuous,83442,webcontent,0.0,4.380,278.516
2026-09-07T17:19:36.622740+00:00,347948.865,snapshot-settled-after-default-on-continuous,83444,webcontent,0.0,4.340,278.359
2026-09-07T17:19:36.622744+00:00,347948.865,snapshot-settled-after-default-on-continuous,83445,webcontent,0.0,4.400,278.328
2026-09-07T17:19:36.622747+00:00,347948.865,snapshot-settled-after-default-on-continuous,83446,webcontent,0.0,4.390,278.438
2026-09-07T17:19:36.622750+00:00,347948.865,snapshot-settled-after-default-on-continuous,83449,webkit_network,0.0,0.410,119.594
2026-09-07T17:19:36.622754+00:00,347948.865,snapshot-settled-after-default-on-continuous,83466,webcontent,0.0,2.100,297.828
2026-09-07T17:19:36.622757+00:00,347948.865,snapshot-settled-after-default-on-continuous,83467,webkit_gpu,0.0,0.520,160.609
2026-09-07T17:19:36.622761+00:00,347948.865,snapshot-settled-after-default-on-continuous,83468,webcontent,0.0,4.200,279.094
2026-09-07T17:19:36.622765+00:00,347948.865,snapshot-settled-after-default-on-continuous,83469,webcontent,0.0,4.180,278.844
2026-09-07T17:19:36.622768+00:00,347948.865,snapshot-settled-after-default-on-continuous,83470,webcontent,0.0,4.430,278.984
2026-09-07T17:19:37.612868+00:00,347949.875,snapshot-settled-after-default-on-continuous,83437,reader,108.5,39.070,752.609
2026-09-07T17:19:37.612907+00:00,347949.875,snapshot-settled-after-default-on-continuous,83442,webcontent,0.0,4.380,278.516
2026-09-07T17:19:37.612912+00:00,347949.875,snapshot-settled-after-default-on-continuous,83444,webcontent,0.0,4.340,278.359
2026-09-07T17:19:37.612914+00:00,347949.875,snapshot-settled-after-default-on-continuous,83445,webcontent,0.0,4.400,278.328
2026-09-07T17:19:37.612917+00:00,347949.875,snapshot-settled-after-default-on-continuous,83446,webcontent,0.0,4.390,278.438
2026-09-07T17:19:37.612920+00:00,347949.875,snapshot-settled-after-default-on-continuous,83449,webkit_network,0.0,0.410,119.594
2026-09-07T17:19:37.612923+00:00,347949.875,snapshot-settled-after-default-on-continuous,83466,webcontent,0.0,2.110,297.922
2026-09-07T17:19:37.612925+00:00,347949.875,snapshot-settled-after-default-on-continuous,83467,webkit_gpu,0.0,0.520,160.609
2026-09-07T17:19:37.612929+00:00,347949.875,snapshot-settled-after-default-on-continuous,83468,webcontent,0.0,4.200,279.094
2026-09-07T17:19:37.612932+00:00,347949.875,snapshot-settled-after-default-on-continuous,83469,webcontent,0.0,4.180,278.844
2026-09-07T17:19:37.612934+00:00,347949.875,snapshot-settled-after-default-on-continuous,83470,webcontent,0.0,4.430,278.984
2026-09-07T17:19:38.642058+00:00,347950.886,snapshot-settled-after-default-on-continuous,83437,reader,14.4,39.490,738.078
2026-09-07T17:19:38.642102+00:00,347950.886,snapshot-settled-after-default-on-continuous,83442,webcontent,0.0,4.380,278.516
2026-09-07T17:19:38.642109+00:00,347950.886,snapshot-settled-after-default-on-continuous,83444,webcontent,0.0,4.340,278.359
2026-09-07T17:19:38.642113+00:00,347950.886,snapshot-settled-after-default-on-continuous,83445,webcontent,0.0,4.400,278.328
2026-09-07T17:19:38.642118+00:00,347950.886,snapshot-settled-after-default-on-continuous,83446,webcontent,0.0,4.390,278.438
2026-09-07T17:19:38.642122+00:00,347950.886,snapshot-settled-after-default-on-continuous,83449,webkit_network,0.0,0.410,119.594
2026-09-07T17:19:38.642125+00:00,347950.886,snapshot-settled-after-default-on-continuous,83466,webcontent,0.1,2.110,297.922
2026-09-07T17:19:38.642129+00:00,347950.886,snapshot-settled-after-default-on-continuous,83467,webkit_gpu,0.0,0.520,160.609
2026-09-07T17:19:38.642132+00:00,347950.886,snapshot-settled-after-default-on-continuous,83468,webcontent,0.0,4.200,279.094
2026-09-07T17:19:38.642135+00:00,347950.886,snapshot-settled-after-default-on-continuous,83469,webcontent,0.0,4.180,278.844
2026-09-07T17:19:38.642138+00:00,347950.886,snapshot-settled-after-default-on-continuous,83470,webcontent,0.0,4.430,278.984
2026-09-07T17:19:39.654320+00:00,347951.896,snapshot-settled-after-default-on-continuous,83437,reader,10.7,39.620,738.234
2026-09-07T17:19:39.654381+00:00,347951.896,snapshot-settled-after-default-on-continuous,83442,webcontent,0.0,4.380,278.516
2026-09-07T17:19:39.654387+00:00,347951.896,snapshot-settled-after-default-on-continuous,83444,webcontent,0.0,4.340,278.359
2026-09-07T17:19:39.654393+00:00,347951.896,snapshot-settled-after-default-on-continuous,83445,webcontent,0.0,4.400,278.328
2026-09-07T17:19:39.654396+00:00,347951.896,snapshot-settled-after-default-on-continuous,83446,webcontent,0.0,4.390,278.438
2026-09-07T17:19:39.654402+00:00,347951.896,snapshot-settled-after-default-on-continuous,83449,webkit_network,0.0,0.410,119.562
2026-09-07T17:19:39.654405+00:00,347951.896,snapshot-settled-after-default-on-continuous,83466,webcontent,0.0,2.110,297.828
2026-09-07T17:19:39.654409+00:00,347951.896,snapshot-settled-after-default-on-continuous,83467,webkit_gpu,0.0,0.520,160.500
2026-09-07T17:19:39.654412+00:00,347951.896,snapshot-settled-after-default-on-continuous,83468,webcontent,0.0,4.200,279.094
2026-09-07T17:19:39.654415+00:00,347951.896,snapshot-settled-after-default-on-continuous,83469,webcontent,0.0,4.180,278.844
2026-09-07T17:19:39.654418+00:00,347951.896,snapshot-settled-after-default-on-continuous,83470,webcontent,0.0,4.430,278.984
2026-09-07T17:19:40.665244+00:00,347952.907,snapshot-settled-after-default-on-continuous,83437,reader,19.2,39.740,753.125
2026-09-07T17:19:40.665306+00:00,347952.907,snapshot-settled-after-default-on-continuous,83442,webcontent,0.0,4.380,278.516
2026-09-07T17:19:40.665311+00:00,347952.907,snapshot-settled-after-default-on-continuous,83444,webcontent,0.0,4.340,278.359
2026-09-07T17:19:40.665316+00:00,347952.907,snapshot-settled-after-default-on-continuous,83445,webcontent,0.0,4.400,278.328
2026-09-07T17:19:40.665319+00:00,347952.907,snapshot-settled-after-default-on-continuous,83446,webcontent,0.0,4.390,278.438
2026-09-07T17:19:40.665323+00:00,347952.907,snapshot-settled-after-default-on-continuous,83449,webkit_network,0.0,0.410,119.562
2026-09-07T17:19:40.665327+00:00,347952.907,snapshot-settled-after-default-on-continuous,83466,webcontent,0.0,2.110,297.828
2026-09-07T17:19:40.665330+00:00,347952.907,snapshot-settled-after-default-on-continuous,83467,webkit_gpu,0.0,0.520,160.500
2026-09-07T17:19:40.665333+00:00,347952.907,snapshot-settled-after-default-on-continuous,83468,webcontent,0.0,4.200,279.094
2026-09-07T17:19:40.665336+00:00,347952.907,snapshot-settled-after-default-on-continuous,83469,webcontent,0.0,4.180,278.844
2026-09-07T17:19:40.665339+00:00,347952.907,snapshot-settled-after-default-on-continuous,83470,webcontent,0.0,4.430,278.984
2026-09-07T17:19:41.669740+00:00,347953.917,snapshot-settled-after-default-on-continuous,83437,reader,2.6,39.790,738.594
2026-09-07T17:19:41.669782+00:00,347953.917,snapshot-settled-after-default-on-continuous,83442,webcontent,0.0,4.380,278.516
2026-09-07T17:19:41.669787+00:00,347953.917,snapshot-settled-after-default-on-continuous,83444,webcontent,0.0,4.340,278.359
2026-09-07T17:19:41.669792+00:00,347953.917,snapshot-settled-after-default-on-continuous,83445,webcontent,0.0,4.400,278.328
2026-09-07T17:19:41.669796+00:00,347953.917,snapshot-settled-after-default-on-continuous,83446,webcontent,0.0,4.390,278.438
2026-09-07T17:19:41.669800+00:00,347953.917,snapshot-settled-after-default-on-continuous,83449,webkit_network,0.0,0.410,119.562
2026-09-07T17:19:41.669803+00:00,347953.917,snapshot-settled-after-default-on-continuous,83466,webcontent,0.0,2.110,297.828
2026-09-07T17:19:41.669806+00:00,347953.917,snapshot-settled-after-default-on-continuous,83467,webkit_gpu,0.0,0.520,160.500
2026-09-07T17:19:41.669824+00:00,347953.917,snapshot-settled-after-default-on-continuous,83468,webcontent,0.0,4.200,279.094
2026-09-07T17:19:41.669838+00:00,347953.917,snapshot-settled-after-default-on-continuous,83469,webcontent,0.0,4.180,278.844
2026-09-07T17:19:41.669843+00:00,347953.917,snapshot-settled-after-default-on-continuous,83470,webcontent,0.0,4.430,278.984
2026-09-07T17:19:42.674910+00:00,347954.927,snapshot-settled-after-default-on-continuous,83437,reader,9.6,39.910,739.172
2026-09-07T17:19:42.674964+00:00,347954.927,snapshot-settled-after-default-on-continuous,83442,webcontent,0.0,4.380,278.516
2026-09-07T17:19:42.674970+00:00,347954.927,snapshot-settled-after-default-on-continuous,83444,webcontent,0.0,4.340,278.359
2026-09-07T17:19:42.674975+00:00,347954.927,snapshot-settled-after-default-on-continuous,83445,webcontent,0.0,4.400,278.328
2026-09-07T17:19:42.674978+00:00,347954.927,snapshot-settled-after-default-on-continuous,83446,webcontent,0.0,4.390,278.438
2026-09-07T17:19:42.674982+00:00,347954.927,snapshot-settled-after-default-on-continuous,83449,webkit_network,0.0,0.410,119.562
2026-09-07T17:19:42.674986+00:00,347954.927,snapshot-settled-after-default-on-continuous,83466,webcontent,0.0,2.110,297.828
2026-09-07T17:19:42.674989+00:00,347954.927,snapshot-settled-after-default-on-continuous,83467,webkit_gpu,0.0,0.520,160.484
2026-09-07T17:19:42.674992+00:00,347954.927,snapshot-settled-after-default-on-continuous,83468,webcontent,0.0,4.200,279.094
2026-09-07T17:19:42.674995+00:00,347954.927,snapshot-settled-after-default-on-continuous,83469,webcontent,0.0,4.180,278.844
2026-09-07T17:19:42.674998+00:00,347954.927,snapshot-settled-after-default-on-continuous,83470,webcontent,0.0,4.430,278.984
2026-09-07T17:19:43.687470+00:00,347955.937,snapshot-settled-after-default-on-continuous,83437,reader,12.7,40.000,754.141
2026-09-07T17:19:43.687536+00:00,347955.937,snapshot-settled-after-default-on-continuous,83442,webcontent,0.0,4.380,278.516
2026-09-07T17:19:43.687544+00:00,347955.937,snapshot-settled-after-default-on-continuous,83444,webcontent,0.0,4.340,278.359
2026-09-07T17:19:43.687548+00:00,347955.937,snapshot-settled-after-default-on-continuous,83445,webcontent,0.0,4.400,278.328
2026-09-07T17:19:43.687555+00:00,347955.937,snapshot-settled-after-default-on-continuous,83446,webcontent,0.0,4.390,278.438
2026-09-07T17:19:43.687559+00:00,347955.937,snapshot-settled-after-default-on-continuous,83449,webkit_network,0.0,0.410,119.562
2026-09-07T17:19:43.687563+00:00,347955.937,snapshot-settled-after-default-on-continuous,83466,webcontent,0.0,2.110,297.828
2026-09-07T17:19:43.687567+00:00,347955.937,snapshot-settled-after-default-on-continuous,83467,webkit_gpu,0.0,0.520,160.484
2026-09-07T17:19:43.687570+00:00,347955.937,snapshot-settled-after-default-on-continuous,83468,webcontent,0.0,4.200,279.094
2026-09-07T17:19:43.687573+00:00,347955.937,snapshot-settled-after-default-on-continuous,83469,webcontent,0.0,4.180,278.844
2026-09-07T17:19:43.687576+00:00,347955.937,snapshot-settled-after-default-on-continuous,83470,webcontent,0.0,4.430,278.984
2026-09-07T17:19:44.704783+00:00,347956.948,snapshot-settled-after-default-on-continuous,83437,reader,8.1,40.080,739.656
2026-09-07T17:19:44.704831+00:00,347956.948,snapshot-settled-after-default-on-continuous,83442,webcontent,0.0,4.380,278.516
2026-09-07T17:19:44.704837+00:00,347956.948,snapshot-settled-after-default-on-continuous,83444,webcontent,0.0,4.340,278.359
2026-09-07T17:19:44.704841+00:00,347956.948,snapshot-settled-after-default-on-continuous,83445,webcontent,0.0,4.400,278.328
2026-09-07T17:19:44.704845+00:00,347956.948,snapshot-settled-after-default-on-continuous,83446,webcontent,0.0,4.390,278.438
2026-09-07T17:19:44.704849+00:00,347956.948,snapshot-settled-after-default-on-continuous,83449,webkit_network,0.0,0.410,119.562
2026-09-07T17:19:44.704852+00:00,347956.948,snapshot-settled-after-default-on-continuous,83466,webcontent,0.0,2.110,297.828
2026-09-07T17:19:44.704855+00:00,347956.948,snapshot-settled-after-default-on-continuous,83467,webkit_gpu,0.0,0.520,160.484
2026-09-07T17:19:44.704858+00:00,347956.948,snapshot-settled-after-default-on-continuous,83468,webcontent,0.0,4.200,279.094
2026-09-07T17:19:44.704861+00:00,347956.948,snapshot-settled-after-default-on-continuous,83469,webcontent,0.0,4.180,278.844
2026-09-07T17:19:44.704871+00:00,347956.948,snapshot-settled-after-default-on-continuous,83470,webcontent,0.0,4.430,278.984
2026-09-07T17:19:45.697552+00:00,347957.957,snapshot-settled-after-default-on-continuous,83437,reader,11.8,40.190,739.688
2026-09-07T17:19:45.697606+00:00,347957.957,snapshot-settled-after-default-on-continuous,83442,webcontent,0.0,4.380,278.516
2026-09-07T17:19:45.697611+00:00,347957.957,snapshot-settled-after-default-on-continuous,83444,webcontent,0.0,4.340,278.359
2026-09-07T17:19:45.697614+00:00,347957.957,snapshot-settled-after-default-on-continuous,83445,webcontent,0.0,4.400,278.328
2026-09-07T17:19:45.697617+00:00,347957.957,snapshot-settled-after-default-on-continuous,83446,webcontent,0.0,4.390,278.438
2026-09-07T17:19:45.697621+00:00,347957.957,snapshot-settled-after-default-on-continuous,83449,webkit_network,0.0,0.410,119.562
2026-09-07T17:19:45.697624+00:00,347957.957,snapshot-settled-after-default-on-continuous,83466,webcontent,0.0,2.110,297.828
2026-09-07T17:19:45.697626+00:00,347957.957,snapshot-settled-after-default-on-continuous,83467,webkit_gpu,0.0,0.520,160.484
2026-09-07T17:19:45.697629+00:00,347957.957,snapshot-settled-after-default-on-continuous,83468,webcontent,0.0,4.200,279.094
2026-09-07T17:19:45.697632+00:00,347957.957,snapshot-settled-after-default-on-continuous,83469,webcontent,0.0,4.180,278.844
2026-09-07T17:19:45.697634+00:00,347957.957,snapshot-settled-after-default-on-continuous,83470,webcontent,0.0,4.430,278.984
2026-09-07T17:19:46.702030+00:00,347958.966,snapshot-settled-after-default-on-continuous,83437,reader,14.1,40.250,739.688
2026-09-07T17:19:46.702073+00:00,347958.966,snapshot-settled-after-default-on-continuous,83442,webcontent,0.0,4.380,278.516
2026-09-07T17:19:46.702078+00:00,347958.966,snapshot-settled-after-default-on-continuous,83444,webcontent,0.0,4.340,278.359
2026-09-07T17:19:46.702082+00:00,347958.966,snapshot-settled-after-default-on-continuous,83445,webcontent,0.0,4.400,278.328
2026-09-07T17:19:46.702086+00:00,347958.966,snapshot-settled-after-default-on-continuous,83446,webcontent,0.0,4.390,278.438
2026-09-07T17:19:46.702090+00:00,347958.966,snapshot-settled-after-default-on-continuous,83449,webkit_network,0.0,0.410,119.562
2026-09-07T17:19:46.702093+00:00,347958.966,snapshot-settled-after-default-on-continuous,83466,webcontent,0.0,2.110,297.828
2026-09-07T17:19:46.702096+00:00,347958.966,snapshot-settled-after-default-on-continuous,83467,webkit_gpu,0.0,0.520,160.484
2026-09-07T17:19:46.702099+00:00,347958.966,snapshot-settled-after-default-on-continuous,83468,webcontent,0.0,4.200,279.094
2026-09-07T17:19:46.702102+00:00,347958.966,snapshot-settled-after-default-on-continuous,83469,webcontent,0.0,4.180,278.844
2026-09-07T17:19:46.702105+00:00,347958.966,snapshot-settled-after-default-on-continuous,83470,webcontent,0.0,4.430,278.984
2026-09-07T17:19:47.728856+00:00,347959.976,snapshot-settled-after-default-on-continuous,83437,reader,4.2,40.340,739.703
2026-09-07T17:19:47.728898+00:00,347959.976,snapshot-settled-after-default-on-continuous,83442,webcontent,0.0,4.380,278.516
2026-09-07T17:19:47.728903+00:00,347959.976,snapshot-settled-after-default-on-continuous,83444,webcontent,0.0,4.340,278.359
2026-09-07T17:19:47.728908+00:00,347959.976,snapshot-settled-after-default-on-continuous,83445,webcontent,0.0,4.400,278.328
2026-09-07T17:19:47.728912+00:00,347959.976,snapshot-settled-after-default-on-continuous,83446,webcontent,0.0,4.390,278.438
2026-09-07T17:19:47.728915+00:00,347959.976,snapshot-settled-after-default-on-continuous,83449,webkit_network,0.0,0.410,119.562
2026-09-07T17:19:47.728919+00:00,347959.976,snapshot-settled-after-default-on-continuous,83466,webcontent,0.0,2.110,297.734
2026-09-07T17:19:47.728922+00:00,347959.976,snapshot-settled-after-default-on-continuous,83467,webkit_gpu,0.0,0.520,160.484
2026-09-07T17:19:47.728924+00:00,347959.976,snapshot-settled-after-default-on-continuous,83468,webcontent,0.0,4.200,279.094
2026-09-07T17:19:47.728927+00:00,347959.976,snapshot-settled-after-default-on-continuous,83469,webcontent,0.0,4.180,278.844
2026-09-07T17:19:47.728930+00:00,347959.976,snapshot-settled-after-default-on-continuous,83470,webcontent,0.0,4.430,278.984
2026-09-07T17:19:48.718192+00:00,347960.986,snapshot-settled-after-default-on-continuous,83437,reader,11.2,40.440,754.250
2026-09-07T17:19:48.718248+00:00,347960.986,snapshot-settled-after-default-on-continuous,83442,webcontent,0.0,4.380,278.516
2026-09-07T17:19:48.718254+00:00,347960.986,snapshot-settled-after-default-on-continuous,83444,webcontent,0.0,4.340,278.359
2026-09-07T17:19:48.718262+00:00,347960.986,snapshot-settled-after-default-on-continuous,83445,webcontent,0.0,4.400,278.328
2026-09-07T17:19:48.718266+00:00,347960.986,snapshot-settled-after-default-on-continuous,83446,webcontent,0.0,4.390,278.438
2026-09-07T17:19:48.718270+00:00,347960.986,snapshot-settled-after-default-on-continuous,83449,webkit_network,0.0,0.410,119.562
2026-09-07T17:19:48.718274+00:00,347960.986,snapshot-settled-after-default-on-continuous,83466,webcontent,0.0,2.110,297.734
2026-09-07T17:19:48.718277+00:00,347960.986,snapshot-settled-after-default-on-continuous,83467,webkit_gpu,0.0,0.520,160.484
2026-09-07T17:19:48.718279+00:00,347960.986,snapshot-settled-after-default-on-continuous,83468,webcontent,0.0,4.200,279.094
2026-09-07T17:19:48.718282+00:00,347960.986,snapshot-settled-after-default-on-continuous,83469,webcontent,0.0,4.180,278.844
2026-09-07T17:19:48.718285+00:00,347960.986,snapshot-settled-after-default-on-continuous,83470,webcontent,0.0,4.430,278.984
2026-09-07T17:19:49.750796+00:00,347961.997,snapshot-settled-after-default-on-continuous,83437,reader,2.6,40.470,739.719
2026-09-07T17:19:49.750835+00:00,347961.997,snapshot-settled-after-default-on-continuous,83442,webcontent,0.0,4.380,278.516
2026-09-07T17:19:49.750841+00:00,347961.997,snapshot-settled-after-default-on-continuous,83444,webcontent,0.0,4.340,278.359
2026-09-07T17:19:49.750845+00:00,347961.997,snapshot-settled-after-default-on-continuous,83445,webcontent,0.0,4.400,278.328
2026-09-07T17:19:49.750848+00:00,347961.997,snapshot-settled-after-default-on-continuous,83446,webcontent,0.0,4.390,278.438
2026-09-07T17:19:49.750853+00:00,347961.997,snapshot-settled-after-default-on-continuous,83449,webkit_network,0.0,0.410,119.547
2026-09-07T17:19:49.750856+00:00,347961.997,snapshot-settled-after-default-on-continuous,83466,webcontent,0.0,2.110,297.734
2026-09-07T17:19:49.750860+00:00,347961.997,snapshot-settled-after-default-on-continuous,83467,webkit_gpu,0.0,0.520,160.484
2026-09-07T17:19:49.750862+00:00,347961.997,snapshot-settled-after-default-on-continuous,83468,webcontent,0.0,4.200,279.094
2026-09-07T17:19:49.750865+00:00,347961.997,snapshot-settled-after-default-on-continuous,83469,webcontent,0.0,4.180,278.844
2026-09-07T17:19:49.750868+00:00,347961.997,snapshot-settled-after-default-on-continuous,83470,webcontent,0.0,4.430,278.984
2026-09-07T17:19:50.761509+00:00,347963.007,snapshot-settled-after-default-on-continuous,83437,reader,5.7,40.590,739.719
2026-09-07T17:19:50.761564+00:00,347963.007,snapshot-settled-after-default-on-continuous,83442,webcontent,0.0,4.380,278.516
2026-09-07T17:19:50.761570+00:00,347963.007,snapshot-settled-after-default-on-continuous,83444,webcontent,0.0,4.340,278.359
2026-09-07T17:19:50.761575+00:00,347963.007,snapshot-settled-after-default-on-continuous,83445,webcontent,0.0,4.400,278.328
2026-09-07T17:19:50.761579+00:00,347963.007,snapshot-settled-after-default-on-continuous,83446,webcontent,0.0,4.390,278.438
2026-09-07T17:19:50.761583+00:00,347963.007,snapshot-settled-after-default-on-continuous,83449,webkit_network,0.0,0.410,119.547
2026-09-07T17:19:50.761586+00:00,347963.007,snapshot-settled-after-default-on-continuous,83466,webcontent,0.0,2.110,297.734
2026-09-07T17:19:50.761589+00:00,347963.007,snapshot-settled-after-default-on-continuous,83467,webkit_gpu,0.0,0.520,160.469
2026-09-07T17:19:50.761592+00:00,347963.007,snapshot-settled-after-default-on-continuous,83468,webcontent,0.0,4.200,279.094
2026-09-07T17:19:50.761595+00:00,347963.007,snapshot-settled-after-default-on-continuous,83469,webcontent,0.0,4.180,278.844
2026-09-07T17:19:50.761598+00:00,347963.007,snapshot-settled-after-default-on-continuous,83470,webcontent,0.0,4.430,278.984
2026-09-07T17:19:51.741254+00:00,347964.016,snapshot-settled-after-default-on-continuous,83437,reader,13.2,40.680,754.203
2026-09-07T17:19:51.741296+00:00,347964.016,snapshot-settled-after-default-on-continuous,83442,webcontent,0.0,4.380,278.516
2026-09-07T17:19:51.741301+00:00,347964.016,snapshot-settled-after-default-on-continuous,83444,webcontent,0.0,4.340,278.359
2026-09-07T17:19:51.741305+00:00,347964.016,snapshot-settled-after-default-on-continuous,83445,webcontent,0.0,4.400,278.328
2026-09-07T17:19:51.741308+00:00,347964.016,snapshot-settled-after-default-on-continuous,83446,webcontent,0.0,4.390,278.438
2026-09-07T17:19:51.741312+00:00,347964.016,snapshot-settled-after-default-on-continuous,83449,webkit_network,0.0,0.410,119.547
2026-09-07T17:19:51.741314+00:00,347964.016,snapshot-settled-after-default-on-continuous,83466,webcontent,0.0,2.110,297.734
2026-09-07T17:19:51.741317+00:00,347964.016,snapshot-settled-after-default-on-continuous,83467,webkit_gpu,0.0,0.520,160.469
2026-09-07T17:19:51.741319+00:00,347964.016,snapshot-settled-after-default-on-continuous,83468,webcontent,0.0,4.200,279.094
2026-09-07T17:19:51.741322+00:00,347964.016,snapshot-settled-after-default-on-continuous,83469,webcontent,0.0,4.180,278.844
2026-09-07T17:19:51.741324+00:00,347964.016,snapshot-settled-after-default-on-continuous,83470,webcontent,0.0,4.430,278.984
2026-09-07T17:19:52.778119+00:00,347965.026,snapshot-settled-after-default-on-continuous,83437,reader,45.0,41.320,746.109
2026-09-07T17:19:52.778171+00:00,347965.026,snapshot-settled-after-default-on-continuous,83442,webcontent,0.0,4.380,278.516
2026-09-07T17:19:52.778176+00:00,347965.026,snapshot-settled-after-default-on-continuous,83444,webcontent,0.0,4.340,278.359
2026-09-07T17:19:52.778182+00:00,347965.026,snapshot-settled-after-default-on-continuous,83445,webcontent,0.0,4.400,278.328
2026-09-07T17:19:52.778185+00:00,347965.026,snapshot-settled-after-default-on-continuous,83446,webcontent,0.0,4.390,278.438
2026-09-07T17:19:52.778189+00:00,347965.026,snapshot-settled-after-default-on-continuous,83449,webkit_network,0.0,0.420,119.562
2026-09-07T17:19:52.778193+00:00,347965.026,snapshot-settled-after-default-on-continuous,83466,webcontent,1.0,2.130,297.812
2026-09-07T17:19:52.778196+00:00,347965.026,snapshot-settled-after-default-on-continuous,83467,webkit_gpu,1.1,0.540,160.938
2026-09-07T17:19:52.778199+00:00,347965.026,snapshot-settled-after-default-on-continuous,83468,webcontent,0.0,4.200,279.094
2026-09-07T17:19:52.778202+00:00,347965.026,snapshot-settled-after-default-on-continuous,83469,webcontent,0.0,4.180,278.844
2026-09-07T17:19:52.778205+00:00,347965.026,snapshot-settled-after-default-on-continuous,83470,webcontent,0.0,4.430,278.984
2026-09-07T17:19:53.791189+00:00,347966.037,snapshot-settled-after-default-on-continuous,83437,reader,5.8,41.480,747.219
2026-09-07T17:19:53.791232+00:00,347966.037,snapshot-settled-after-default-on-continuous,83442,webcontent,0.0,4.380,278.516
2026-09-07T17:19:53.791238+00:00,347966.037,snapshot-settled-after-default-on-continuous,83444,webcontent,0.0,4.340,278.359
2026-09-07T17:19:53.791241+00:00,347966.037,snapshot-settled-after-default-on-continuous,83445,webcontent,0.0,4.400,278.328
2026-09-07T17:19:53.791245+00:00,347966.037,snapshot-settled-after-default-on-continuous,83446,webcontent,0.0,4.390,278.438
2026-09-07T17:19:53.791249+00:00,347966.037,snapshot-settled-after-default-on-continuous,83449,webkit_network,0.0,0.420,119.562
2026-09-07T17:19:53.791256+00:00,347966.037,snapshot-settled-after-default-on-continuous,83466,webcontent,0.0,2.130,297.812
2026-09-07T17:19:53.791259+00:00,347966.037,snapshot-settled-after-default-on-continuous,83467,webkit_gpu,0.0,0.540,160.938
2026-09-07T17:19:53.791262+00:00,347966.037,snapshot-settled-after-default-on-continuous,83468,webcontent,0.0,4.200,279.094
2026-09-07T17:19:53.791265+00:00,347966.037,snapshot-settled-after-default-on-continuous,83469,webcontent,0.0,4.180,278.844
2026-09-07T17:19:53.791268+00:00,347966.037,snapshot-settled-after-default-on-continuous,83470,webcontent,0.0,4.430,278.984
2026-09-07T17:19:54.767019+00:00,347967.040,snapshot-settled-after-default-on-continuous,83437,reader,15.1,41.700,761.953
2026-09-07T17:19:54.767112+00:00,347967.040,snapshot-settled-after-default-on-continuous,83442,webcontent,0.0,4.380,278.516
2026-09-07T17:19:54.767117+00:00,347967.040,snapshot-settled-after-default-on-continuous,83444,webcontent,0.0,4.340,278.359
2026-09-07T17:19:54.767121+00:00,347967.040,snapshot-settled-after-default-on-continuous,83445,webcontent,0.0,4.400,278.328
2026-09-07T17:19:54.767124+00:00,347967.040,snapshot-settled-after-default-on-continuous,83446,webcontent,0.0,4.390,278.438
2026-09-07T17:19:54.767128+00:00,347967.040,snapshot-settled-after-default-on-continuous,83449,webkit_network,0.0,0.420,119.562
2026-09-07T17:19:54.767132+00:00,347967.040,snapshot-settled-after-default-on-continuous,83466,webcontent,0.0,2.130,297.812
2026-09-07T17:19:54.767134+00:00,347967.040,snapshot-settled-after-default-on-continuous,83467,webkit_gpu,0.0,0.540,160.938
2026-09-07T17:19:54.767137+00:00,347967.040,snapshot-settled-after-default-on-continuous,83468,webcontent,0.0,4.200,279.094
2026-09-07T17:19:54.767140+00:00,347967.040,snapshot-settled-after-default-on-continuous,83469,webcontent,0.0,4.180,278.844
2026-09-07T17:19:54.767142+00:00,347967.040,snapshot-settled-after-default-on-continuous,83470,webcontent,0.0,4.430,278.984
2026-09-07T17:19:55.783077+00:00,347968.051,snapshot-settled-after-default-on-continuous,83437,reader,97.0,42.730,747.891
2026-09-07T17:19:55.783116+00:00,347968.051,snapshot-settled-after-default-on-continuous,83442,webcontent,0.0,4.380,278.516
2026-09-07T17:19:55.783120+00:00,347968.051,snapshot-settled-after-default-on-continuous,83444,webcontent,0.0,4.340,278.359
2026-09-07T17:19:55.783125+00:00,347968.051,snapshot-settled-after-default-on-continuous,83445,webcontent,0.0,4.400,278.328
2026-09-07T17:19:55.783127+00:00,347968.051,snapshot-settled-after-default-on-continuous,83446,webcontent,0.0,4.390,278.438
2026-09-07T17:19:55.783130+00:00,347968.051,snapshot-settled-after-default-on-continuous,83449,webkit_network,0.0,0.420,119.562
2026-09-07T17:19:55.783133+00:00,347968.051,snapshot-settled-after-default-on-continuous,83466,webcontent,0.0,2.140,297.906
2026-09-07T17:19:55.783136+00:00,347968.051,snapshot-settled-after-default-on-continuous,83467,webkit_gpu,0.0,0.540,160.938
2026-09-07T17:19:55.783138+00:00,347968.051,snapshot-settled-after-default-on-continuous,83468,webcontent,0.0,4.200,279.094
2026-09-07T17:19:55.783141+00:00,347968.051,snapshot-settled-after-default-on-continuous,83469,webcontent,0.0,4.180,278.844
2026-09-07T17:19:55.783143+00:00,347968.051,snapshot-settled-after-default-on-continuous,83470,webcontent,0.0,4.430,278.984
2026-09-07T17:19:56.813949+00:00,347969.061,snapshot-settled-after-default-on-continuous,83437,reader,12.5,43.000,749.078
2026-09-07T17:19:56.813997+00:00,347969.061,snapshot-settled-after-default-on-continuous,83442,webcontent,0.0,4.380,278.516
2026-09-07T17:19:56.814003+00:00,347969.061,snapshot-settled-after-default-on-continuous,83444,webcontent,0.0,4.340,278.359
2026-09-07T17:19:56.814008+00:00,347969.061,snapshot-settled-after-default-on-continuous,83445,webcontent,0.0,4.400,278.328
2026-09-07T17:19:56.814012+00:00,347969.061,snapshot-settled-after-default-on-continuous,83446,webcontent,0.0,4.390,278.438
2026-09-07T17:19:56.814017+00:00,347969.061,snapshot-settled-after-default-on-continuous,83449,webkit_network,0.0,0.420,119.562
2026-09-07T17:19:56.814021+00:00,347969.061,snapshot-settled-after-default-on-continuous,83466,webcontent,0.0,2.140,297.906
2026-09-07T17:19:56.814024+00:00,347969.061,snapshot-settled-after-default-on-continuous,83467,webkit_gpu,0.0,0.540,160.938
2026-09-07T17:19:56.814027+00:00,347969.061,snapshot-settled-after-default-on-continuous,83468,webcontent,0.0,4.200,279.094
2026-09-07T17:19:56.814030+00:00,347969.061,snapshot-settled-after-default-on-continuous,83469,webcontent,0.0,4.180,278.844
2026-09-07T17:19:56.814033+00:00,347969.061,snapshot-settled-after-default-on-continuous,83470,webcontent,0.0,4.430,278.984
2026-09-07T17:19:57.813293+00:00,347970.071,snapshot-settled-after-default-on-continuous,83437,reader,15.2,43.110,763.375
2026-09-07T17:19:57.813356+00:00,347970.071,snapshot-settled-after-default-on-continuous,83442,webcontent,0.0,4.380,278.516
2026-09-07T17:19:57.813360+00:00,347970.071,snapshot-settled-after-default-on-continuous,83444,webcontent,0.0,4.340,278.359
2026-09-07T17:19:57.813363+00:00,347970.071,snapshot-settled-after-default-on-continuous,83445,webcontent,0.0,4.400,278.328
2026-09-07T17:19:57.813366+00:00,347970.071,snapshot-settled-after-default-on-continuous,83446,webcontent,0.0,4.390,278.438
2026-09-07T17:19:57.813371+00:00,347970.071,snapshot-settled-after-default-on-continuous,83449,webkit_network,0.0,0.420,119.562
2026-09-07T17:19:57.813375+00:00,347970.071,snapshot-settled-after-default-on-continuous,83466,webcontent,0.1,2.140,297.906
2026-09-07T17:19:57.813378+00:00,347970.071,snapshot-settled-after-default-on-continuous,83467,webkit_gpu,0.0,0.540,160.875
2026-09-07T17:19:57.813380+00:00,347970.071,snapshot-settled-after-default-on-continuous,83468,webcontent,0.0,4.200,279.094
2026-09-07T17:19:57.813383+00:00,347970.071,snapshot-settled-after-default-on-continuous,83469,webcontent,0.0,4.180,278.844
2026-09-07T17:19:57.813385+00:00,347970.071,snapshot-settled-after-default-on-continuous,83470,webcontent,0.0,4.430,278.984
2026-09-07T17:19:58.835830+00:00,347971.082,snapshot-settled-after-default-on-continuous,83437,reader,2.2,43.150,748.859
2026-09-07T17:19:58.835874+00:00,347971.082,snapshot-settled-after-default-on-continuous,83442,webcontent,0.0,4.380,278.516
2026-09-07T17:19:58.835879+00:00,347971.082,snapshot-settled-after-default-on-continuous,83444,webcontent,0.0,4.340,278.359
2026-09-07T17:19:58.835884+00:00,347971.082,snapshot-settled-after-default-on-continuous,83445,webcontent,0.0,4.400,278.328
2026-09-07T17:19:58.835888+00:00,347971.082,snapshot-settled-after-default-on-continuous,83446,webcontent,0.0,4.390,278.438
2026-09-07T17:19:58.835892+00:00,347971.082,snapshot-settled-after-default-on-continuous,83449,webkit_network,0.0,0.420,119.562
2026-09-07T17:19:58.835895+00:00,347971.082,snapshot-settled-after-default-on-continuous,83466,webcontent,0.0,2.140,297.906
2026-09-07T17:19:58.835898+00:00,347971.082,snapshot-settled-after-default-on-continuous,83467,webkit_gpu,0.0,0.540,160.828
2026-09-07T17:19:58.835901+00:00,347971.082,snapshot-settled-after-default-on-continuous,83468,webcontent,0.0,4.200,279.094
2026-09-07T17:19:58.835904+00:00,347971.082,snapshot-settled-after-default-on-continuous,83469,webcontent,0.0,4.180,278.844
2026-09-07T17:19:58.835907+00:00,347971.082,snapshot-settled-after-default-on-continuous,83470,webcontent,0.0,4.430,278.984
2026-09-07T17:19:59.845704+00:00,347972.092,snapshot-settled-after-default-on-continuous,83437,reader,4.2,43.260,748.828
2026-09-07T17:19:59.845753+00:00,347972.092,snapshot-settled-after-default-on-continuous,83442,webcontent,0.0,4.380,278.516
2026-09-07T17:19:59.845759+00:00,347972.092,snapshot-settled-after-default-on-continuous,83444,webcontent,0.0,4.340,278.359
2026-09-07T17:19:59.845763+00:00,347972.092,snapshot-settled-after-default-on-continuous,83445,webcontent,0.0,4.400,278.328
2026-09-07T17:19:59.845766+00:00,347972.092,snapshot-settled-after-default-on-continuous,83446,webcontent,0.0,4.390,278.438
2026-09-07T17:19:59.845771+00:00,347972.092,snapshot-settled-after-default-on-continuous,83449,webkit_network,0.0,0.420,119.562
2026-09-07T17:19:59.845775+00:00,347972.092,snapshot-settled-after-default-on-continuous,83466,webcontent,0.0,2.140,297.906
2026-09-07T17:19:59.845778+00:00,347972.092,snapshot-settled-after-default-on-continuous,83467,webkit_gpu,0.0,0.540,160.828
2026-09-07T17:19:59.845781+00:00,347972.092,snapshot-settled-after-default-on-continuous,83468,webcontent,0.0,4.200,279.094
2026-09-07T17:19:59.845784+00:00,347972.092,snapshot-settled-after-default-on-continuous,83469,webcontent,0.0,4.180,278.844
2026-09-07T17:19:59.845786+00:00,347972.092,snapshot-settled-after-default-on-continuous,83470,webcontent,0.0,4.430,278.984
2026-09-07T17:20:00.860105+00:00,347973.103,snapshot-settled-after-default-on-continuous,83437,reader,12.8,43.370,763.453
2026-09-07T17:20:00.860163+00:00,347973.103,snapshot-settled-after-default-on-continuous,83442,webcontent,0.0,4.380,278.516
2026-09-07T17:20:00.860170+00:00,347973.103,snapshot-settled-after-default-on-continuous,83444,webcontent,0.0,4.340,278.359
2026-09-07T17:20:00.860173+00:00,347973.103,snapshot-settled-after-default-on-continuous,83445,webcontent,0.0,4.400,278.328
2026-09-07T17:20:00.860177+00:00,347973.103,snapshot-settled-after-default-on-continuous,83446,webcontent,0.0,4.390,278.438
2026-09-07T17:20:00.860181+00:00,347973.103,snapshot-settled-after-default-on-continuous,83449,webkit_network,0.0,0.420,119.547
2026-09-07T17:20:00.860184+00:00,347973.103,snapshot-settled-after-default-on-continuous,83466,webcontent,0.0,2.140,297.844
2026-09-07T17:20:00.860187+00:00,347973.103,snapshot-settled-after-default-on-continuous,83467,webkit_gpu,0.0,0.540,160.812
2026-09-07T17:20:00.860190+00:00,347973.103,snapshot-settled-after-default-on-continuous,83468,webcontent,0.0,4.200,279.094
2026-09-07T17:20:00.860193+00:00,347973.103,snapshot-settled-after-default-on-continuous,83469,webcontent,0.0,4.180,278.844
2026-09-07T17:20:00.860196+00:00,347973.103,snapshot-settled-after-default-on-continuous,83470,webcontent,0.0,4.430,278.984
2026-09-07T17:20:01.868348+00:00,347974.113,snapshot-settled-after-default-on-continuous,83437,reader,2.1,43.420,748.922
2026-09-07T17:20:01.868392+00:00,347974.113,snapshot-settled-after-default-on-continuous,83442,webcontent,0.0,4.380,278.516
2026-09-07T17:20:01.868398+00:00,347974.113,snapshot-settled-after-default-on-continuous,83444,webcontent,0.0,4.340,278.359
2026-09-07T17:20:01.868401+00:00,347974.113,snapshot-settled-after-default-on-continuous,83445,webcontent,0.0,4.400,278.328
2026-09-07T17:20:01.868405+00:00,347974.113,snapshot-settled-after-default-on-continuous,83446,webcontent,0.0,4.390,278.438
2026-09-07T17:20:01.868410+00:00,347974.113,snapshot-settled-after-default-on-continuous,83449,webkit_network,0.0,0.420,119.547
2026-09-07T17:20:01.868413+00:00,347974.113,snapshot-settled-after-default-on-continuous,83466,webcontent,0.0,2.140,297.844
2026-09-07T17:20:01.868416+00:00,347974.113,snapshot-settled-after-default-on-continuous,83467,webkit_gpu,0.0,0.540,160.812
2026-09-07T17:20:01.868419+00:00,347974.113,snapshot-settled-after-default-on-continuous,83468,webcontent,0.0,4.200,279.094
2026-09-07T17:20:01.868422+00:00,347974.113,snapshot-settled-after-default-on-continuous,83469,webcontent,0.0,4.180,278.844
2026-09-07T17:20:01.868425+00:00,347974.113,snapshot-settled-after-default-on-continuous,83470,webcontent,0.0,4.430,278.984
2026-09-07T17:20:02.846415+00:00,347975.117,snapshot-settled-after-default-on-continuous,83437,reader,9.1,43.550,748.953
2026-09-07T17:20:02.846454+00:00,347975.117,snapshot-settled-after-default-on-continuous,83442,webcontent,0.0,4.380,278.516
2026-09-07T17:20:02.846459+00:00,347975.117,snapshot-settled-after-default-on-continuous,83444,webcontent,0.0,4.340,278.359
2026-09-07T17:20:02.846463+00:00,347975.117,snapshot-settled-after-default-on-continuous,83445,webcontent,0.0,4.400,278.328
2026-09-07T17:20:02.846466+00:00,347975.117,snapshot-settled-after-default-on-continuous,83446,webcontent,0.0,4.390,278.438
2026-09-07T17:20:02.846470+00:00,347975.117,snapshot-settled-after-default-on-continuous,83449,webkit_network,0.0,0.420,119.547
2026-09-07T17:20:02.846472+00:00,347975.117,snapshot-settled-after-default-on-continuous,83466,webcontent,0.0,2.140,297.844
2026-09-07T17:20:02.846475+00:00,347975.117,snapshot-settled-after-default-on-continuous,83467,webkit_gpu,0.0,0.540,160.812
2026-09-07T17:20:02.846478+00:00,347975.117,snapshot-settled-after-default-on-continuous,83468,webcontent,0.0,4.200,279.094
2026-09-07T17:20:02.846480+00:00,347975.117,snapshot-settled-after-default-on-continuous,83469,webcontent,0.0,4.180,278.844
2026-09-07T17:20:02.846483+00:00,347975.117,snapshot-settled-after-default-on-continuous,83470,webcontent,0.0,4.430,278.984
2026-09-07T17:20:03.847599+00:00,347976.120,snapshot-settled-after-default-on-continuous,83437,reader,18.6,43.640,763.422
2026-09-07T17:20:03.847644+00:00,347976.120,snapshot-settled-after-default-on-continuous,83442,webcontent,0.0,4.380,278.516
2026-09-07T17:20:03.847649+00:00,347976.120,snapshot-settled-after-default-on-continuous,83444,webcontent,0.0,4.340,278.359
2026-09-07T17:20:03.847653+00:00,347976.120,snapshot-settled-after-default-on-continuous,83445,webcontent,0.0,4.400,278.328
2026-09-07T17:20:03.847657+00:00,347976.120,snapshot-settled-after-default-on-continuous,83446,webcontent,0.0,4.390,278.438
2026-09-07T17:20:03.847660+00:00,347976.120,snapshot-settled-after-default-on-continuous,83449,webkit_network,0.0,0.420,119.547
2026-09-07T17:20:03.847663+00:00,347976.120,snapshot-settled-after-default-on-continuous,83466,webcontent,0.0,2.140,297.844
2026-09-07T17:20:03.847666+00:00,347976.120,snapshot-settled-after-default-on-continuous,83467,webkit_gpu,0.0,0.540,160.812
2026-09-07T17:20:03.847668+00:00,347976.120,snapshot-settled-after-default-on-continuous,83468,webcontent,0.0,4.200,279.094
2026-09-07T17:20:03.847671+00:00,347976.120,snapshot-settled-after-default-on-continuous,83469,webcontent,0.0,4.180,278.844
2026-09-07T17:20:03.847673+00:00,347976.120,snapshot-settled-after-default-on-continuous,83470,webcontent,0.0,4.430,278.984
2026-09-07T17:20:04.887214+00:00,347977.131,snapshot-settled-after-default-on-continuous,83437,reader,3.0,43.690,748.859
2026-09-07T17:20:04.887256+00:00,347977.131,snapshot-settled-after-default-on-continuous,83442,webcontent,0.0,4.380,278.516
2026-09-07T17:20:04.887261+00:00,347977.131,snapshot-settled-after-default-on-continuous,83444,webcontent,0.0,4.340,278.359
2026-09-07T17:20:04.887268+00:00,347977.131,snapshot-settled-after-default-on-continuous,83445,webcontent,0.0,4.400,278.328
2026-09-07T17:20:04.887271+00:00,347977.131,snapshot-settled-after-default-on-continuous,83446,webcontent,0.0,4.390,278.438
2026-09-07T17:20:04.887275+00:00,347977.131,snapshot-settled-after-default-on-continuous,83449,webkit_network,0.0,0.420,119.547
2026-09-07T17:20:04.887278+00:00,347977.131,snapshot-settled-after-default-on-continuous,83466,webcontent,0.0,2.140,297.844
2026-09-07T17:20:04.887282+00:00,347977.131,snapshot-settled-after-default-on-continuous,83467,webkit_gpu,0.0,0.540,160.812
2026-09-07T17:20:04.887285+00:00,347977.131,snapshot-settled-after-default-on-continuous,83468,webcontent,0.0,4.200,279.094
2026-09-07T17:20:04.887288+00:00,347977.131,snapshot-settled-after-default-on-continuous,83469,webcontent,0.0,4.180,278.844
2026-09-07T17:20:04.887291+00:00,347977.131,snapshot-settled-after-default-on-continuous,83470,webcontent,0.0,4.430,278.984
2026-09-07T17:20:05.888109+00:00,347978.141,snapshot-settled-after-default-on-continuous,83437,reader,11.7,43.810,748.922
2026-09-07T17:20:05.888168+00:00,347978.141,snapshot-settled-after-default-on-continuous,83442,webcontent,0.0,4.380,278.516
2026-09-07T17:20:05.888173+00:00,347978.141,snapshot-settled-after-default-on-continuous,83444,webcontent,0.0,4.340,278.359
2026-09-07T17:20:05.888177+00:00,347978.141,snapshot-settled-after-default-on-continuous,83445,webcontent,0.0,4.400,278.328
2026-09-07T17:20:05.888180+00:00,347978.141,snapshot-settled-after-default-on-continuous,83446,webcontent,0.0,4.390,278.438
2026-09-07T17:20:05.888187+00:00,347978.141,snapshot-settled-after-default-on-continuous,83449,webkit_network,0.0,0.420,119.547
2026-09-07T17:20:05.888190+00:00,347978.141,snapshot-settled-after-default-on-continuous,83466,webcontent,0.0,2.140,297.750
2026-09-07T17:20:05.888194+00:00,347978.141,snapshot-settled-after-default-on-continuous,83467,webkit_gpu,0.0,0.540,160.812
2026-09-07T17:20:05.888197+00:00,347978.141,snapshot-settled-after-default-on-continuous,83468,webcontent,0.0,4.200,279.094
2026-09-07T17:20:05.888200+00:00,347978.141,snapshot-settled-after-default-on-continuous,83469,webcontent,0.0,4.180,278.844
2026-09-07T17:20:05.888203+00:00,347978.141,snapshot-settled-after-default-on-continuous,83470,webcontent,0.0,4.430,278.984
2026-09-07T17:20:06.892308+00:00,347979.142,snapshot-settled-after-default-on-continuous,83437,reader,13.5,43.870,763.453
2026-09-07T17:20:06.892423+00:00,347979.142,snapshot-settled-after-default-on-continuous,83442,webcontent,0.0,4.380,278.516
2026-09-07T17:20:06.892430+00:00,347979.142,snapshot-settled-after-default-on-continuous,83444,webcontent,0.0,4.340,278.359
2026-09-07T17:20:06.892437+00:00,347979.142,snapshot-settled-after-default-on-continuous,83445,webcontent,0.0,4.400,278.328
2026-09-07T17:20:06.892441+00:00,347979.142,snapshot-settled-after-default-on-continuous,83446,webcontent,0.0,4.390,278.438
2026-09-07T17:20:06.892447+00:00,347979.142,snapshot-settled-after-default-on-continuous,83449,webkit_network,0.0,0.420,119.547
2026-09-07T17:20:06.892450+00:00,347979.142,snapshot-settled-after-default-on-continuous,83466,webcontent,0.0,2.140,297.750
2026-09-07T17:20:06.892454+00:00,347979.142,snapshot-settled-after-default-on-continuous,83467,webkit_gpu,0.0,0.540,160.812
2026-09-07T17:20:06.892457+00:00,347979.142,snapshot-settled-after-default-on-continuous,83468,webcontent,0.0,4.200,279.094
2026-09-07T17:20:06.892460+00:00,347979.142,snapshot-settled-after-default-on-continuous,83469,webcontent,0.0,4.180,278.844
2026-09-07T17:20:06.892463+00:00,347979.142,snapshot-settled-after-default-on-continuous,83470,webcontent,0.0,4.430,278.984
2026-09-07T17:20:07.890712+00:00,347980.152,snapshot-settled-after-default-on-continuous,83437,reader,2.8,43.930,748.922
2026-09-07T17:20:07.890932+00:00,347980.152,snapshot-settled-after-default-on-continuous,83442,webcontent,0.0,4.380,278.516
2026-09-07T17:20:07.890939+00:00,347980.152,snapshot-settled-after-default-on-continuous,83444,webcontent,0.0,4.340,278.359
2026-09-07T17:20:07.890942+00:00,347980.152,snapshot-settled-after-default-on-continuous,83445,webcontent,0.0,4.400,278.328
2026-09-07T17:20:07.890948+00:00,347980.152,snapshot-settled-after-default-on-continuous,83446,webcontent,0.0,4.390,278.438
2026-09-07T17:20:07.890952+00:00,347980.152,snapshot-settled-after-default-on-continuous,83449,webkit_network,0.0,0.420,119.531
2026-09-07T17:20:07.890955+00:00,347980.152,snapshot-settled-after-default-on-continuous,83466,webcontent,0.0,2.140,297.750
2026-09-07T17:20:07.890958+00:00,347980.152,snapshot-settled-after-default-on-continuous,83467,webkit_gpu,0.0,0.540,160.812
2026-09-07T17:20:07.890961+00:00,347980.152,snapshot-settled-after-default-on-continuous,83468,webcontent,0.0,4.200,279.094
2026-09-07T17:20:07.890963+00:00,347980.152,snapshot-settled-after-default-on-continuous,83469,webcontent,0.0,4.180,278.844
2026-09-07T17:20:07.890966+00:00,347980.152,snapshot-settled-after-default-on-continuous,83470,webcontent,0.0,4.430,278.984
2026-09-07T17:20:08.892555+00:00,347981.162,snapshot-settled-after-default-on-continuous,83437,reader,14.7,44.120,763.422
2026-09-07T17:20:08.892603+00:00,347981.162,snapshot-settled-after-default-on-continuous,83442,webcontent,0.0,4.380,278.516
2026-09-07T17:20:08.892609+00:00,347981.162,snapshot-settled-after-default-on-continuous,83444,webcontent,0.0,4.340,278.359
2026-09-07T17:20:08.892612+00:00,347981.162,snapshot-settled-after-default-on-continuous,83445,webcontent,0.0,4.400,278.328
2026-09-07T17:20:08.892615+00:00,347981.162,snapshot-settled-after-default-on-continuous,83446,webcontent,0.0,4.390,278.438
2026-09-07T17:20:08.892618+00:00,347981.162,snapshot-settled-after-default-on-continuous,83449,webkit_network,0.0,0.420,119.531
2026-09-07T17:20:08.892621+00:00,347981.162,snapshot-settled-after-default-on-continuous,83466,webcontent,0.0,2.140,297.750
2026-09-07T17:20:08.892624+00:00,347981.162,snapshot-settled-after-default-on-continuous,83467,webkit_gpu,0.0,0.540,160.797
2026-09-07T17:20:08.892626+00:00,347981.162,snapshot-settled-after-default-on-continuous,83468,webcontent,0.0,4.200,279.094
2026-09-07T17:20:08.892628+00:00,347981.162,snapshot-settled-after-default-on-continuous,83469,webcontent,0.0,4.180,278.844
2026-09-07T17:20:08.892631+00:00,347981.162,snapshot-settled-after-default-on-continuous,83470,webcontent,0.0,4.430,278.984
2026-09-07T17:20:09.918653+00:00,347982.172,snapshot-settled-after-default-on-continuous,83437,reader,35.5,44.750,754.984
2026-09-07T17:20:09.918712+00:00,347982.172,snapshot-settled-after-default-on-continuous,83442,webcontent,0.0,4.380,278.516
2026-09-07T17:20:09.918718+00:00,347982.172,snapshot-settled-after-default-on-continuous,83444,webcontent,0.0,4.340,278.359
2026-09-07T17:20:09.918723+00:00,347982.172,snapshot-settled-after-default-on-continuous,83445,webcontent,0.0,4.400,278.328
2026-09-07T17:20:09.918727+00:00,347982.172,snapshot-settled-after-default-on-continuous,83446,webcontent,0.0,4.390,278.438
2026-09-07T17:20:09.918731+00:00,347982.172,snapshot-settled-after-default-on-continuous,83449,webkit_network,0.0,0.420,119.562
2026-09-07T17:20:09.918734+00:00,347982.172,snapshot-settled-after-default-on-continuous,83466,webcontent,0.5,2.160,297.812
2026-09-07T17:20:09.918737+00:00,347982.172,snapshot-settled-after-default-on-continuous,83467,webkit_gpu,0.4,0.560,161.656
2026-09-07T17:20:09.918740+00:00,347982.172,snapshot-settled-after-default-on-continuous,83468,webcontent,0.0,4.200,279.094
2026-09-07T17:20:09.918743+00:00,347982.172,snapshot-settled-after-default-on-continuous,83469,webcontent,0.0,4.180,278.844
2026-09-07T17:20:09.918746+00:00,347982.172,snapshot-settled-after-default-on-continuous,83470,webcontent,0.0,4.430,278.984
2026-09-07T17:20:10.935322+00:00,347983.182,snapshot-settled-after-default-on-continuous,83437,reader,12.8,44.900,756.391
2026-09-07T17:20:10.935367+00:00,347983.182,snapshot-settled-after-default-on-continuous,83442,webcontent,0.0,4.380,278.516
2026-09-07T17:20:10.935373+00:00,347983.182,snapshot-settled-after-default-on-continuous,83444,webcontent,0.0,4.340,278.359
2026-09-07T17:20:10.935377+00:00,347983.182,snapshot-settled-after-default-on-continuous,83445,webcontent,0.0,4.400,278.328
2026-09-07T17:20:10.935381+00:00,347983.182,snapshot-settled-after-default-on-continuous,83446,webcontent,0.0,4.390,278.438
2026-09-07T17:20:10.935385+00:00,347983.182,snapshot-settled-after-default-on-continuous,83449,webkit_network,0.0,0.420,119.562
2026-09-07T17:20:10.935389+00:00,347983.182,snapshot-settled-after-default-on-continuous,83466,webcontent,0.0,2.160,297.812
2026-09-07T17:20:10.935392+00:00,347983.182,snapshot-settled-after-default-on-continuous,83467,webkit_gpu,0.0,0.560,161.656
2026-09-07T17:20:10.935395+00:00,347983.182,snapshot-settled-after-default-on-continuous,83468,webcontent,0.0,4.200,279.094
2026-09-07T17:20:10.935398+00:00,347983.182,snapshot-settled-after-default-on-continuous,83469,webcontent,0.0,4.180,278.844
2026-09-07T17:20:10.935401+00:00,347983.182,snapshot-settled-after-default-on-continuous,83470,webcontent,0.0,4.430,278.984
2026-09-07T17:23:54.811043+00:00,348207.058,snapshot-settled-after-jianghu-off-continuous,84324,reader,6.4,12.940,722.234
2026-09-07T17:23:54.811094+00:00,348207.058,snapshot-settled-after-jianghu-off-continuous,84331,webcontent,0.0,3.570,278.828
2026-09-07T17:23:54.811099+00:00,348207.058,snapshot-settled-after-jianghu-off-continuous,84332,webcontent,0.0,3.520,278.938
2026-09-07T17:23:54.811104+00:00,348207.058,snapshot-settled-after-jianghu-off-continuous,84333,webcontent,0.0,3.680,278.969
2026-09-07T17:23:54.811108+00:00,348207.058,snapshot-settled-after-jianghu-off-continuous,84334,webcontent,0.0,3.460,278.828
2026-09-07T17:23:54.811112+00:00,348207.058,snapshot-settled-after-jianghu-off-continuous,84336,webkit_network,0.0,0.390,119.516
2026-09-07T17:23:55.796393+00:00,348208.063,snapshot-settled-after-jianghu-off-continuous,84324,reader,115.5,13.540,760.578
2026-09-07T17:23:55.796438+00:00,348208.063,snapshot-settled-after-jianghu-off-continuous,84331,webcontent,0.0,3.570,278.828
2026-09-07T17:23:55.796442+00:00,348208.063,snapshot-settled-after-jianghu-off-continuous,84332,webcontent,0.0,3.520,278.938
2026-09-07T17:23:55.796445+00:00,348208.063,snapshot-settled-after-jianghu-off-continuous,84333,webcontent,0.0,3.680,278.969
2026-09-07T17:23:55.796449+00:00,348208.063,snapshot-settled-after-jianghu-off-continuous,84334,webcontent,0.0,3.460,278.828
2026-09-07T17:23:55.796453+00:00,348208.063,snapshot-settled-after-jianghu-off-continuous,84336,webkit_network,0.0,0.390,119.469
2026-09-07T17:23:56.821818+00:00,348209.067,snapshot-settled-after-jianghu-off-continuous,84324,reader,53.7,13.840,776.453
2026-09-07T17:23:56.821879+00:00,348209.067,snapshot-settled-after-jianghu-off-continuous,84331,webcontent,0.0,3.570,278.828
2026-09-07T17:23:56.821884+00:00,348209.067,snapshot-settled-after-jianghu-off-continuous,84332,webcontent,0.0,3.520,278.938
2026-09-07T17:23:56.821888+00:00,348209.067,snapshot-settled-after-jianghu-off-continuous,84333,webcontent,0.0,3.680,278.969
2026-09-07T17:23:56.821893+00:00,348209.067,snapshot-settled-after-jianghu-off-continuous,84334,webcontent,0.0,3.460,278.828
2026-09-07T17:23:56.821897+00:00,348209.067,snapshot-settled-after-jianghu-off-continuous,84336,webkit_network,0.0,0.390,119.469
2026-09-07T17:23:57.830759+00:00,348210.073,snapshot-settled-after-jianghu-off-continuous,84324,reader,7.3,13.950,761.922
2026-09-07T17:23:57.830812+00:00,348210.073,snapshot-settled-after-jianghu-off-continuous,84331,webcontent,0.0,3.570,278.781
2026-09-07T17:23:57.830818+00:00,348210.073,snapshot-settled-after-jianghu-off-continuous,84332,webcontent,0.1,3.520,278.891
2026-09-07T17:23:57.830822+00:00,348210.073,snapshot-settled-after-jianghu-off-continuous,84333,webcontent,0.1,3.680,278.922
2026-09-07T17:23:57.830825+00:00,348210.073,snapshot-settled-after-jianghu-off-continuous,84334,webcontent,0.0,3.460,278.781
2026-09-07T17:23:57.830829+00:00,348210.073,snapshot-settled-after-jianghu-off-continuous,84336,webkit_network,0.0,0.390,119.469
2026-09-07T17:23:58.825222+00:00,348211.078,snapshot-settled-after-jianghu-off-continuous,84324,reader,18.4,14.310,763.516
2026-09-07T17:23:58.825279+00:00,348211.078,snapshot-settled-after-jianghu-off-continuous,84331,webcontent,0.0,3.570,278.828
2026-09-07T17:23:58.825286+00:00,348211.078,snapshot-settled-after-jianghu-off-continuous,84332,webcontent,0.0,3.520,278.938
2026-09-07T17:23:58.825291+00:00,348211.078,snapshot-settled-after-jianghu-off-continuous,84333,webcontent,0.0,3.680,278.969
2026-09-07T17:23:58.825295+00:00,348211.078,snapshot-settled-after-jianghu-off-continuous,84334,webcontent,0.0,3.460,278.828
2026-09-07T17:23:58.825299+00:00,348211.078,snapshot-settled-after-jianghu-off-continuous,84336,webkit_network,0.0,0.390,119.469
2026-09-07T17:23:59.823015+00:00,348212.083,snapshot-settled-after-jianghu-off-continuous,84324,reader,12.8,14.400,764.844
2026-09-07T17:23:59.823093+00:00,348212.083,snapshot-settled-after-jianghu-off-continuous,84331,webcontent,0.0,3.570,278.828
2026-09-07T17:23:59.823099+00:00,348212.083,snapshot-settled-after-jianghu-off-continuous,84332,webcontent,0.0,3.520,278.938
2026-09-07T17:23:59.823103+00:00,348212.083,snapshot-settled-after-jianghu-off-continuous,84333,webcontent,0.0,3.680,278.969
2026-09-07T17:23:59.823106+00:00,348212.083,snapshot-settled-after-jianghu-off-continuous,84334,webcontent,0.0,3.460,278.828
2026-09-07T17:23:59.823109+00:00,348212.083,snapshot-settled-after-jianghu-off-continuous,84336,webkit_network,0.0,0.390,119.469
2026-09-07T17:24:00.843044+00:00,348213.089,snapshot-settled-after-jianghu-off-continuous,84324,reader,15.0,14.790,763.969
2026-09-07T17:24:00.843111+00:00,348213.089,snapshot-settled-after-jianghu-off-continuous,84331,webcontent,0.0,3.570,278.750
2026-09-07T17:24:00.843117+00:00,348213.089,snapshot-settled-after-jianghu-off-continuous,84332,webcontent,0.0,3.520,278.859
2026-09-07T17:24:00.843121+00:00,348213.089,snapshot-settled-after-jianghu-off-continuous,84333,webcontent,0.0,3.680,278.891
2026-09-07T17:24:00.843125+00:00,348213.089,snapshot-settled-after-jianghu-off-continuous,84334,webcontent,0.0,3.460,278.750
2026-09-07T17:24:00.843129+00:00,348213.089,snapshot-settled-after-jianghu-off-continuous,84336,webkit_network,0.0,0.390,119.469
2026-09-07T17:24:01.826975+00:00,348214.094,snapshot-settled-after-jianghu-off-continuous,84324,reader,38.7,15.060,748.781
2026-09-07T17:24:01.827023+00:00,348214.094,snapshot-settled-after-jianghu-off-continuous,84331,webcontent,0.0,3.570,278.750
2026-09-07T17:24:01.827030+00:00,348214.094,snapshot-settled-after-jianghu-off-continuous,84332,webcontent,0.0,3.520,278.859
2026-09-07T17:24:01.827034+00:00,348214.094,snapshot-settled-after-jianghu-off-continuous,84333,webcontent,0.0,3.680,278.891
2026-09-07T17:24:01.827037+00:00,348214.094,snapshot-settled-after-jianghu-off-continuous,84334,webcontent,0.0,3.460,278.750
2026-09-07T17:24:01.827041+00:00,348214.094,snapshot-settled-after-jianghu-off-continuous,84336,webkit_network,0.0,0.390,119.453
2026-09-07T17:24:02.853059+00:00,348215.099,snapshot-settled-after-jianghu-off-continuous,84324,reader,3.5,15.180,764.062
2026-09-07T17:24:02.853110+00:00,348215.099,snapshot-settled-after-jianghu-off-continuous,84331,webcontent,0.0,3.570,278.609
2026-09-07T17:24:02.853116+00:00,348215.099,snapshot-settled-after-jianghu-off-continuous,84332,webcontent,0.0,3.520,278.719
2026-09-07T17:24:02.853120+00:00,348215.099,snapshot-settled-after-jianghu-off-continuous,84333,webcontent,0.0,3.680,278.750
2026-09-07T17:24:02.853124+00:00,348215.099,snapshot-settled-after-jianghu-off-continuous,84334,webcontent,0.0,3.460,278.656
2026-09-07T17:24:02.853127+00:00,348215.099,snapshot-settled-after-jianghu-off-continuous,84336,webkit_network,0.0,0.390,119.453
2026-09-07T17:24:03.859515+00:00,348216.104,snapshot-settled-after-jianghu-off-continuous,84324,reader,22.9,15.510,764.469
2026-09-07T17:24:03.859581+00:00,348216.104,snapshot-settled-after-jianghu-off-continuous,84331,webcontent,0.0,3.570,278.609
2026-09-07T17:24:03.859592+00:00,348216.104,snapshot-settled-after-jianghu-off-continuous,84332,webcontent,0.0,3.520,278.719
2026-09-07T17:24:03.859597+00:00,348216.104,snapshot-settled-after-jianghu-off-continuous,84333,webcontent,0.0,3.680,278.750
2026-09-07T17:24:03.859600+00:00,348216.104,snapshot-settled-after-jianghu-off-continuous,84334,webcontent,0.0,3.460,278.656
2026-09-07T17:24:03.859604+00:00,348216.104,snapshot-settled-after-jianghu-off-continuous,84336,webkit_network,0.0,0.390,119.453
2026-09-07T17:24:04.840485+00:00,348217.110,snapshot-settled-after-jianghu-off-continuous,84324,reader,54.6,15.780,749.047
2026-09-07T17:24:04.840543+00:00,348217.110,snapshot-settled-after-jianghu-off-continuous,84331,webcontent,0.0,3.570,278.609
2026-09-07T17:24:04.840555+00:00,348217.110,snapshot-settled-after-jianghu-off-continuous,84332,webcontent,0.0,3.520,278.719
2026-09-07T17:24:04.840560+00:00,348217.110,snapshot-settled-after-jianghu-off-continuous,84333,webcontent,0.0,3.680,278.750
2026-09-07T17:24:04.840563+00:00,348217.110,snapshot-settled-after-jianghu-off-continuous,84334,webcontent,0.0,3.460,278.656
2026-09-07T17:24:04.840566+00:00,348217.110,snapshot-settled-after-jianghu-off-continuous,84336,webkit_network,0.0,0.390,119.422
2026-09-07T17:24:05.868972+00:00,348218.115,snapshot-settled-after-jianghu-off-continuous,84324,reader,5.2,15.890,764.547
2026-09-07T17:24:05.869021+00:00,348218.115,snapshot-settled-after-jianghu-off-continuous,84331,webcontent,0.0,3.570,278.609
2026-09-07T17:24:05.869027+00:00,348218.115,snapshot-settled-after-jianghu-off-continuous,84332,webcontent,0.0,3.520,278.719
2026-09-07T17:24:05.869031+00:00,348218.115,snapshot-settled-after-jianghu-off-continuous,84333,webcontent,0.0,3.680,278.750
2026-09-07T17:24:05.869034+00:00,348218.115,snapshot-settled-after-jianghu-off-continuous,84334,webcontent,0.0,3.460,278.656
2026-09-07T17:24:05.869037+00:00,348218.115,snapshot-settled-after-jianghu-off-continuous,84336,webkit_network,0.0,0.390,119.422
2026-09-07T17:24:06.871465+00:00,348219.120,snapshot-settled-after-jianghu-off-continuous,84324,reader,67.2,16.410,766.391
2026-09-07T17:24:06.871520+00:00,348219.120,snapshot-settled-after-jianghu-off-continuous,84331,webcontent,0.0,3.570,278.609
2026-09-07T17:24:06.871526+00:00,348219.120,snapshot-settled-after-jianghu-off-continuous,84332,webcontent,0.0,3.520,278.719
2026-09-07T17:24:06.871530+00:00,348219.120,snapshot-settled-after-jianghu-off-continuous,84333,webcontent,0.0,3.680,278.750
2026-09-07T17:24:06.871535+00:00,348219.120,snapshot-settled-after-jianghu-off-continuous,84334,webcontent,0.0,3.460,278.656
2026-09-07T17:24:06.871538+00:00,348219.120,snapshot-settled-after-jianghu-off-continuous,84336,webkit_network,0.0,0.390,119.422
2026-09-07T17:24:07.868827+00:00,348220.126,snapshot-settled-after-jianghu-off-continuous,84324,reader,54.2,16.670,781.312
2026-09-07T17:24:07.868892+00:00,348220.126,snapshot-settled-after-jianghu-off-continuous,84331,webcontent,0.0,3.570,278.609
2026-09-07T17:24:07.868897+00:00,348220.126,snapshot-settled-after-jianghu-off-continuous,84332,webcontent,0.0,3.520,278.719
2026-09-07T17:24:07.868901+00:00,348220.126,snapshot-settled-after-jianghu-off-continuous,84333,webcontent,0.0,3.680,278.750
2026-09-07T17:24:07.868903+00:00,348220.126,snapshot-settled-after-jianghu-off-continuous,84334,webcontent,0.0,3.460,278.656
2026-09-07T17:24:07.868906+00:00,348220.126,snapshot-settled-after-jianghu-off-continuous,84336,webkit_network,0.0,0.390,119.422
2026-09-07T17:24:08.880588+00:00,348221.131,snapshot-settled-after-jianghu-off-continuous,84324,reader,12.5,16.830,766.875
2026-09-07T17:24:08.880653+00:00,348221.131,snapshot-settled-after-jianghu-off-continuous,84331,webcontent,0.0,3.570,278.609
2026-09-07T17:24:08.880659+00:00,348221.131,snapshot-settled-after-jianghu-off-continuous,84332,webcontent,0.0,3.520,278.719
2026-09-07T17:24:08.880662+00:00,348221.131,snapshot-settled-after-jianghu-off-continuous,84333,webcontent,0.0,3.680,278.750
2026-09-07T17:24:08.880667+00:00,348221.131,snapshot-settled-after-jianghu-off-continuous,84334,webcontent,0.0,3.460,278.656
2026-09-07T17:24:08.880671+00:00,348221.131,snapshot-settled-after-jianghu-off-continuous,84336,webkit_network,0.0,0.390,119.422
2026-09-07T17:24:09.886117+00:00,348222.136,snapshot-settled-after-jianghu-off-continuous,84324,reader,41.4,17.220,766.984
2026-09-07T17:24:09.886177+00:00,348222.136,snapshot-settled-after-jianghu-off-continuous,84331,webcontent,0.0,3.570,278.609
2026-09-07T17:24:09.886183+00:00,348222.136,snapshot-settled-after-jianghu-off-continuous,84332,webcontent,0.0,3.520,278.719
2026-09-07T17:24:09.886188+00:00,348222.136,snapshot-settled-after-jianghu-off-continuous,84333,webcontent,0.0,3.680,278.750
2026-09-07T17:24:09.886192+00:00,348222.136,snapshot-settled-after-jianghu-off-continuous,84334,webcontent,0.0,3.460,278.656
2026-09-07T17:24:09.886196+00:00,348222.136,snapshot-settled-after-jianghu-off-continuous,84336,webkit_network,0.0,0.390,119.422
2026-09-07T17:24:10.885125+00:00,348223.142,snapshot-settled-after-jianghu-off-continuous,84324,reader,40.4,17.470,760.594
2026-09-07T17:24:10.885185+00:00,348223.142,snapshot-settled-after-jianghu-off-continuous,84331,webcontent,0.0,3.570,278.594
2026-09-07T17:24:10.885192+00:00,348223.142,snapshot-settled-after-jianghu-off-continuous,84332,webcontent,0.0,3.520,278.703
2026-09-07T17:24:10.885198+00:00,348223.142,snapshot-settled-after-jianghu-off-continuous,84333,webcontent,0.0,3.680,278.734
2026-09-07T17:24:10.885203+00:00,348223.142,snapshot-settled-after-jianghu-off-continuous,84334,webcontent,0.0,3.460,278.641
2026-09-07T17:24:10.885215+00:00,348223.142,snapshot-settled-after-jianghu-off-continuous,84336,webkit_network,0.0,0.390,119.422
2026-09-07T17:24:11.898549+00:00,348224.147,snapshot-settled-after-jianghu-off-continuous,84324,reader,41.5,17.950,768.594
2026-09-07T17:24:11.898597+00:00,348224.147,snapshot-settled-after-jianghu-off-continuous,84331,webcontent,0.0,3.570,278.594
2026-09-07T17:24:11.898603+00:00,348224.147,snapshot-settled-after-jianghu-off-continuous,84332,webcontent,0.0,3.520,278.703
2026-09-07T17:24:11.898607+00:00,348224.147,snapshot-settled-after-jianghu-off-continuous,84333,webcontent,0.0,3.680,278.734
2026-09-07T17:24:11.898612+00:00,348224.147,snapshot-settled-after-jianghu-off-continuous,84334,webcontent,0.0,3.460,278.641
2026-09-07T17:24:11.898616+00:00,348224.147,snapshot-settled-after-jianghu-off-continuous,84336,webkit_network,0.0,0.390,119.422
2026-09-07T17:24:12.879574+00:00,348225.149,snapshot-settled-after-jianghu-off-continuous,84324,reader,22.4,18.350,760.344
2026-09-07T17:24:12.879630+00:00,348225.149,snapshot-settled-after-jianghu-off-continuous,84331,webcontent,0.0,3.570,278.594
2026-09-07T17:24:12.879635+00:00,348225.149,snapshot-settled-after-jianghu-off-continuous,84332,webcontent,0.0,3.520,278.703
2026-09-07T17:24:12.879638+00:00,348225.149,snapshot-settled-after-jianghu-off-continuous,84333,webcontent,0.0,3.680,278.734
2026-09-07T17:24:12.879642+00:00,348225.149,snapshot-settled-after-jianghu-off-continuous,84334,webcontent,0.0,3.460,278.641
2026-09-07T17:24:12.879645+00:00,348225.149,snapshot-settled-after-jianghu-off-continuous,84336,webkit_network,0.0,0.390,119.422
2026-09-07T17:24:13.896965+00:00,348226.154,snapshot-settled-after-jianghu-off-continuous,84324,reader,15.1,18.460,739.156
2026-09-07T17:24:13.897041+00:00,348226.154,snapshot-settled-after-jianghu-off-continuous,84331,webcontent,0.0,3.570,278.594
2026-09-07T17:24:13.897048+00:00,348226.154,snapshot-settled-after-jianghu-off-continuous,84332,webcontent,0.0,3.520,278.703
2026-09-07T17:24:13.897052+00:00,348226.154,snapshot-settled-after-jianghu-off-continuous,84333,webcontent,0.0,3.680,278.734
2026-09-07T17:24:13.897055+00:00,348226.154,snapshot-settled-after-jianghu-off-continuous,84334,webcontent,0.0,3.460,278.641
2026-09-07T17:24:13.897058+00:00,348226.154,snapshot-settled-after-jianghu-off-continuous,84336,webkit_network,0.0,0.390,119.422
2026-09-07T17:24:14.919342+00:00,348227.160,snapshot-settled-after-jianghu-off-continuous,84324,reader,17.4,18.810,769.453
2026-09-07T17:24:14.919404+00:00,348227.160,snapshot-settled-after-jianghu-off-continuous,84331,webcontent,0.0,3.570,278.594
2026-09-07T17:24:14.919410+00:00,348227.160,snapshot-settled-after-jianghu-off-continuous,84332,webcontent,0.0,3.520,278.703
2026-09-07T17:24:14.919415+00:00,348227.160,snapshot-settled-after-jianghu-off-continuous,84333,webcontent,0.0,3.680,278.734
2026-09-07T17:24:14.919418+00:00,348227.160,snapshot-settled-after-jianghu-off-continuous,84334,webcontent,0.0,3.460,278.641
2026-09-07T17:24:14.919421+00:00,348227.160,snapshot-settled-after-jianghu-off-continuous,84336,webkit_network,0.0,0.390,119.422
2026-09-07T17:24:15.899388+00:00,348228.165,snapshot-settled-after-jianghu-off-continuous,84324,reader,30.0,19.100,754.172
2026-09-07T17:24:15.899430+00:00,348228.165,snapshot-settled-after-jianghu-off-continuous,84331,webcontent,0.0,3.570,278.594
2026-09-07T17:24:15.899436+00:00,348228.165,snapshot-settled-after-jianghu-off-continuous,84332,webcontent,0.0,3.520,278.703
2026-09-07T17:24:15.899440+00:00,348228.165,snapshot-settled-after-jianghu-off-continuous,84333,webcontent,0.0,3.680,278.734
2026-09-07T17:24:15.899443+00:00,348228.165,snapshot-settled-after-jianghu-off-continuous,84334,webcontent,0.0,3.460,278.641
2026-09-07T17:24:15.899447+00:00,348228.165,snapshot-settled-after-jianghu-off-continuous,84336,webkit_network,0.0,0.390,119.422
2026-09-07T17:24:16.917063+00:00,348229.171,snapshot-settled-after-jianghu-off-continuous,84324,reader,11.4,19.270,769.734
2026-09-07T17:24:16.917124+00:00,348229.171,snapshot-settled-after-jianghu-off-continuous,84331,webcontent,0.0,3.570,278.594
2026-09-07T17:24:16.917131+00:00,348229.171,snapshot-settled-after-jianghu-off-continuous,84332,webcontent,0.0,3.520,278.703
2026-09-07T17:24:16.917134+00:00,348229.171,snapshot-settled-after-jianghu-off-continuous,84333,webcontent,0.0,3.680,278.734
2026-09-07T17:24:16.917140+00:00,348229.171,snapshot-settled-after-jianghu-off-continuous,84334,webcontent,0.0,3.460,278.641
2026-09-07T17:24:16.917143+00:00,348229.171,snapshot-settled-after-jianghu-off-continuous,84336,webkit_network,0.0,0.390,119.422
2026-09-07T17:24:17.931745+00:00,348230.176,snapshot-settled-after-jianghu-off-continuous,84324,reader,19.1,19.620,769.953
2026-09-07T17:24:17.931804+00:00,348230.176,snapshot-settled-after-jianghu-off-continuous,84331,webcontent,0.0,3.570,278.594
2026-09-07T17:24:17.931810+00:00,348230.176,snapshot-settled-after-jianghu-off-continuous,84332,webcontent,0.0,3.520,278.703
2026-09-07T17:24:17.931814+00:00,348230.176,snapshot-settled-after-jianghu-off-continuous,84333,webcontent,0.0,3.680,278.734
2026-09-07T17:24:17.931822+00:00,348230.176,snapshot-settled-after-jianghu-off-continuous,84334,webcontent,0.0,3.460,278.641
2026-09-07T17:24:17.931825+00:00,348230.176,snapshot-settled-after-jianghu-off-continuous,84336,webkit_network,0.0,0.390,119.422
2026-09-07T17:24:18.910299+00:00,348231.181,snapshot-settled-after-jianghu-off-continuous,84324,reader,41.3,19.870,754.562
2026-09-07T17:24:18.910364+00:00,348231.181,snapshot-settled-after-jianghu-off-continuous,84331,webcontent,0.0,3.570,278.594
2026-09-07T17:24:18.910369+00:00,348231.181,snapshot-settled-after-jianghu-off-continuous,84332,webcontent,0.0,3.520,278.703
2026-09-07T17:24:18.910372+00:00,348231.181,snapshot-settled-after-jianghu-off-continuous,84333,webcontent,0.0,3.680,278.734
2026-09-07T17:24:18.910375+00:00,348231.181,snapshot-settled-after-jianghu-off-continuous,84334,webcontent,0.0,3.460,278.641
2026-09-07T17:24:18.910378+00:00,348231.181,snapshot-settled-after-jianghu-off-continuous,84336,webkit_network,0.0,0.390,119.422
2026-09-07T17:24:19.938741+00:00,348232.187,snapshot-settled-after-jianghu-off-continuous,84324,reader,4.5,19.990,770.062
2026-09-07T17:24:19.938789+00:00,348232.187,snapshot-settled-after-jianghu-off-continuous,84331,webcontent,0.0,3.570,278.594
2026-09-07T17:24:19.938795+00:00,348232.187,snapshot-settled-after-jianghu-off-continuous,84332,webcontent,0.0,3.520,278.703
2026-09-07T17:24:19.938799+00:00,348232.187,snapshot-settled-after-jianghu-off-continuous,84333,webcontent,0.0,3.680,278.734
2026-09-07T17:24:19.938803+00:00,348232.187,snapshot-settled-after-jianghu-off-continuous,84334,webcontent,0.0,3.460,278.641
2026-09-07T17:24:19.938807+00:00,348232.187,snapshot-settled-after-jianghu-off-continuous,84336,webkit_network,0.0,0.390,119.422
2026-09-07T17:24:20.948546+00:00,348233.192,snapshot-settled-after-jianghu-off-continuous,84324,reader,25.4,20.330,770.203
2026-09-07T17:24:20.948609+00:00,348233.192,snapshot-settled-after-jianghu-off-continuous,84331,webcontent,0.0,3.570,278.594
2026-09-07T17:24:20.948616+00:00,348233.192,snapshot-settled-after-jianghu-off-continuous,84332,webcontent,0.0,3.520,278.703
2026-09-07T17:24:20.948620+00:00,348233.192,snapshot-settled-after-jianghu-off-continuous,84333,webcontent,0.0,3.680,278.734
2026-09-07T17:24:20.948623+00:00,348233.192,snapshot-settled-after-jianghu-off-continuous,84334,webcontent,0.0,3.460,278.641
2026-09-07T17:24:20.948627+00:00,348233.192,snapshot-settled-after-jianghu-off-continuous,84336,webkit_network,0.0,0.390,119.422
2026-09-07T17:24:21.941934+00:00,348234.198,snapshot-settled-after-jianghu-off-continuous,84324,reader,64.4,20.580,784.859
2026-09-07T17:24:21.941995+00:00,348234.198,snapshot-settled-after-jianghu-off-continuous,84331,webcontent,0.0,3.570,278.594
2026-09-07T17:24:21.942008+00:00,348234.198,snapshot-settled-after-jianghu-off-continuous,84332,webcontent,0.0,3.520,278.703
2026-09-07T17:24:21.942013+00:00,348234.198,snapshot-settled-after-jianghu-off-continuous,84333,webcontent,0.0,3.680,278.734
2026-09-07T17:24:21.942019+00:00,348234.198,snapshot-settled-after-jianghu-off-continuous,84334,webcontent,0.0,3.460,278.641
2026-09-07T17:24:21.942022+00:00,348234.198,snapshot-settled-after-jianghu-off-continuous,84336,webkit_network,0.0,0.390,119.422
2026-09-07T17:24:22.948773+00:00,348235.203,snapshot-settled-after-jianghu-off-continuous,84324,reader,6.6,20.710,770.344
2026-09-07T17:24:22.948829+00:00,348235.203,snapshot-settled-after-jianghu-off-continuous,84331,webcontent,0.0,3.570,278.594
2026-09-07T17:24:22.948834+00:00,348235.203,snapshot-settled-after-jianghu-off-continuous,84332,webcontent,0.0,3.520,278.703
2026-09-07T17:24:22.948838+00:00,348235.203,snapshot-settled-after-jianghu-off-continuous,84333,webcontent,0.0,3.680,278.734
2026-09-07T17:24:22.948841+00:00,348235.203,snapshot-settled-after-jianghu-off-continuous,84334,webcontent,0.0,3.460,278.641
2026-09-07T17:24:22.948844+00:00,348235.203,snapshot-settled-after-jianghu-off-continuous,84336,webkit_network,0.0,0.390,119.422
2026-09-07T17:24:23.970544+00:00,348236.208,snapshot-settled-after-jianghu-off-continuous,84324,reader,27.4,21.050,770.219
2026-09-07T17:24:23.970633+00:00,348236.208,snapshot-settled-after-jianghu-off-continuous,84331,webcontent,0.0,3.570,278.594
2026-09-07T17:24:23.970645+00:00,348236.208,snapshot-settled-after-jianghu-off-continuous,84332,webcontent,0.0,3.520,278.703
2026-09-07T17:24:23.970651+00:00,348236.208,snapshot-settled-after-jianghu-off-continuous,84333,webcontent,0.0,3.680,278.734
2026-09-07T17:24:23.970657+00:00,348236.208,snapshot-settled-after-jianghu-off-continuous,84334,webcontent,0.0,3.460,278.641
2026-09-07T17:24:23.970664+00:00,348236.208,snapshot-settled-after-jianghu-off-continuous,84336,webkit_network,0.0,0.390,119.422
2026-09-07T17:24:24.950001+00:00,348237.211,snapshot-settled-after-jianghu-off-continuous,84324,reader,13.5,21.210,773.578
2026-09-07T17:24:24.950075+00:00,348237.211,snapshot-settled-after-jianghu-off-continuous,84331,webcontent,0.0,3.570,278.594
2026-09-07T17:24:24.950081+00:00,348237.211,snapshot-settled-after-jianghu-off-continuous,84332,webcontent,0.0,3.520,278.703
2026-09-07T17:24:24.950084+00:00,348237.211,snapshot-settled-after-jianghu-off-continuous,84333,webcontent,0.0,3.680,278.734
2026-09-07T17:24:24.950087+00:00,348237.211,snapshot-settled-after-jianghu-off-continuous,84334,webcontent,0.0,3.460,278.641
2026-09-07T17:24:24.950089+00:00,348237.211,snapshot-settled-after-jianghu-off-continuous,84336,webkit_network,0.0,0.390,119.422
2026-09-07T17:24:25.970317+00:00,348238.216,snapshot-settled-after-jianghu-off-continuous,84324,reader,73.1,21.860,771.469
2026-09-07T17:24:25.970362+00:00,348238.216,snapshot-settled-after-jianghu-off-continuous,84331,webcontent,0.0,3.570,278.594
2026-09-07T17:24:25.970369+00:00,348238.216,snapshot-settled-after-jianghu-off-continuous,84332,webcontent,0.0,3.520,278.703
2026-09-07T17:24:25.970373+00:00,348238.216,snapshot-settled-after-jianghu-off-continuous,84333,webcontent,0.0,3.680,278.734
2026-09-07T17:24:25.970376+00:00,348238.216,snapshot-settled-after-jianghu-off-continuous,84334,webcontent,0.0,3.460,278.641
2026-09-07T17:24:25.970379+00:00,348238.216,snapshot-settled-after-jianghu-off-continuous,84336,webkit_network,0.0,0.390,119.422
2026-09-07T17:24:26.957065+00:00,348239.222,snapshot-settled-after-jianghu-off-continuous,84324,reader,18.1,22.190,769.328
2026-09-07T17:24:26.957121+00:00,348239.222,snapshot-settled-after-jianghu-off-continuous,84331,webcontent,0.0,3.570,278.594
2026-09-07T17:24:26.957128+00:00,348239.222,snapshot-settled-after-jianghu-off-continuous,84332,webcontent,0.0,3.520,278.703
2026-09-07T17:24:26.957132+00:00,348239.222,snapshot-settled-after-jianghu-off-continuous,84333,webcontent,0.0,3.680,278.734
2026-09-07T17:24:26.957135+00:00,348239.222,snapshot-settled-after-jianghu-off-continuous,84334,webcontent,0.0,3.460,278.641
2026-09-07T17:24:26.957139+00:00,348239.222,snapshot-settled-after-jianghu-off-continuous,84336,webkit_network,0.0,0.390,119.422
2026-09-07T17:24:27.968305+00:00,348240.222,snapshot-settled-after-jianghu-off-continuous,84324,reader,12.6,22.260,742.047
2026-09-07T17:24:27.968371+00:00,348240.222,snapshot-settled-after-jianghu-off-continuous,84331,webcontent,0.0,3.570,278.594
2026-09-07T17:24:27.968380+00:00,348240.222,snapshot-settled-after-jianghu-off-continuous,84332,webcontent,0.0,3.520,278.703
2026-09-07T17:24:27.968385+00:00,348240.222,snapshot-settled-after-jianghu-off-continuous,84333,webcontent,0.0,3.680,278.734
2026-09-07T17:24:27.968387+00:00,348240.222,snapshot-settled-after-jianghu-off-continuous,84334,webcontent,0.0,3.460,278.641
2026-09-07T17:24:27.968391+00:00,348240.222,snapshot-settled-after-jianghu-off-continuous,84336,webkit_network,0.0,0.390,119.422
2026-09-07T17:24:28.976672+00:00,348241.227,snapshot-settled-after-jianghu-off-continuous,84324,reader,16.6,22.590,772.359
2026-09-07T17:24:28.976736+00:00,348241.227,snapshot-settled-after-jianghu-off-continuous,84331,webcontent,0.0,3.570,278.594
2026-09-07T17:24:28.976742+00:00,348241.227,snapshot-settled-after-jianghu-off-continuous,84332,webcontent,0.0,3.520,278.703
2026-09-07T17:24:28.976745+00:00,348241.227,snapshot-settled-after-jianghu-off-continuous,84333,webcontent,0.0,3.680,278.734
2026-09-07T17:24:28.976749+00:00,348241.227,snapshot-settled-after-jianghu-off-continuous,84334,webcontent,0.0,3.460,278.641
2026-09-07T17:24:28.976752+00:00,348241.227,snapshot-settled-after-jianghu-off-continuous,84336,webkit_network,0.0,0.390,119.422
2026-09-07T17:24:29.961887+00:00,348242.232,snapshot-settled-after-jianghu-off-continuous,84324,reader,31.3,22.860,756.922
2026-09-07T17:24:29.961935+00:00,348242.232,snapshot-settled-after-jianghu-off-continuous,84331,webcontent,0.0,3.570,278.594
2026-09-07T17:24:29.961941+00:00,348242.232,snapshot-settled-after-jianghu-off-continuous,84332,webcontent,0.0,3.520,278.703
2026-09-07T17:24:29.961945+00:00,348242.232,snapshot-settled-after-jianghu-off-continuous,84333,webcontent,0.0,3.680,278.734
2026-09-07T17:24:29.961948+00:00,348242.232,snapshot-settled-after-jianghu-off-continuous,84334,webcontent,0.0,3.460,278.641
2026-09-07T17:24:29.961952+00:00,348242.232,snapshot-settled-after-jianghu-off-continuous,84336,webkit_network,0.0,0.390,119.422
2026-09-07T17:24:30.977788+00:00,348243.238,snapshot-settled-after-jianghu-off-continuous,84324,reader,1.1,22.980,742.297
2026-09-07T17:24:30.977848+00:00,348243.238,snapshot-settled-after-jianghu-off-continuous,84331,webcontent,0.0,3.570,278.594
2026-09-07T17:24:30.977854+00:00,348243.238,snapshot-settled-after-jianghu-off-continuous,84332,webcontent,0.0,3.520,278.703
2026-09-07T17:24:30.977859+00:00,348243.238,snapshot-settled-after-jianghu-off-continuous,84333,webcontent,0.0,3.680,278.734
2026-09-07T17:24:30.977862+00:00,348243.238,snapshot-settled-after-jianghu-off-continuous,84334,webcontent,0.0,3.460,278.641
2026-09-07T17:24:30.977866+00:00,348243.238,snapshot-settled-after-jianghu-off-continuous,84336,webkit_network,0.0,0.390,119.422
2026-09-07T17:24:31.997051+00:00,348244.243,snapshot-settled-after-jianghu-off-continuous,84324,reader,21.8,23.330,772.422
2026-09-07T17:24:31.997127+00:00,348244.243,snapshot-settled-after-jianghu-off-continuous,84331,webcontent,0.0,3.570,278.594
2026-09-07T17:24:31.997133+00:00,348244.243,snapshot-settled-after-jianghu-off-continuous,84332,webcontent,0.0,3.520,278.703
2026-09-07T17:24:31.997136+00:00,348244.243,snapshot-settled-after-jianghu-off-continuous,84333,webcontent,0.0,3.680,278.734
2026-09-07T17:24:31.997139+00:00,348244.243,snapshot-settled-after-jianghu-off-continuous,84334,webcontent,0.0,3.460,278.641
2026-09-07T17:24:31.997145+00:00,348244.243,snapshot-settled-after-jianghu-off-continuous,84336,webkit_network,0.0,0.390,119.422
2026-09-07T17:24:32.970179+00:00,348245.244,snapshot-settled-after-jianghu-off-continuous,84324,reader,46.4,23.600,757.031
2026-09-07T17:24:32.970230+00:00,348245.244,snapshot-settled-after-jianghu-off-continuous,84331,webcontent,0.0,3.570,278.594
2026-09-07T17:24:32.970235+00:00,348245.244,snapshot-settled-after-jianghu-off-continuous,84332,webcontent,0.0,3.520,278.703
2026-09-07T17:24:32.970239+00:00,348245.244,snapshot-settled-after-jianghu-off-continuous,84333,webcontent,0.0,3.680,278.734
2026-09-07T17:24:32.970241+00:00,348245.244,snapshot-settled-after-jianghu-off-continuous,84334,webcontent,0.0,3.460,278.641
2026-09-07T17:24:32.970245+00:00,348245.244,snapshot-settled-after-jianghu-off-continuous,84336,webkit_network,0.0,0.390,119.422
2026-09-07T17:24:34.002200+00:00,348246.250,snapshot-settled-after-jianghu-off-continuous,84324,reader,4.4,23.720,772.531
2026-09-07T17:24:34.002253+00:00,348246.250,snapshot-settled-after-jianghu-off-continuous,84331,webcontent,0.0,3.570,278.594
2026-09-07T17:24:34.002260+00:00,348246.250,snapshot-settled-after-jianghu-off-continuous,84332,webcontent,0.0,3.520,278.703
2026-09-07T17:24:34.002264+00:00,348246.250,snapshot-settled-after-jianghu-off-continuous,84333,webcontent,0.0,3.680,278.734
2026-09-07T17:24:34.002267+00:00,348246.250,snapshot-settled-after-jianghu-off-continuous,84334,webcontent,0.0,3.460,278.641
2026-09-07T17:24:34.002271+00:00,348246.250,snapshot-settled-after-jianghu-off-continuous,84336,webkit_network,0.0,0.390,119.422
2026-09-07T17:24:35.007680+00:00,348247.255,snapshot-settled-after-jianghu-off-continuous,84324,reader,19.5,24.070,772.578
2026-09-07T17:24:35.007725+00:00,348247.255,snapshot-settled-after-jianghu-off-continuous,84331,webcontent,0.0,3.570,278.594
2026-09-07T17:24:35.007731+00:00,348247.255,snapshot-settled-after-jianghu-off-continuous,84332,webcontent,0.0,3.520,278.703
2026-09-07T17:24:35.007737+00:00,348247.255,snapshot-settled-after-jianghu-off-continuous,84333,webcontent,0.0,3.680,278.734
2026-09-07T17:24:35.007740+00:00,348247.255,snapshot-settled-after-jianghu-off-continuous,84334,webcontent,0.0,3.460,278.641
2026-09-07T17:24:35.007744+00:00,348247.255,snapshot-settled-after-jianghu-off-continuous,84336,webkit_network,0.0,0.390,119.422
2026-09-07T17:24:35.992543+00:00,348248.260,snapshot-settled-after-jianghu-off-continuous,84324,reader,41.9,24.310,757.141
2026-09-07T17:24:35.992593+00:00,348248.260,snapshot-settled-after-jianghu-off-continuous,84331,webcontent,0.0,3.570,278.594
2026-09-07T17:24:35.992598+00:00,348248.260,snapshot-settled-after-jianghu-off-continuous,84332,webcontent,0.0,3.520,278.703
2026-09-07T17:24:35.992601+00:00,348248.260,snapshot-settled-after-jianghu-off-continuous,84333,webcontent,0.0,3.680,278.734
2026-09-07T17:24:35.992604+00:00,348248.260,snapshot-settled-after-jianghu-off-continuous,84334,webcontent,0.0,3.460,278.641
2026-09-07T17:24:35.992606+00:00,348248.260,snapshot-settled-after-jianghu-off-continuous,84336,webkit_network,0.0,0.390,119.422
2026-09-07T17:24:37.021418+00:00,348249.265,snapshot-settled-after-jianghu-off-continuous,84324,reader,3.8,24.420,772.656
2026-09-07T17:24:37.021472+00:00,348249.265,snapshot-settled-after-jianghu-off-continuous,84331,webcontent,0.0,3.570,278.594
2026-09-07T17:24:37.021477+00:00,348249.265,snapshot-settled-after-jianghu-off-continuous,84332,webcontent,0.0,3.520,278.703
2026-09-07T17:24:37.021483+00:00,348249.265,snapshot-settled-after-jianghu-off-continuous,84333,webcontent,0.0,3.680,278.734
2026-09-07T17:24:37.021486+00:00,348249.265,snapshot-settled-after-jianghu-off-continuous,84334,webcontent,0.0,3.460,278.641
2026-09-07T17:24:37.021489+00:00,348249.265,snapshot-settled-after-jianghu-off-continuous,84336,webkit_network,0.0,0.390,119.422
2026-09-07T17:24:38.022534+00:00,348250.266,snapshot-settled-after-jianghu-off-continuous,84324,reader,32.6,24.780,772.656
2026-09-07T17:24:38.022594+00:00,348250.266,snapshot-settled-after-jianghu-off-continuous,84331,webcontent,0.0,3.570,278.594
2026-09-07T17:24:38.022600+00:00,348250.266,snapshot-settled-after-jianghu-off-continuous,84332,webcontent,0.0,3.520,278.703
2026-09-07T17:24:38.022605+00:00,348250.266,snapshot-settled-after-jianghu-off-continuous,84333,webcontent,0.0,3.680,278.734
2026-09-07T17:24:38.022608+00:00,348250.266,snapshot-settled-after-jianghu-off-continuous,84334,webcontent,0.0,3.460,278.641
2026-09-07T17:24:38.022612+00:00,348250.266,snapshot-settled-after-jianghu-off-continuous,84336,webkit_network,0.0,0.390,119.422
2026-09-07T17:24:39.004912+00:00,348251.267,snapshot-settled-after-jianghu-off-continuous,84324,reader,57.3,25.020,787.141
2026-09-07T17:24:39.004952+00:00,348251.267,snapshot-settled-after-jianghu-off-continuous,84331,webcontent,0.0,3.570,278.594
2026-09-07T17:24:39.004958+00:00,348251.267,snapshot-settled-after-jianghu-off-continuous,84332,webcontent,0.0,3.520,278.703
2026-09-07T17:24:39.004962+00:00,348251.267,snapshot-settled-after-jianghu-off-continuous,84333,webcontent,0.0,3.680,278.734
2026-09-07T17:24:39.004964+00:00,348251.267,snapshot-settled-after-jianghu-off-continuous,84334,webcontent,0.0,3.460,278.641
2026-09-07T17:24:39.004967+00:00,348251.267,snapshot-settled-after-jianghu-off-continuous,84336,webkit_network,0.0,0.390,119.422
2026-09-07T17:24:40.026066+00:00,348252.273,snapshot-settled-after-jianghu-off-continuous,84324,reader,36.4,25.590,773.109
2026-09-07T17:24:40.026108+00:00,348252.273,snapshot-settled-after-jianghu-off-continuous,84331,webcontent,0.0,3.570,278.594
2026-09-07T17:24:40.026114+00:00,348252.273,snapshot-settled-after-jianghu-off-continuous,84332,webcontent,0.0,3.520,278.703
2026-09-07T17:24:40.026117+00:00,348252.273,snapshot-settled-after-jianghu-off-continuous,84333,webcontent,0.0,3.680,278.734
2026-09-07T17:24:40.026122+00:00,348252.273,snapshot-settled-after-jianghu-off-continuous,84334,webcontent,0.0,3.460,278.641
2026-09-07T17:24:40.026125+00:00,348252.273,snapshot-settled-after-jianghu-off-continuous,84336,webkit_network,0.0,0.390,119.422
2026-09-07T17:24:41.024004+00:00,348253.278,snapshot-settled-after-jianghu-off-continuous,84324,reader,38.4,25.940,773.391
2026-09-07T17:24:41.024051+00:00,348253.278,snapshot-settled-after-jianghu-off-continuous,84331,webcontent,0.0,3.570,278.594
2026-09-07T17:24:41.024057+00:00,348253.278,snapshot-settled-after-jianghu-off-continuous,84332,webcontent,0.0,3.520,278.703
2026-09-07T17:24:41.024061+00:00,348253.278,snapshot-settled-after-jianghu-off-continuous,84333,webcontent,0.0,3.680,278.734
2026-09-07T17:24:41.024065+00:00,348253.278,snapshot-settled-after-jianghu-off-continuous,84334,webcontent,0.0,3.460,278.641
2026-09-07T17:24:41.024069+00:00,348253.278,snapshot-settled-after-jianghu-off-continuous,84336,webkit_network,0.0,0.390,119.422
2026-09-07T17:24:42.024909+00:00,348254.283,snapshot-settled-after-jianghu-off-continuous,84324,reader,24.6,26.090,765.969
2026-09-07T17:24:42.024954+00:00,348254.283,snapshot-settled-after-jianghu-off-continuous,84331,webcontent,0.0,3.570,278.594
2026-09-07T17:24:42.024960+00:00,348254.283,snapshot-settled-after-jianghu-off-continuous,84332,webcontent,0.0,3.520,278.703
2026-09-07T17:24:42.024964+00:00,348254.283,snapshot-settled-after-jianghu-off-continuous,84333,webcontent,0.0,3.680,278.734
2026-09-07T17:24:42.024967+00:00,348254.283,snapshot-settled-after-jianghu-off-continuous,84334,webcontent,0.0,3.460,278.641
2026-09-07T17:24:42.024970+00:00,348254.283,snapshot-settled-after-jianghu-off-continuous,84336,webkit_network,0.0,0.390,119.422
2026-09-07T17:24:43.041132+00:00,348255.288,snapshot-settled-after-jianghu-off-continuous,84324,reader,9.3,26.320,773.719
2026-09-07T17:24:43.041178+00:00,348255.288,snapshot-settled-after-jianghu-off-continuous,84331,webcontent,0.0,3.570,278.594
2026-09-07T17:24:43.041184+00:00,348255.288,snapshot-settled-after-jianghu-off-continuous,84332,webcontent,0.0,3.520,278.703
2026-09-07T17:24:43.041188+00:00,348255.288,snapshot-settled-after-jianghu-off-continuous,84333,webcontent,0.0,3.680,278.734
2026-09-07T17:24:43.041191+00:00,348255.288,snapshot-settled-after-jianghu-off-continuous,84334,webcontent,0.0,3.460,278.641
2026-09-07T17:24:43.041195+00:00,348255.288,snapshot-settled-after-jianghu-off-continuous,84336,webkit_network,0.0,0.390,119.422
2026-09-07T17:24:44.026477+00:00,348256.291,snapshot-settled-after-jianghu-off-continuous,84324,reader,16.7,26.600,775.516
2026-09-07T17:24:44.026541+00:00,348256.291,snapshot-settled-after-jianghu-off-continuous,84331,webcontent,0.0,3.570,278.594
2026-09-07T17:24:44.026547+00:00,348256.291,snapshot-settled-after-jianghu-off-continuous,84332,webcontent,0.0,3.520,278.703
2026-09-07T17:24:44.026550+00:00,348256.291,snapshot-settled-after-jianghu-off-continuous,84333,webcontent,0.0,3.680,278.734
2026-09-07T17:24:44.026553+00:00,348256.291,snapshot-settled-after-jianghu-off-continuous,84334,webcontent,0.0,3.460,278.641
2026-09-07T17:24:44.026557+00:00,348256.291,snapshot-settled-after-jianghu-off-continuous,84336,webkit_network,0.0,0.390,119.422
2026-09-07T17:24:45.034933+00:00,348257.295,snapshot-settled-after-jianghu-off-continuous,84324,reader,13.6,26.720,743.812
2026-09-07T17:24:45.035002+00:00,348257.295,snapshot-settled-after-jianghu-off-continuous,84331,webcontent,0.0,3.570,278.594
2026-09-07T17:24:45.035009+00:00,348257.295,snapshot-settled-after-jianghu-off-continuous,84332,webcontent,0.0,3.520,278.703
2026-09-07T17:24:45.035012+00:00,348257.295,snapshot-settled-after-jianghu-off-continuous,84333,webcontent,0.0,3.680,278.734
2026-09-07T17:24:45.035015+00:00,348257.295,snapshot-settled-after-jianghu-off-continuous,84334,webcontent,0.0,3.460,278.641
2026-09-07T17:24:45.035019+00:00,348257.295,snapshot-settled-after-jianghu-off-continuous,84336,webkit_network,0.0,0.390,119.422
2026-09-07T17:24:46.049328+00:00,348258.300,snapshot-settled-after-jianghu-off-continuous,84324,reader,13.0,27.040,773.891
2026-09-07T17:24:46.049383+00:00,348258.300,snapshot-settled-after-jianghu-off-continuous,84331,webcontent,0.0,3.570,278.594
2026-09-07T17:24:46.049390+00:00,348258.300,snapshot-settled-after-jianghu-off-continuous,84332,webcontent,0.0,3.520,278.703
2026-09-07T17:24:46.049393+00:00,348258.300,snapshot-settled-after-jianghu-off-continuous,84333,webcontent,0.0,3.680,278.734
2026-09-07T17:24:46.049397+00:00,348258.300,snapshot-settled-after-jianghu-off-continuous,84334,webcontent,0.0,3.460,278.641
2026-09-07T17:24:46.049400+00:00,348258.300,snapshot-settled-after-jianghu-off-continuous,84336,webkit_network,0.0,0.390,119.422
2026-09-07T17:24:47.034137+00:00,348259.304,snapshot-settled-after-jianghu-off-continuous,84324,reader,27.0,27.300,758.344
2026-09-07T17:24:47.034187+00:00,348259.304,snapshot-settled-after-jianghu-off-continuous,84331,webcontent,0.0,3.570,278.594
2026-09-07T17:24:47.034193+00:00,348259.304,snapshot-settled-after-jianghu-off-continuous,84332,webcontent,0.0,3.520,278.703
2026-09-07T17:24:47.034197+00:00,348259.304,snapshot-settled-after-jianghu-off-continuous,84333,webcontent,0.0,3.680,278.734
2026-09-07T17:24:47.034200+00:00,348259.304,snapshot-settled-after-jianghu-off-continuous,84334,webcontent,0.0,3.460,278.641
2026-09-07T17:24:47.034203+00:00,348259.304,snapshot-settled-after-jianghu-off-continuous,84336,webkit_network,0.0,0.390,119.422
2026-09-07T17:24:48.043426+00:00,348260.304,snapshot-settled-after-jianghu-off-continuous,84324,reader,3.0,27.440,743.812
2026-09-07T17:24:48.043475+00:00,348260.304,snapshot-settled-after-jianghu-off-continuous,84331,webcontent,0.0,3.570,278.594
2026-09-07T17:24:48.043497+00:00,348260.304,snapshot-settled-after-jianghu-off-continuous,84332,webcontent,0.0,3.520,278.703
2026-09-07T17:24:48.043501+00:00,348260.304,snapshot-settled-after-jianghu-off-continuous,84333,webcontent,0.0,3.680,278.734
2026-09-07T17:24:48.043504+00:00,348260.304,snapshot-settled-after-jianghu-off-continuous,84334,webcontent,0.0,3.460,278.641
2026-09-07T17:24:48.043507+00:00,348260.304,snapshot-settled-after-jianghu-off-continuous,84336,webkit_network,0.0,0.390,119.422
2026-09-07T17:24:49.056664+00:00,348261.309,snapshot-settled-after-jianghu-off-continuous,84324,reader,17.0,27.800,773.922
2026-09-07T17:24:49.056717+00:00,348261.309,snapshot-settled-after-jianghu-off-continuous,84331,webcontent,0.0,3.570,278.594
2026-09-07T17:24:49.056723+00:00,348261.309,snapshot-settled-after-jianghu-off-continuous,84332,webcontent,0.0,3.520,278.703
2026-09-07T17:24:49.056727+00:00,348261.309,snapshot-settled-after-jianghu-off-continuous,84333,webcontent,0.0,3.680,278.734
2026-09-07T17:24:49.056730+00:00,348261.309,snapshot-settled-after-jianghu-off-continuous,84334,webcontent,0.0,3.460,278.641
2026-09-07T17:24:49.056734+00:00,348261.309,snapshot-settled-after-jianghu-off-continuous,84336,webkit_network,0.0,0.390,119.422
2026-09-07T17:24:50.050388+00:00,348262.315,snapshot-settled-after-jianghu-off-continuous,84324,reader,37.9,28.040,758.469
2026-09-07T17:24:50.050440+00:00,348262.315,snapshot-settled-after-jianghu-off-continuous,84331,webcontent,0.0,3.570,278.594
2026-09-07T17:24:50.050445+00:00,348262.315,snapshot-settled-after-jianghu-off-continuous,84332,webcontent,0.0,3.520,278.703
2026-09-07T17:24:50.050449+00:00,348262.315,snapshot-settled-after-jianghu-off-continuous,84333,webcontent,0.0,3.680,278.734
2026-09-07T17:24:50.050451+00:00,348262.315,snapshot-settled-after-jianghu-off-continuous,84334,webcontent,0.0,3.460,278.641
2026-09-07T17:24:50.050454+00:00,348262.315,snapshot-settled-after-jianghu-off-continuous,84336,webkit_network,0.0,0.390,119.422
2026-09-07T17:24:51.068004+00:00,348263.320,snapshot-settled-after-jianghu-off-continuous,84324,reader,5.5,28.150,773.969
2026-09-07T17:24:51.068054+00:00,348263.320,snapshot-settled-after-jianghu-off-continuous,84331,webcontent,0.0,3.570,278.594
2026-09-07T17:24:51.068061+00:00,348263.320,snapshot-settled-after-jianghu-off-continuous,84332,webcontent,0.0,3.520,278.703
2026-09-07T17:24:51.068065+00:00,348263.320,snapshot-settled-after-jianghu-off-continuous,84333,webcontent,0.0,3.680,278.734
2026-09-07T17:24:51.068069+00:00,348263.320,snapshot-settled-after-jianghu-off-continuous,84334,webcontent,0.0,3.460,278.641
2026-09-07T17:24:51.068072+00:00,348263.320,snapshot-settled-after-jianghu-off-continuous,84336,webkit_network,0.0,0.390,119.422
2026-09-07T17:24:52.057115+00:00,348264.325,snapshot-settled-after-jianghu-off-continuous,84324,reader,135.9,28.870,774.844
2026-09-07T17:24:52.057161+00:00,348264.325,snapshot-settled-after-jianghu-off-continuous,84331,webcontent,0.0,3.570,278.594
2026-09-07T17:24:52.057167+00:00,348264.325,snapshot-settled-after-jianghu-off-continuous,84332,webcontent,0.0,3.520,278.703
2026-09-07T17:24:52.057170+00:00,348264.325,snapshot-settled-after-jianghu-off-continuous,84333,webcontent,0.0,3.680,278.734
2026-09-07T17:24:52.057173+00:00,348264.325,snapshot-settled-after-jianghu-off-continuous,84334,webcontent,0.0,3.460,278.641
2026-09-07T17:24:52.057176+00:00,348264.325,snapshot-settled-after-jianghu-off-continuous,84336,webkit_network,0.0,0.390,119.422
2026-09-07T17:24:53.058377+00:00,348265.330,snapshot-settled-after-jianghu-off-continuous,84324,reader,54.0,29.260,759.844
2026-09-07T17:24:53.058435+00:00,348265.330,snapshot-settled-after-jianghu-off-continuous,84331,webcontent,0.0,3.570,278.594
2026-09-07T17:24:53.058441+00:00,348265.330,snapshot-settled-after-jianghu-off-continuous,84332,webcontent,0.0,3.520,278.703
2026-09-07T17:24:53.058444+00:00,348265.330,snapshot-settled-after-jianghu-off-continuous,84333,webcontent,0.0,3.680,278.734
2026-09-07T17:24:53.058447+00:00,348265.330,snapshot-settled-after-jianghu-off-continuous,84334,webcontent,0.0,3.460,278.641
2026-09-07T17:24:53.058450+00:00,348265.330,snapshot-settled-after-jianghu-off-continuous,84336,webkit_network,0.0,0.390,119.422
2026-09-07T17:24:54.091578+00:00,348266.335,snapshot-settled-after-jianghu-off-continuous,84324,reader,5.1,29.380,775.359
2026-09-07T17:24:54.091634+00:00,348266.335,snapshot-settled-after-jianghu-off-continuous,84331,webcontent,0.0,3.570,278.594
2026-09-07T17:24:54.091640+00:00,348266.335,snapshot-settled-after-jianghu-off-continuous,84332,webcontent,0.0,3.520,278.703
2026-09-07T17:24:54.091643+00:00,348266.335,snapshot-settled-after-jianghu-off-continuous,84333,webcontent,0.0,3.680,278.734
2026-09-07T17:24:54.091647+00:00,348266.335,snapshot-settled-after-jianghu-off-continuous,84334,webcontent,0.0,3.460,278.641
2026-09-07T17:24:54.091650+00:00,348266.335,snapshot-settled-after-jianghu-off-continuous,84336,webkit_network,0.0,0.390,119.422
2026-09-07T17:24:55.093146+00:00,348267.341,snapshot-settled-after-jianghu-off-continuous,84324,reader,38.9,29.750,775.484
2026-09-07T17:24:55.093210+00:00,348267.341,snapshot-settled-after-jianghu-off-continuous,84331,webcontent,0.0,3.570,278.594
2026-09-07T17:24:55.093218+00:00,348267.341,snapshot-settled-after-jianghu-off-continuous,84332,webcontent,0.0,3.520,278.703
2026-09-07T17:24:55.093222+00:00,348267.341,snapshot-settled-after-jianghu-off-continuous,84333,webcontent,0.0,3.680,278.734
2026-09-07T17:24:55.093226+00:00,348267.341,snapshot-settled-after-jianghu-off-continuous,84334,webcontent,0.0,3.460,278.641
2026-09-07T17:24:55.093229+00:00,348267.341,snapshot-settled-after-jianghu-off-continuous,84336,webkit_network,0.0,0.390,119.422
2026-09-07T17:24:56.088620+00:00,348268.346,snapshot-settled-after-jianghu-off-continuous,84324,reader,68.5,30.000,790.094
2026-09-07T17:24:56.088698+00:00,348268.346,snapshot-settled-after-jianghu-off-continuous,84331,webcontent,0.0,3.570,278.594
2026-09-07T17:24:56.088705+00:00,348268.346,snapshot-settled-after-jianghu-off-continuous,84332,webcontent,0.0,3.520,278.703
2026-09-07T17:24:56.088709+00:00,348268.346,snapshot-settled-after-jianghu-off-continuous,84333,webcontent,0.0,3.680,278.734
2026-09-07T17:24:56.088712+00:00,348268.346,snapshot-settled-after-jianghu-off-continuous,84334,webcontent,0.0,3.460,278.641
2026-09-07T17:24:56.088715+00:00,348268.346,snapshot-settled-after-jianghu-off-continuous,84336,webkit_network,0.0,0.390,119.422
2026-09-07T17:24:57.102405+00:00,348269.351,snapshot-settled-after-jianghu-off-continuous,84324,reader,6.1,30.130,775.500
2026-09-07T17:24:57.102476+00:00,348269.351,snapshot-settled-after-jianghu-off-continuous,84331,webcontent,0.0,3.570,278.594
2026-09-07T17:24:57.102481+00:00,348269.351,snapshot-settled-after-jianghu-off-continuous,84332,webcontent,0.0,3.520,278.703
2026-09-07T17:24:57.102487+00:00,348269.351,snapshot-settled-after-jianghu-off-continuous,84333,webcontent,0.0,3.680,278.734
2026-09-07T17:24:57.102490+00:00,348269.351,snapshot-settled-after-jianghu-off-continuous,84334,webcontent,0.0,3.460,278.641
2026-09-07T17:24:57.102494+00:00,348269.351,snapshot-settled-after-jianghu-off-continuous,84336,webkit_network,0.0,0.390,119.422
2026-09-07T17:24:58.109425+00:00,348270.357,snapshot-settled-after-jianghu-off-continuous,84324,reader,29.7,30.500,775.547
2026-09-07T17:24:58.109482+00:00,348270.357,snapshot-settled-after-jianghu-off-continuous,84331,webcontent,0.0,3.570,278.594
2026-09-07T17:24:58.109489+00:00,348270.357,snapshot-settled-after-jianghu-off-continuous,84332,webcontent,0.0,3.520,278.703
2026-09-07T17:24:58.109493+00:00,348270.357,snapshot-settled-after-jianghu-off-continuous,84333,webcontent,0.0,3.680,278.734
2026-09-07T17:24:58.109496+00:00,348270.357,snapshot-settled-after-jianghu-off-continuous,84334,webcontent,0.0,3.460,278.641
2026-09-07T17:24:58.109500+00:00,348270.357,snapshot-settled-after-jianghu-off-continuous,84336,webkit_network,0.0,0.390,119.422
2026-09-07T17:24:59.108900+00:00,348271.362,snapshot-settled-after-jianghu-off-continuous,84324,reader,18.0,30.750,790.156
2026-09-07T17:24:59.108945+00:00,348271.362,snapshot-settled-after-jianghu-off-continuous,84331,webcontent,0.0,3.570,278.594
2026-09-07T17:24:59.108952+00:00,348271.362,snapshot-settled-after-jianghu-off-continuous,84332,webcontent,0.0,3.520,278.703
2026-09-07T17:24:59.108956+00:00,348271.362,snapshot-settled-after-jianghu-off-continuous,84333,webcontent,0.0,3.680,278.734
2026-09-07T17:24:59.108960+00:00,348271.362,snapshot-settled-after-jianghu-off-continuous,84334,webcontent,0.0,3.460,278.641
2026-09-07T17:24:59.108963+00:00,348271.362,snapshot-settled-after-jianghu-off-continuous,84336,webkit_network,0.0,0.390,119.422
2026-09-07T17:25:00.102181+00:00,348272.367,snapshot-settled-after-jianghu-off-continuous,84324,reader,11.2,30.950,779.000
2026-09-07T17:25:00.102232+00:00,348272.367,snapshot-settled-after-jianghu-off-continuous,84331,webcontent,0.0,3.570,278.594
2026-09-07T17:25:00.102239+00:00,348272.367,snapshot-settled-after-jianghu-off-continuous,84332,webcontent,0.0,3.520,278.703
2026-09-07T17:25:00.102243+00:00,348272.367,snapshot-settled-after-jianghu-off-continuous,84333,webcontent,0.0,3.680,278.734
2026-09-07T17:25:00.102247+00:00,348272.367,snapshot-settled-after-jianghu-off-continuous,84334,webcontent,0.0,3.460,278.641
2026-09-07T17:25:00.102250+00:00,348272.367,snapshot-settled-after-jianghu-off-continuous,84336,webkit_network,0.0,0.390,119.422
2026-09-07T17:25:01.103261+00:00,348273.369,snapshot-settled-after-jianghu-off-continuous,84324,reader,25.3,31.320,769.688
2026-09-07T17:25:01.103311+00:00,348273.369,snapshot-settled-after-jianghu-off-continuous,84331,webcontent,0.0,3.570,278.594
2026-09-07T17:25:01.103316+00:00,348273.369,snapshot-settled-after-jianghu-off-continuous,84332,webcontent,0.0,3.520,278.703
2026-09-07T17:25:01.103319+00:00,348273.369,snapshot-settled-after-jianghu-off-continuous,84333,webcontent,0.0,3.680,278.734
2026-09-07T17:25:01.103321+00:00,348273.369,snapshot-settled-after-jianghu-off-continuous,84334,webcontent,0.0,3.460,278.641
2026-09-07T17:25:01.103325+00:00,348273.369,snapshot-settled-after-jianghu-off-continuous,84336,webkit_network,0.0,0.390,119.422
2026-09-07T17:25:02.120235+00:00,348274.374,snapshot-settled-after-jianghu-off-continuous,84324,reader,11.8,31.440,777.781
2026-09-07T17:25:02.120294+00:00,348274.374,snapshot-settled-after-jianghu-off-continuous,84331,webcontent,0.0,3.570,278.594
2026-09-07T17:25:02.120299+00:00,348274.374,snapshot-settled-after-jianghu-off-continuous,84332,webcontent,0.0,3.520,278.703
2026-09-07T17:25:02.120302+00:00,348274.374,snapshot-settled-after-jianghu-off-continuous,84333,webcontent,0.0,3.680,278.734
2026-09-07T17:25:02.120304+00:00,348274.374,snapshot-settled-after-jianghu-off-continuous,84334,webcontent,0.0,3.460,278.641
2026-09-07T17:25:02.120307+00:00,348274.374,snapshot-settled-after-jianghu-off-continuous,84336,webkit_network,0.0,0.390,119.422
2026-09-07T17:25:03.132259+00:00,348275.380,snapshot-settled-after-jianghu-off-continuous,84324,reader,15.4,31.750,775.688
2026-09-07T17:25:03.132307+00:00,348275.380,snapshot-settled-after-jianghu-off-continuous,84331,webcontent,0.0,3.570,278.594
2026-09-07T17:25:03.132312+00:00,348275.380,snapshot-settled-after-jianghu-off-continuous,84332,webcontent,0.0,3.520,278.703
2026-09-07T17:25:03.132317+00:00,348275.380,snapshot-settled-after-jianghu-off-continuous,84333,webcontent,0.0,3.680,278.734
2026-09-07T17:25:03.132320+00:00,348275.380,snapshot-settled-after-jianghu-off-continuous,84334,webcontent,0.0,3.460,278.641
2026-09-07T17:25:03.132324+00:00,348275.380,snapshot-settled-after-jianghu-off-continuous,84336,webkit_network,0.0,0.390,119.422
2026-09-07T17:25:04.107933+00:00,348276.385,snapshot-settled-after-jianghu-off-continuous,84324,reader,28.0,32.000,760.141
2026-09-07T17:25:04.107970+00:00,348276.385,snapshot-settled-after-jianghu-off-continuous,84331,webcontent,0.0,3.570,278.594
2026-09-07T17:25:04.107974+00:00,348276.385,snapshot-settled-after-jianghu-off-continuous,84332,webcontent,0.0,3.520,278.703
2026-09-07T17:25:04.107977+00:00,348276.385,snapshot-settled-after-jianghu-off-continuous,84333,webcontent,0.0,3.680,278.734
2026-09-07T17:25:04.107980+00:00,348276.385,snapshot-settled-after-jianghu-off-continuous,84334,webcontent,0.0,3.460,278.641
2026-09-07T17:25:04.107983+00:00,348276.385,snapshot-settled-after-jianghu-off-continuous,84336,webkit_network,0.0,0.390,119.422
2026-09-07T17:25:05.128664+00:00,348277.390,snapshot-settled-after-jianghu-off-continuous,84324,reader,20.2,32.660,746.000
2026-09-07T17:25:05.128729+00:00,348277.390,snapshot-settled-after-jianghu-off-continuous,84331,webcontent,0.0,3.570,278.594
2026-09-07T17:25:05.128735+00:00,348277.390,snapshot-settled-after-jianghu-off-continuous,84332,webcontent,0.0,3.520,278.703
2026-09-07T17:25:05.128739+00:00,348277.390,snapshot-settled-after-jianghu-off-continuous,84333,webcontent,0.0,3.680,278.734
2026-09-07T17:25:05.128742+00:00,348277.390,snapshot-settled-after-jianghu-off-continuous,84334,webcontent,0.0,3.460,278.641
2026-09-07T17:25:05.128745+00:00,348277.390,snapshot-settled-after-jianghu-off-continuous,84336,webkit_network,0.0,0.390,119.422
2026-09-07T17:25:06.131409+00:00,348278.395,snapshot-settled-after-jianghu-off-continuous,84324,reader,15.9,33.000,776.312
2026-09-07T17:25:06.131459+00:00,348278.395,snapshot-settled-after-jianghu-off-continuous,84331,webcontent,0.0,3.570,278.594
2026-09-07T17:25:06.131464+00:00,348278.395,snapshot-settled-after-jianghu-off-continuous,84332,webcontent,0.0,3.520,278.703
2026-09-07T17:25:06.131468+00:00,348278.395,snapshot-settled-after-jianghu-off-continuous,84333,webcontent,0.0,3.680,278.734
2026-09-07T17:25:06.131471+00:00,348278.395,snapshot-settled-after-jianghu-off-continuous,84334,webcontent,0.0,3.460,278.641
2026-09-07T17:25:06.131474+00:00,348278.395,snapshot-settled-after-jianghu-off-continuous,84336,webkit_network,0.0,0.390,119.422
2026-09-07T17:25:07.135635+00:00,348279.401,snapshot-settled-after-jianghu-off-continuous,84324,reader,29.4,33.290,761.047
2026-09-07T17:25:07.135674+00:00,348279.401,snapshot-settled-after-jianghu-off-continuous,84331,webcontent,0.0,3.570,278.594
2026-09-07T17:25:07.135679+00:00,348279.401,snapshot-settled-after-jianghu-off-continuous,84332,webcontent,0.0,3.520,278.703
2026-09-07T17:25:07.135682+00:00,348279.401,snapshot-settled-after-jianghu-off-continuous,84333,webcontent,0.0,3.680,278.734
2026-09-07T17:25:07.135685+00:00,348279.401,snapshot-settled-after-jianghu-off-continuous,84334,webcontent,0.0,3.460,278.641
2026-09-07T17:25:07.135688+00:00,348279.401,snapshot-settled-after-jianghu-off-continuous,84336,webkit_network,0.0,0.390,119.422
2026-09-07T17:25:08.137770+00:00,348280.406,snapshot-settled-after-jianghu-off-continuous,84324,reader,3.0,33.390,776.578
2026-09-07T17:25:08.137824+00:00,348280.406,snapshot-settled-after-jianghu-off-continuous,84331,webcontent,0.0,3.570,278.594
2026-09-07T17:25:08.137830+00:00,348280.406,snapshot-settled-after-jianghu-off-continuous,84332,webcontent,0.0,3.520,278.703
2026-09-07T17:25:08.137834+00:00,348280.406,snapshot-settled-after-jianghu-off-continuous,84333,webcontent,0.0,3.680,278.734
2026-09-07T17:25:08.137837+00:00,348280.406,snapshot-settled-after-jianghu-off-continuous,84334,webcontent,0.0,3.460,278.641
2026-09-07T17:25:08.137840+00:00,348280.406,snapshot-settled-after-jianghu-off-continuous,84336,webkit_network,0.0,0.390,119.422
2026-09-07T17:25:09.167715+00:00,348281.411,snapshot-settled-after-jianghu-off-continuous,84324,reader,18.5,33.770,776.672
2026-09-07T17:25:09.167775+00:00,348281.411,snapshot-settled-after-jianghu-off-continuous,84331,webcontent,0.0,3.570,278.594
2026-09-07T17:25:09.167780+00:00,348281.411,snapshot-settled-after-jianghu-off-continuous,84332,webcontent,0.0,3.520,278.703
2026-09-07T17:25:09.167784+00:00,348281.411,snapshot-settled-after-jianghu-off-continuous,84333,webcontent,0.0,3.680,278.734
2026-09-07T17:25:09.167787+00:00,348281.411,snapshot-settled-after-jianghu-off-continuous,84334,webcontent,0.0,3.460,278.641
2026-09-07T17:25:09.167791+00:00,348281.411,snapshot-settled-after-jianghu-off-continuous,84336,webkit_network,0.0,0.390,119.422
2026-09-07T17:25:10.147493+00:00,348282.416,snapshot-settled-after-jianghu-off-continuous,84324,reader,42.2,34.040,761.422
2026-09-07T17:25:10.147605+00:00,348282.416,snapshot-settled-after-jianghu-off-continuous,84331,webcontent,0.0,3.570,278.594
2026-09-07T17:25:10.147613+00:00,348282.416,snapshot-settled-after-jianghu-off-continuous,84332,webcontent,0.0,3.520,278.703
2026-09-07T17:25:10.147617+00:00,348282.416,snapshot-settled-after-jianghu-off-continuous,84333,webcontent,0.0,3.680,278.734
2026-09-07T17:25:10.147620+00:00,348282.416,snapshot-settled-after-jianghu-off-continuous,84334,webcontent,0.0,3.460,278.641
2026-09-07T17:25:10.147623+00:00,348282.416,snapshot-settled-after-jianghu-off-continuous,84336,webkit_network,0.0,0.390,119.422
2026-09-07T17:25:11.175933+00:00,348283.422,snapshot-settled-after-jianghu-off-continuous,84324,reader,4.0,34.150,776.922
2026-09-07T17:25:11.175976+00:00,348283.422,snapshot-settled-after-jianghu-off-continuous,84331,webcontent,0.0,3.570,278.594
2026-09-07T17:25:11.175981+00:00,348283.422,snapshot-settled-after-jianghu-off-continuous,84332,webcontent,0.0,3.520,278.703
2026-09-07T17:25:11.175984+00:00,348283.422,snapshot-settled-after-jianghu-off-continuous,84333,webcontent,0.0,3.680,278.734
2026-09-07T17:25:11.175987+00:00,348283.422,snapshot-settled-after-jianghu-off-continuous,84334,webcontent,0.0,3.460,278.641
2026-09-07T17:25:11.175992+00:00,348283.422,snapshot-settled-after-jianghu-off-continuous,84336,webkit_network,0.0,0.390,119.422
2026-09-07T17:28:27.137425+00:00,348479.379,snapshot-settled-after-jianghu-on-continuous,84885,reader,44.5,31.220,801.766
2026-09-07T17:28:27.137490+00:00,348479.379,snapshot-settled-after-jianghu-on-continuous,84895,webcontent,0.0,3.980,278.312
2026-09-07T17:28:27.137497+00:00,348479.379,snapshot-settled-after-jianghu-on-continuous,84896,webcontent,0.0,3.890,278.297
2026-09-07T17:28:27.137501+00:00,348479.379,snapshot-settled-after-jianghu-on-continuous,84897,webcontent,0.0,3.960,278.438
2026-09-07T17:28:27.137504+00:00,348479.379,snapshot-settled-after-jianghu-on-continuous,84899,webcontent,0.0,3.850,278.547
2026-09-07T17:28:27.137508+00:00,348479.379,snapshot-settled-after-jianghu-on-continuous,84901,webkit_network,0.0,0.390,119.531
2026-09-07T17:28:27.137513+00:00,348479.379,snapshot-settled-after-jianghu-on-continuous,84988,webcontent,0.0,1.980,294.531
2026-09-07T17:28:27.137516+00:00,348479.379,snapshot-settled-after-jianghu-on-continuous,84989,webkit_gpu,0.0,0.400,153.109
2026-09-07T17:28:27.137519+00:00,348479.379,snapshot-settled-after-jianghu-on-continuous,84990,webcontent,0.0,3.710,278.984
2026-09-07T17:28:27.137522+00:00,348479.379,snapshot-settled-after-jianghu-on-continuous,84991,webcontent,0.0,3.810,279.141
2026-09-07T17:28:27.137525+00:00,348479.379,snapshot-settled-after-jianghu-on-continuous,84992,webcontent,0.0,3.780,278.859
2026-09-07T17:28:28.133576+00:00,348480.384,snapshot-settled-after-jianghu-on-continuous,84885,reader,84.8,31.850,804.969
2026-09-07T17:28:28.133618+00:00,348480.384,snapshot-settled-after-jianghu-on-continuous,84895,webcontent,0.0,3.980,278.312
2026-09-07T17:28:28.133624+00:00,348480.384,snapshot-settled-after-jianghu-on-continuous,84896,webcontent,0.0,3.890,278.297
2026-09-07T17:28:28.133628+00:00,348480.384,snapshot-settled-after-jianghu-on-continuous,84897,webcontent,0.0,3.960,278.438
2026-09-07T17:28:28.133632+00:00,348480.384,snapshot-settled-after-jianghu-on-continuous,84899,webcontent,0.0,3.850,278.547
2026-09-07T17:28:28.133635+00:00,348480.384,snapshot-settled-after-jianghu-on-continuous,84901,webkit_network,0.0,0.390,119.531
2026-09-07T17:28:28.133639+00:00,348480.384,snapshot-settled-after-jianghu-on-continuous,84988,webcontent,0.0,1.980,294.531
2026-09-07T17:28:28.133642+00:00,348480.384,snapshot-settled-after-jianghu-on-continuous,84989,webkit_gpu,0.0,0.400,153.109
2026-09-07T17:28:28.133644+00:00,348480.384,snapshot-settled-after-jianghu-on-continuous,84990,webcontent,0.0,3.710,278.984
2026-09-07T17:28:28.133647+00:00,348480.384,snapshot-settled-after-jianghu-on-continuous,84991,webcontent,0.0,3.810,279.141
2026-09-07T17:28:28.133650+00:00,348480.384,snapshot-settled-after-jianghu-on-continuous,84992,webcontent,0.0,3.780,278.859
2026-09-07T17:28:29.129563+00:00,348481.390,snapshot-settled-after-jianghu-on-continuous,84885,reader,76.7,32.660,803.953
2026-09-07T17:28:29.129619+00:00,348481.390,snapshot-settled-after-jianghu-on-continuous,84895,webcontent,0.0,3.980,278.312
2026-09-07T17:28:29.129625+00:00,348481.390,snapshot-settled-after-jianghu-on-continuous,84896,webcontent,0.0,3.890,278.297
2026-09-07T17:28:29.129628+00:00,348481.390,snapshot-settled-after-jianghu-on-continuous,84897,webcontent,0.0,3.960,278.438
2026-09-07T17:28:29.129632+00:00,348481.390,snapshot-settled-after-jianghu-on-continuous,84899,webcontent,0.0,3.850,278.547
2026-09-07T17:28:29.129635+00:00,348481.390,snapshot-settled-after-jianghu-on-continuous,84901,webkit_network,0.0,0.390,119.547
2026-09-07T17:28:29.129638+00:00,348481.390,snapshot-settled-after-jianghu-on-continuous,84988,webcontent,0.4,2.010,296.109
2026-09-07T17:28:29.129641+00:00,348481.390,snapshot-settled-after-jianghu-on-continuous,84989,webkit_gpu,0.3,0.420,156.781
2026-09-07T17:28:29.129644+00:00,348481.390,snapshot-settled-after-jianghu-on-continuous,84990,webcontent,0.0,3.710,278.984
2026-09-07T17:28:29.129646+00:00,348481.390,snapshot-settled-after-jianghu-on-continuous,84991,webcontent,0.0,3.810,279.141
2026-09-07T17:28:29.129648+00:00,348481.390,snapshot-settled-after-jianghu-on-continuous,84992,webcontent,0.0,3.780,278.859
2026-09-07T17:28:30.149770+00:00,348482.391,snapshot-settled-after-jianghu-on-continuous,84885,reader,6.2,32.780,819.328
2026-09-07T17:28:30.149828+00:00,348482.391,snapshot-settled-after-jianghu-on-continuous,84895,webcontent,0.0,3.980,278.312
2026-09-07T17:28:30.149835+00:00,348482.391,snapshot-settled-after-jianghu-on-continuous,84896,webcontent,0.0,3.890,278.297
2026-09-07T17:28:30.149841+00:00,348482.391,snapshot-settled-after-jianghu-on-continuous,84897,webcontent,0.0,3.960,278.438
2026-09-07T17:28:30.149844+00:00,348482.391,snapshot-settled-after-jianghu-on-continuous,84899,webcontent,0.0,3.850,278.547
2026-09-07T17:28:30.149848+00:00,348482.391,snapshot-settled-after-jianghu-on-continuous,84901,webkit_network,0.0,0.390,119.547
2026-09-07T17:28:30.149852+00:00,348482.391,snapshot-settled-after-jianghu-on-continuous,84988,webcontent,0.0,2.010,296.109
2026-09-07T17:28:30.149855+00:00,348482.391,snapshot-settled-after-jianghu-on-continuous,84989,webkit_gpu,0.0,0.420,156.781
2026-09-07T17:28:30.149859+00:00,348482.391,snapshot-settled-after-jianghu-on-continuous,84990,webcontent,0.0,3.710,278.984
2026-09-07T17:28:30.149862+00:00,348482.391,snapshot-settled-after-jianghu-on-continuous,84991,webcontent,0.0,3.810,279.141
2026-09-07T17:28:30.149865+00:00,348482.391,snapshot-settled-after-jianghu-on-continuous,84992,webcontent,0.0,3.780,278.859
2026-09-07T17:28:31.148472+00:00,348483.396,snapshot-settled-after-jianghu-on-continuous,84885,reader,39.1,33.160,820.172
2026-09-07T17:28:31.148527+00:00,348483.396,snapshot-settled-after-jianghu-on-continuous,84895,webcontent,0.0,3.980,278.312
2026-09-07T17:28:31.148534+00:00,348483.396,snapshot-settled-after-jianghu-on-continuous,84896,webcontent,0.0,3.890,278.297
2026-09-07T17:28:31.148540+00:00,348483.396,snapshot-settled-after-jianghu-on-continuous,84897,webcontent,0.0,3.960,278.438
2026-09-07T17:28:31.148543+00:00,348483.396,snapshot-settled-after-jianghu-on-continuous,84899,webcontent,0.0,3.850,278.547
2026-09-07T17:28:31.148547+00:00,348483.396,snapshot-settled-after-jianghu-on-continuous,84901,webkit_network,0.0,0.390,119.547
2026-09-07T17:28:31.148552+00:00,348483.396,snapshot-settled-after-jianghu-on-continuous,84988,webcontent,0.0,2.010,296.109
2026-09-07T17:28:31.148555+00:00,348483.396,snapshot-settled-after-jianghu-on-continuous,84989,webkit_gpu,0.0,0.420,156.781
2026-09-07T17:28:31.148566+00:00,348483.396,snapshot-settled-after-jianghu-on-continuous,84990,webcontent,0.0,3.710,278.969
2026-09-07T17:28:31.148570+00:00,348483.396,snapshot-settled-after-jianghu-on-continuous,84991,webcontent,0.0,3.810,279.125
2026-09-07T17:28:31.148573+00:00,348483.396,snapshot-settled-after-jianghu-on-continuous,84992,webcontent,0.0,3.780,278.844
2026-09-07T17:28:32.153442+00:00,348484.401,snapshot-settled-after-jianghu-on-continuous,84885,reader,65.7,33.410,836.188
2026-09-07T17:28:32.153491+00:00,348484.401,snapshot-settled-after-jianghu-on-continuous,84895,webcontent,0.0,3.980,278.312
2026-09-07T17:28:32.153497+00:00,348484.401,snapshot-settled-after-jianghu-on-continuous,84896,webcontent,0.0,3.890,278.297
2026-09-07T17:28:32.153502+00:00,348484.401,snapshot-settled-after-jianghu-on-continuous,84897,webcontent,0.0,3.960,278.438
2026-09-07T17:28:32.153505+00:00,348484.401,snapshot-settled-after-jianghu-on-continuous,84899,webcontent,0.0,3.850,278.547
2026-09-07T17:28:32.153510+00:00,348484.401,snapshot-settled-after-jianghu-on-continuous,84901,webkit_network,0.0,0.390,119.547
2026-09-07T17:28:32.153514+00:00,348484.401,snapshot-settled-after-jianghu-on-continuous,84988,webcontent,0.0,2.010,296.219
2026-09-07T17:28:32.153517+00:00,348484.401,snapshot-settled-after-jianghu-on-continuous,84989,webkit_gpu,0.0,0.430,156.797
2026-09-07T17:28:32.153520+00:00,348484.401,snapshot-settled-after-jianghu-on-continuous,84990,webcontent,0.0,3.710,278.969
2026-09-07T17:28:32.153523+00:00,348484.401,snapshot-settled-after-jianghu-on-continuous,84991,webcontent,0.0,3.810,279.125
2026-09-07T17:28:32.153526+00:00,348484.401,snapshot-settled-after-jianghu-on-continuous,84992,webcontent,0.0,3.780,278.844
2026-09-07T17:28:33.166599+00:00,348485.406,snapshot-settled-after-jianghu-on-continuous,84885,reader,8.5,33.540,821.688
2026-09-07T17:28:33.166650+00:00,348485.406,snapshot-settled-after-jianghu-on-continuous,84895,webcontent,0.0,3.980,278.312
2026-09-07T17:28:33.166656+00:00,348485.406,snapshot-settled-after-jianghu-on-continuous,84896,webcontent,0.0,3.890,278.297
2026-09-07T17:28:33.166659+00:00,348485.406,snapshot-settled-after-jianghu-on-continuous,84897,webcontent,0.0,3.960,278.438
2026-09-07T17:28:33.166664+00:00,348485.406,snapshot-settled-after-jianghu-on-continuous,84899,webcontent,0.0,3.850,278.547
2026-09-07T17:28:33.166667+00:00,348485.406,snapshot-settled-after-jianghu-on-continuous,84901,webkit_network,0.0,0.390,119.547
2026-09-07T17:28:33.166671+00:00,348485.406,snapshot-settled-after-jianghu-on-continuous,84988,webcontent,0.0,2.010,296.219
2026-09-07T17:28:33.166674+00:00,348485.406,snapshot-settled-after-jianghu-on-continuous,84989,webkit_gpu,0.0,0.430,156.797
2026-09-07T17:28:33.166677+00:00,348485.406,snapshot-settled-after-jianghu-on-continuous,84990,webcontent,0.0,3.710,278.969
2026-09-07T17:28:33.166680+00:00,348485.406,snapshot-settled-after-jianghu-on-continuous,84991,webcontent,0.0,3.810,279.125
2026-09-07T17:28:33.166683+00:00,348485.406,snapshot-settled-after-jianghu-on-continuous,84992,webcontent,0.0,3.780,278.844
2026-09-07T17:28:34.150298+00:00,348486.412,snapshot-settled-after-jianghu-on-continuous,84885,reader,20.3,33.850,811.125
2026-09-07T17:28:34.150358+00:00,348486.412,snapshot-settled-after-jianghu-on-continuous,84895,webcontent,0.0,3.980,278.312
2026-09-07T17:28:34.150364+00:00,348486.412,snapshot-settled-after-jianghu-on-continuous,84896,webcontent,0.0,3.890,278.297
2026-09-07T17:28:34.150367+00:00,348486.412,snapshot-settled-after-jianghu-on-continuous,84897,webcontent,0.0,3.960,278.438
2026-09-07T17:28:34.150371+00:00,348486.412,snapshot-settled-after-jianghu-on-continuous,84899,webcontent,0.0,3.850,278.547
2026-09-07T17:28:34.150374+00:00,348486.412,snapshot-settled-after-jianghu-on-continuous,84901,webkit_network,0.0,0.390,119.547
2026-09-07T17:28:34.150377+00:00,348486.412,snapshot-settled-after-jianghu-on-continuous,84988,webcontent,0.0,2.010,296.219
2026-09-07T17:28:34.150380+00:00,348486.412,snapshot-settled-after-jianghu-on-continuous,84989,webkit_gpu,0.0,0.430,156.656
2026-09-07T17:28:34.150383+00:00,348486.412,snapshot-settled-after-jianghu-on-continuous,84990,webcontent,0.0,3.710,278.969
2026-09-07T17:28:34.150385+00:00,348486.412,snapshot-settled-after-jianghu-on-continuous,84991,webcontent,0.0,3.810,279.125
2026-09-07T17:28:34.150388+00:00,348486.412,snapshot-settled-after-jianghu-on-continuous,84992,webcontent,0.0,3.780,278.844
2026-09-07T17:28:35.160811+00:00,348487.417,snapshot-settled-after-jianghu-on-continuous,84885,reader,13.5,33.970,822.578
2026-09-07T17:28:35.160857+00:00,348487.417,snapshot-settled-after-jianghu-on-continuous,84895,webcontent,0.0,3.980,278.312
2026-09-07T17:28:35.160862+00:00,348487.417,snapshot-settled-after-jianghu-on-continuous,84896,webcontent,0.0,3.890,278.297
2026-09-07T17:28:35.160865+00:00,348487.417,snapshot-settled-after-jianghu-on-continuous,84897,webcontent,0.0,3.960,278.438
2026-09-07T17:28:35.160868+00:00,348487.417,snapshot-settled-after-jianghu-on-continuous,84899,webcontent,0.0,3.850,278.547
2026-09-07T17:28:35.160872+00:00,348487.417,snapshot-settled-after-jianghu-on-continuous,84901,webkit_network,0.0,0.390,119.547
2026-09-07T17:28:35.160876+00:00,348487.417,snapshot-settled-after-jianghu-on-continuous,84988,webcontent,0.0,2.010,296.219
2026-09-07T17:28:35.160879+00:00,348487.417,snapshot-settled-after-jianghu-on-continuous,84989,webkit_gpu,0.0,0.430,156.656
2026-09-07T17:28:35.160881+00:00,348487.417,snapshot-settled-after-jianghu-on-continuous,84990,webcontent,0.0,3.710,278.969
2026-09-07T17:28:35.160884+00:00,348487.417,snapshot-settled-after-jianghu-on-continuous,84991,webcontent,0.0,3.810,279.125
2026-09-07T17:28:35.160886+00:00,348487.417,snapshot-settled-after-jianghu-on-continuous,84992,webcontent,0.0,3.780,278.844
2026-09-07T17:28:36.177556+00:00,348488.422,snapshot-settled-after-jianghu-on-continuous,84885,reader,12.5,34.290,822.531
2026-09-07T17:28:36.177616+00:00,348488.422,snapshot-settled-after-jianghu-on-continuous,84895,webcontent,0.0,3.980,278.312
2026-09-07T17:28:36.177624+00:00,348488.422,snapshot-settled-after-jianghu-on-continuous,84896,webcontent,0.0,3.890,278.297
2026-09-07T17:28:36.177628+00:00,348488.422,snapshot-settled-after-jianghu-on-continuous,84897,webcontent,0.0,3.960,278.438
2026-09-07T17:28:36.177631+00:00,348488.422,snapshot-settled-after-jianghu-on-continuous,84899,webcontent,0.0,3.850,278.547
2026-09-07T17:28:36.177637+00:00,348488.422,snapshot-settled-after-jianghu-on-continuous,84901,webkit_network,0.0,0.390,119.547
2026-09-07T17:28:36.177641+00:00,348488.422,snapshot-settled-after-jianghu-on-continuous,84988,webcontent,0.0,2.010,296.219
2026-09-07T17:28:36.177644+00:00,348488.422,snapshot-settled-after-jianghu-on-continuous,84989,webkit_gpu,0.0,0.430,156.656
2026-09-07T17:28:36.177647+00:00,348488.422,snapshot-settled-after-jianghu-on-continuous,84990,webcontent,0.0,3.710,278.969
2026-09-07T17:28:36.177650+00:00,348488.422,snapshot-settled-after-jianghu-on-continuous,84991,webcontent,0.0,3.810,279.125
2026-09-07T17:28:36.177653+00:00,348488.422,snapshot-settled-after-jianghu-on-continuous,84992,webcontent,0.0,3.780,278.844
2026-09-07T17:28:37.160397+00:00,348489.427,snapshot-settled-after-jianghu-on-continuous,84885,reader,29.3,34.570,807.391
2026-09-07T17:28:37.160445+00:00,348489.427,snapshot-settled-after-jianghu-on-continuous,84895,webcontent,0.0,3.980,278.312
2026-09-07T17:28:37.160450+00:00,348489.427,snapshot-settled-after-jianghu-on-continuous,84896,webcontent,0.0,3.890,278.297
2026-09-07T17:28:37.160455+00:00,348489.427,snapshot-settled-after-jianghu-on-continuous,84897,webcontent,0.0,3.960,278.438
2026-09-07T17:28:37.160458+00:00,348489.427,snapshot-settled-after-jianghu-on-continuous,84899,webcontent,0.0,3.850,278.547
2026-09-07T17:28:37.160462+00:00,348489.427,snapshot-settled-after-jianghu-on-continuous,84901,webkit_network,0.0,0.390,119.547
2026-09-07T17:28:37.160466+00:00,348489.427,snapshot-settled-after-jianghu-on-continuous,84988,webcontent,0.0,2.010,296.156
2026-09-07T17:28:37.160468+00:00,348489.427,snapshot-settled-after-jianghu-on-continuous,84989,webkit_gpu,0.0,0.430,156.641
2026-09-07T17:28:37.160471+00:00,348489.427,snapshot-settled-after-jianghu-on-continuous,84990,webcontent,0.0,3.710,278.969
2026-09-07T17:28:37.160474+00:00,348489.427,snapshot-settled-after-jianghu-on-continuous,84991,webcontent,0.0,3.810,279.125
2026-09-07T17:28:37.160477+00:00,348489.427,snapshot-settled-after-jianghu-on-continuous,84992,webcontent,0.0,3.780,278.844
2026-09-07T17:28:38.171343+00:00,348490.432,snapshot-settled-after-jianghu-on-continuous,84885,reader,8.7,34.760,792.781
2026-09-07T17:28:38.171395+00:00,348490.432,snapshot-settled-after-jianghu-on-continuous,84895,webcontent,0.0,3.980,278.312
2026-09-07T17:28:38.171402+00:00,348490.432,snapshot-settled-after-jianghu-on-continuous,84896,webcontent,0.0,3.890,278.297
2026-09-07T17:28:38.171408+00:00,348490.432,snapshot-settled-after-jianghu-on-continuous,84897,webcontent,0.0,3.960,278.438
2026-09-07T17:28:38.171412+00:00,348490.432,snapshot-settled-after-jianghu-on-continuous,84899,webcontent,0.0,3.850,278.547
2026-09-07T17:28:38.171416+00:00,348490.432,snapshot-settled-after-jianghu-on-continuous,84901,webkit_network,0.0,0.390,119.547
2026-09-07T17:28:38.171420+00:00,348490.432,snapshot-settled-after-jianghu-on-continuous,84988,webcontent,0.0,2.010,296.156
2026-09-07T17:28:38.171424+00:00,348490.432,snapshot-settled-after-jianghu-on-continuous,84989,webkit_gpu,0.0,0.430,156.641
2026-09-07T17:28:38.171428+00:00,348490.432,snapshot-settled-after-jianghu-on-continuous,84990,webcontent,0.0,3.710,278.969
2026-09-07T17:28:38.171431+00:00,348490.432,snapshot-settled-after-jianghu-on-continuous,84991,webcontent,0.0,3.810,279.125
2026-09-07T17:28:38.171434+00:00,348490.432,snapshot-settled-after-jianghu-on-continuous,84992,webcontent,0.0,3.780,278.844
2026-09-07T17:28:39.193153+00:00,348491.437,snapshot-settled-after-jianghu-on-continuous,84885,reader,16.2,35.080,823.047
2026-09-07T17:28:39.193199+00:00,348491.437,snapshot-settled-after-jianghu-on-continuous,84895,webcontent,0.0,3.980,278.312
2026-09-07T17:28:39.193205+00:00,348491.437,snapshot-settled-after-jianghu-on-continuous,84896,webcontent,0.0,3.890,278.297
2026-09-07T17:28:39.193210+00:00,348491.437,snapshot-settled-after-jianghu-on-continuous,84897,webcontent,0.0,3.960,278.438
2026-09-07T17:28:39.193214+00:00,348491.437,snapshot-settled-after-jianghu-on-continuous,84899,webcontent,0.0,3.850,278.547
2026-09-07T17:28:39.193218+00:00,348491.437,snapshot-settled-after-jianghu-on-continuous,84901,webkit_network,0.0,0.390,119.547
2026-09-07T17:28:39.193222+00:00,348491.437,snapshot-settled-after-jianghu-on-continuous,84988,webcontent,0.0,2.010,296.156
2026-09-07T17:28:39.193226+00:00,348491.437,snapshot-settled-after-jianghu-on-continuous,84989,webkit_gpu,0.0,0.430,156.641
2026-09-07T17:28:39.193229+00:00,348491.437,snapshot-settled-after-jianghu-on-continuous,84990,webcontent,0.0,3.710,278.969
2026-09-07T17:28:39.193232+00:00,348491.437,snapshot-settled-after-jianghu-on-continuous,84991,webcontent,0.0,3.810,279.125
2026-09-07T17:28:39.193235+00:00,348491.437,snapshot-settled-after-jianghu-on-continuous,84992,webcontent,0.0,3.780,278.844
2026-09-07T17:28:40.169835+00:00,348492.443,snapshot-settled-after-jianghu-on-continuous,84885,reader,38.7,35.330,809.062
2026-09-07T17:28:40.169878+00:00,348492.443,snapshot-settled-after-jianghu-on-continuous,84895,webcontent,0.0,3.980,278.312
2026-09-07T17:28:40.169883+00:00,348492.443,snapshot-settled-after-jianghu-on-continuous,84896,webcontent,0.0,3.890,278.297
2026-09-07T17:28:40.169886+00:00,348492.443,snapshot-settled-after-jianghu-on-continuous,84897,webcontent,0.0,3.960,278.438
2026-09-07T17:28:40.169890+00:00,348492.443,snapshot-settled-after-jianghu-on-continuous,84899,webcontent,0.0,3.850,278.547
2026-09-07T17:28:40.169893+00:00,348492.443,snapshot-settled-after-jianghu-on-continuous,84901,webkit_network,0.0,0.390,119.547
2026-09-07T17:28:40.169897+00:00,348492.443,snapshot-settled-after-jianghu-on-continuous,84988,webcontent,0.0,2.010,296.156
2026-09-07T17:28:40.169900+00:00,348492.443,snapshot-settled-after-jianghu-on-continuous,84989,webkit_gpu,0.0,0.430,156.641
2026-09-07T17:28:40.169902+00:00,348492.443,snapshot-settled-after-jianghu-on-continuous,84990,webcontent,0.0,3.710,278.969
2026-09-07T17:28:40.169905+00:00,348492.443,snapshot-settled-after-jianghu-on-continuous,84991,webcontent,0.0,3.810,279.125
2026-09-07T17:28:40.169907+00:00,348492.443,snapshot-settled-after-jianghu-on-continuous,84992,webcontent,0.0,3.780,278.844
2026-09-07T17:28:41.198467+00:00,348493.448,snapshot-settled-after-jianghu-on-continuous,84885,reader,73.0,36.180,832.484
2026-09-07T17:28:41.198516+00:00,348493.448,snapshot-settled-after-jianghu-on-continuous,84895,webcontent,0.0,3.980,278.312
2026-09-07T17:28:41.198522+00:00,348493.448,snapshot-settled-after-jianghu-on-continuous,84896,webcontent,0.0,3.890,278.297
2026-09-07T17:28:41.198526+00:00,348493.448,snapshot-settled-after-jianghu-on-continuous,84897,webcontent,0.0,3.960,278.438
2026-09-07T17:28:41.198530+00:00,348493.448,snapshot-settled-after-jianghu-on-continuous,84899,webcontent,0.0,3.850,278.547
2026-09-07T17:28:41.198533+00:00,348493.448,snapshot-settled-after-jianghu-on-continuous,84901,webkit_network,0.1,0.400,119.547
2026-09-07T17:28:41.198538+00:00,348493.448,snapshot-settled-after-jianghu-on-continuous,84988,webcontent,2.0,2.040,297.062
2026-09-07T17:28:41.198541+00:00,348493.448,snapshot-settled-after-jianghu-on-continuous,84989,webkit_gpu,3.3,0.460,159.078
2026-09-07T17:28:41.198545+00:00,348493.448,snapshot-settled-after-jianghu-on-continuous,84990,webcontent,0.0,3.710,278.969
2026-09-07T17:28:41.198548+00:00,348493.448,snapshot-settled-after-jianghu-on-continuous,84991,webcontent,0.0,3.810,279.125
2026-09-07T17:28:41.198551+00:00,348493.448,snapshot-settled-after-jianghu-on-continuous,84992,webcontent,0.0,3.780,278.844
2026-09-07T17:28:42.212336+00:00,348494.453,snapshot-settled-after-jianghu-on-continuous,84885,reader,27.3,36.500,834.078
2026-09-07T17:28:42.212401+00:00,348494.453,snapshot-settled-after-jianghu-on-continuous,84895,webcontent,0.0,3.980,278.312
2026-09-07T17:28:42.212407+00:00,348494.453,snapshot-settled-after-jianghu-on-continuous,84896,webcontent,0.0,3.890,278.297
2026-09-07T17:28:42.212412+00:00,348494.453,snapshot-settled-after-jianghu-on-continuous,84897,webcontent,0.0,3.960,278.438
2026-09-07T17:28:42.212416+00:00,348494.453,snapshot-settled-after-jianghu-on-continuous,84899,webcontent,0.0,3.850,278.547
2026-09-07T17:28:42.212419+00:00,348494.453,snapshot-settled-after-jianghu-on-continuous,84901,webkit_network,0.0,0.400,119.547
2026-09-07T17:28:42.212423+00:00,348494.453,snapshot-settled-after-jianghu-on-continuous,84988,webcontent,0.0,2.040,296.953
2026-09-07T17:28:42.212426+00:00,348494.453,snapshot-settled-after-jianghu-on-continuous,84989,webkit_gpu,0.0,0.460,159.109
2026-09-07T17:28:42.212429+00:00,348494.453,snapshot-settled-after-jianghu-on-continuous,84990,webcontent,0.0,3.710,278.969
2026-09-07T17:28:42.212432+00:00,348494.453,snapshot-settled-after-jianghu-on-continuous,84991,webcontent,0.0,3.810,279.125
2026-09-07T17:28:42.212435+00:00,348494.453,snapshot-settled-after-jianghu-on-continuous,84992,webcontent,0.0,3.780,278.844
2026-09-07T17:28:43.191774+00:00,348495.459,snapshot-settled-after-jianghu-on-continuous,84885,reader,47.2,36.770,818.594
2026-09-07T17:28:43.191840+00:00,348495.459,snapshot-settled-after-jianghu-on-continuous,84895,webcontent,0.0,3.980,278.312
2026-09-07T17:28:43.191846+00:00,348495.459,snapshot-settled-after-jianghu-on-continuous,84896,webcontent,0.0,3.890,278.297
2026-09-07T17:28:43.191849+00:00,348495.459,snapshot-settled-after-jianghu-on-continuous,84897,webcontent,0.0,3.960,278.438
2026-09-07T17:28:43.191852+00:00,348495.459,snapshot-settled-after-jianghu-on-continuous,84899,webcontent,0.0,3.850,278.547
2026-09-07T17:28:43.191855+00:00,348495.459,snapshot-settled-after-jianghu-on-continuous,84901,webkit_network,0.0,0.400,119.547
2026-09-07T17:28:43.191859+00:00,348495.459,snapshot-settled-after-jianghu-on-continuous,84988,webcontent,0.0,2.040,296.953
2026-09-07T17:28:43.191861+00:00,348495.459,snapshot-settled-after-jianghu-on-continuous,84989,webkit_gpu,0.0,0.460,159.109
2026-09-07T17:28:43.191864+00:00,348495.459,snapshot-settled-after-jianghu-on-continuous,84990,webcontent,0.0,3.710,278.969
2026-09-07T17:28:43.191866+00:00,348495.459,snapshot-settled-after-jianghu-on-continuous,84991,webcontent,0.0,3.810,279.125
2026-09-07T17:28:43.191869+00:00,348495.459,snapshot-settled-after-jianghu-on-continuous,84992,webcontent,0.0,3.780,278.844
2026-09-07T17:28:44.222498+00:00,348496.464,snapshot-settled-after-jianghu-on-continuous,84885,reader,6.8,36.900,834.094
2026-09-07T17:28:44.222604+00:00,348496.464,snapshot-settled-after-jianghu-on-continuous,84895,webcontent,0.0,3.980,278.312
2026-09-07T17:28:44.222622+00:00,348496.464,snapshot-settled-after-jianghu-on-continuous,84896,webcontent,0.0,3.890,278.297
2026-09-07T17:28:44.222627+00:00,348496.464,snapshot-settled-after-jianghu-on-continuous,84897,webcontent,0.0,3.960,278.438
2026-09-07T17:28:44.222631+00:00,348496.464,snapshot-settled-after-jianghu-on-continuous,84899,webcontent,0.0,3.850,278.547
2026-09-07T17:28:44.222635+00:00,348496.464,snapshot-settled-after-jianghu-on-continuous,84901,webkit_network,0.0,0.400,119.562
2026-09-07T17:28:44.222640+00:00,348496.464,snapshot-settled-after-jianghu-on-continuous,84988,webcontent,0.1,2.040,297.062
2026-09-07T17:28:44.222643+00:00,348496.464,snapshot-settled-after-jianghu-on-continuous,84989,webkit_gpu,0.0,0.460,159.125
2026-09-07T17:28:44.222646+00:00,348496.464,snapshot-settled-after-jianghu-on-continuous,84990,webcontent,0.0,3.710,278.969
2026-09-07T17:28:44.222649+00:00,348496.464,snapshot-settled-after-jianghu-on-continuous,84991,webcontent,0.0,3.810,279.125
2026-09-07T17:28:44.222652+00:00,348496.464,snapshot-settled-after-jianghu-on-continuous,84992,webcontent,0.0,3.780,278.844
2026-09-07T17:28:45.203838+00:00,348497.469,snapshot-settled-after-jianghu-on-continuous,84885,reader,46.5,37.410,834.359
2026-09-07T17:28:45.203885+00:00,348497.469,snapshot-settled-after-jianghu-on-continuous,84895,webcontent,0.0,3.980,278.312
2026-09-07T17:28:45.203891+00:00,348497.469,snapshot-settled-after-jianghu-on-continuous,84896,webcontent,0.0,3.890,278.297
2026-09-07T17:28:45.203894+00:00,348497.469,snapshot-settled-after-jianghu-on-continuous,84897,webcontent,0.0,3.960,278.438
2026-09-07T17:28:45.203897+00:00,348497.469,snapshot-settled-after-jianghu-on-continuous,84899,webcontent,0.0,3.850,278.547
2026-09-07T17:28:45.203900+00:00,348497.469,snapshot-settled-after-jianghu-on-continuous,84901,webkit_network,0.0,0.400,119.562
2026-09-07T17:28:45.203903+00:00,348497.469,snapshot-settled-after-jianghu-on-continuous,84988,webcontent,0.0,2.040,297.062
2026-09-07T17:28:45.203906+00:00,348497.469,snapshot-settled-after-jianghu-on-continuous,84989,webkit_gpu,0.0,0.460,159.125
2026-09-07T17:28:45.203908+00:00,348497.469,snapshot-settled-after-jianghu-on-continuous,84990,webcontent,0.0,3.710,278.969
2026-09-07T17:28:45.203911+00:00,348497.469,snapshot-settled-after-jianghu-on-continuous,84991,webcontent,0.0,3.810,279.125
2026-09-07T17:28:45.203913+00:00,348497.469,snapshot-settled-after-jianghu-on-continuous,84992,webcontent,0.0,3.780,278.844
2026-09-07T17:28:46.218845+00:00,348498.474,snapshot-settled-after-jianghu-on-continuous,84885,reader,133.1,38.470,827.531
2026-09-07T17:28:46.218901+00:00,348498.474,snapshot-settled-after-jianghu-on-continuous,84895,webcontent,0.0,3.980,278.312
2026-09-07T17:28:46.218906+00:00,348498.474,snapshot-settled-after-jianghu-on-continuous,84896,webcontent,0.0,3.890,278.297
2026-09-07T17:28:46.218910+00:00,348498.474,snapshot-settled-after-jianghu-on-continuous,84897,webcontent,0.0,3.960,278.438
2026-09-07T17:28:46.218913+00:00,348498.474,snapshot-settled-after-jianghu-on-continuous,84899,webcontent,0.0,3.850,278.547
2026-09-07T17:28:46.218916+00:00,348498.474,snapshot-settled-after-jianghu-on-continuous,84901,webkit_network,0.0,0.400,119.562
2026-09-07T17:28:46.218919+00:00,348498.474,snapshot-settled-after-jianghu-on-continuous,84988,webcontent,0.9,2.060,297.453
2026-09-07T17:28:46.218922+00:00,348498.474,snapshot-settled-after-jianghu-on-continuous,84989,webkit_gpu,0.8,0.480,160.016
2026-09-07T17:28:46.218925+00:00,348498.474,snapshot-settled-after-jianghu-on-continuous,84990,webcontent,0.0,3.710,278.969
2026-09-07T17:28:46.218927+00:00,348498.474,snapshot-settled-after-jianghu-on-continuous,84991,webcontent,0.0,3.810,279.125
2026-09-07T17:28:46.218930+00:00,348498.474,snapshot-settled-after-jianghu-on-continuous,84992,webcontent,0.0,3.780,278.844
2026-09-07T17:28:47.235921+00:00,348499.480,snapshot-settled-after-jianghu-on-continuous,84885,reader,13.4,38.660,843.344
2026-09-07T17:28:47.235964+00:00,348499.480,snapshot-settled-after-jianghu-on-continuous,84895,webcontent,0.0,3.980,278.312
2026-09-07T17:28:47.235974+00:00,348499.480,snapshot-settled-after-jianghu-on-continuous,84896,webcontent,0.0,3.890,278.297
2026-09-07T17:28:47.235978+00:00,348499.480,snapshot-settled-after-jianghu-on-continuous,84897,webcontent,0.0,3.960,278.438
2026-09-07T17:28:47.235981+00:00,348499.480,snapshot-settled-after-jianghu-on-continuous,84899,webcontent,0.0,3.850,278.547
2026-09-07T17:28:47.235985+00:00,348499.480,snapshot-settled-after-jianghu-on-continuous,84901,webkit_network,0.0,0.400,119.562
2026-09-07T17:28:47.235989+00:00,348499.480,snapshot-settled-after-jianghu-on-continuous,84988,webcontent,0.0,2.060,297.453
2026-09-07T17:28:47.235992+00:00,348499.480,snapshot-settled-after-jianghu-on-continuous,84989,webkit_gpu,0.0,0.480,160.016
2026-09-07T17:28:47.235995+00:00,348499.480,snapshot-settled-after-jianghu-on-continuous,84990,webcontent,0.0,3.710,278.969
2026-09-07T17:28:47.235998+00:00,348499.480,snapshot-settled-after-jianghu-on-continuous,84991,webcontent,0.0,3.810,279.125
2026-09-07T17:28:47.236001+00:00,348499.480,snapshot-settled-after-jianghu-on-continuous,84992,webcontent,0.0,3.780,278.844
2026-09-07T17:28:48.223830+00:00,348500.485,snapshot-settled-after-jianghu-on-continuous,84885,reader,29.3,38.990,844.062
2026-09-07T17:28:48.223869+00:00,348500.485,snapshot-settled-after-jianghu-on-continuous,84895,webcontent,0.0,3.980,278.312
2026-09-07T17:28:48.223875+00:00,348500.485,snapshot-settled-after-jianghu-on-continuous,84896,webcontent,0.0,3.890,278.297
2026-09-07T17:28:48.223880+00:00,348500.485,snapshot-settled-after-jianghu-on-continuous,84897,webcontent,0.0,3.960,278.438
2026-09-07T17:28:48.223884+00:00,348500.485,snapshot-settled-after-jianghu-on-continuous,84899,webcontent,0.0,3.850,278.547
2026-09-07T17:28:48.223887+00:00,348500.485,snapshot-settled-after-jianghu-on-continuous,84901,webkit_network,0.0,0.400,119.562
2026-09-07T17:28:48.223891+00:00,348500.485,snapshot-settled-after-jianghu-on-continuous,84988,webcontent,0.0,2.060,297.453
2026-09-07T17:28:48.223894+00:00,348500.485,snapshot-settled-after-jianghu-on-continuous,84989,webkit_gpu,0.0,0.480,160.016
2026-09-07T17:28:48.223897+00:00,348500.485,snapshot-settled-after-jianghu-on-continuous,84990,webcontent,0.0,3.710,278.969
2026-09-07T17:28:48.223900+00:00,348500.485,snapshot-settled-after-jianghu-on-continuous,84991,webcontent,0.0,3.810,279.125
2026-09-07T17:28:48.223907+00:00,348500.485,snapshot-settled-after-jianghu-on-continuous,84992,webcontent,0.0,3.780,278.844
2026-09-07T17:28:49.239523+00:00,348501.488,snapshot-settled-after-jianghu-on-continuous,84885,reader,56.6,39.420,815.094
2026-09-07T17:28:49.239680+00:00,348501.488,snapshot-settled-after-jianghu-on-continuous,84895,webcontent,0.0,3.980,278.312
2026-09-07T17:28:49.239690+00:00,348501.488,snapshot-settled-after-jianghu-on-continuous,84896,webcontent,0.0,3.890,278.297
2026-09-07T17:28:49.239716+00:00,348501.488,snapshot-settled-after-jianghu-on-continuous,84897,webcontent,0.0,3.960,278.438
2026-09-07T17:28:49.239720+00:00,348501.488,snapshot-settled-after-jianghu-on-continuous,84899,webcontent,0.0,3.850,278.547
2026-09-07T17:28:49.239724+00:00,348501.488,snapshot-settled-after-jianghu-on-continuous,84901,webkit_network,0.0,0.400,119.531
2026-09-07T17:28:49.239729+00:00,348501.488,snapshot-settled-after-jianghu-on-continuous,84988,webcontent,0.1,2.070,297.469
2026-09-07T17:28:49.239732+00:00,348501.488,snapshot-settled-after-jianghu-on-continuous,84989,webkit_gpu,0.0,0.480,160.016
2026-09-07T17:28:49.239735+00:00,348501.488,snapshot-settled-after-jianghu-on-continuous,84990,webcontent,0.0,3.710,278.969
2026-09-07T17:28:49.239738+00:00,348501.488,snapshot-settled-after-jianghu-on-continuous,84991,webcontent,0.0,3.810,279.125
2026-09-07T17:28:49.239742+00:00,348501.488,snapshot-settled-after-jianghu-on-continuous,84992,webcontent,0.0,3.780,278.844
2026-09-07T17:28:50.223727+00:00,348502.493,snapshot-settled-after-jianghu-on-continuous,84885,reader,118.3,40.740,819.578
2026-09-07T17:28:50.223769+00:00,348502.493,snapshot-settled-after-jianghu-on-continuous,84895,webcontent,0.0,3.980,278.281
2026-09-07T17:28:50.223774+00:00,348502.493,snapshot-settled-after-jianghu-on-continuous,84896,webcontent,0.0,3.890,278.266
2026-09-07T17:28:50.223777+00:00,348502.493,snapshot-settled-after-jianghu-on-continuous,84897,webcontent,0.0,3.960,278.406
2026-09-07T17:28:50.223779+00:00,348502.493,snapshot-settled-after-jianghu-on-continuous,84899,webcontent,0.0,3.850,278.516
2026-09-07T17:28:50.223782+00:00,348502.493,snapshot-settled-after-jianghu-on-continuous,84901,webkit_network,0.0,0.400,119.516
2026-09-07T17:28:50.223785+00:00,348502.493,snapshot-settled-after-jianghu-on-continuous,84988,webcontent,0.0,2.070,297.438
2026-09-07T17:28:50.223788+00:00,348502.493,snapshot-settled-after-jianghu-on-continuous,84989,webkit_gpu,0.0,0.480,160.000
2026-09-07T17:28:50.223791+00:00,348502.493,snapshot-settled-after-jianghu-on-continuous,84990,webcontent,0.0,3.710,278.938
2026-09-07T17:28:50.223793+00:00,348502.493,snapshot-settled-after-jianghu-on-continuous,84991,webcontent,0.0,3.810,279.094
2026-09-07T17:28:50.223796+00:00,348502.493,snapshot-settled-after-jianghu-on-continuous,84992,webcontent,0.0,3.780,278.812
2026-09-07T17:28:51.225911+00:00,348503.498,snapshot-settled-after-jianghu-on-continuous,84885,reader,94.9,41.750,835.031
2026-09-07T17:28:51.225956+00:00,348503.498,snapshot-settled-after-jianghu-on-continuous,84895,webcontent,0.0,3.980,278.281
2026-09-07T17:28:51.225961+00:00,348503.498,snapshot-settled-after-jianghu-on-continuous,84896,webcontent,0.0,3.890,278.266
2026-09-07T17:28:51.225964+00:00,348503.498,snapshot-settled-after-jianghu-on-continuous,84897,webcontent,0.0,3.960,278.406
2026-09-07T17:28:51.225967+00:00,348503.498,snapshot-settled-after-jianghu-on-continuous,84899,webcontent,0.0,3.850,278.516
2026-09-07T17:28:51.225970+00:00,348503.498,snapshot-settled-after-jianghu-on-continuous,84901,webkit_network,0.0,0.400,119.516
2026-09-07T17:28:51.225974+00:00,348503.498,snapshot-settled-after-jianghu-on-continuous,84988,webcontent,0.0,2.070,297.438
2026-09-07T17:28:51.225977+00:00,348503.498,snapshot-settled-after-jianghu-on-continuous,84989,webkit_gpu,0.0,0.480,159.891
2026-09-07T17:28:51.225980+00:00,348503.498,snapshot-settled-after-jianghu-on-continuous,84990,webcontent,0.0,3.710,278.938
2026-09-07T17:28:51.225982+00:00,348503.498,snapshot-settled-after-jianghu-on-continuous,84991,webcontent,0.0,3.810,279.094
2026-09-07T17:28:51.225985+00:00,348503.498,snapshot-settled-after-jianghu-on-continuous,84992,webcontent,0.0,3.780,278.812
2026-09-07T17:28:52.259310+00:00,348504.504,snapshot-settled-after-jianghu-on-continuous,84885,reader,5.5,41.860,850.531
2026-09-07T17:28:52.259371+00:00,348504.504,snapshot-settled-after-jianghu-on-continuous,84895,webcontent,0.0,3.980,278.281
2026-09-07T17:28:52.259378+00:00,348504.504,snapshot-settled-after-jianghu-on-continuous,84896,webcontent,0.0,3.890,278.266
2026-09-07T17:28:52.259382+00:00,348504.504,snapshot-settled-after-jianghu-on-continuous,84897,webcontent,0.0,3.960,278.406
2026-09-07T17:28:52.259385+00:00,348504.504,snapshot-settled-after-jianghu-on-continuous,84899,webcontent,0.0,3.850,278.516
2026-09-07T17:28:52.259388+00:00,348504.504,snapshot-settled-after-jianghu-on-continuous,84901,webkit_network,0.0,0.400,119.516
2026-09-07T17:28:52.259392+00:00,348504.504,snapshot-settled-after-jianghu-on-continuous,84988,webcontent,0.0,2.070,297.438
2026-09-07T17:28:52.259396+00:00,348504.504,snapshot-settled-after-jianghu-on-continuous,84989,webkit_gpu,0.0,0.480,159.891
2026-09-07T17:28:52.259399+00:00,348504.504,snapshot-settled-after-jianghu-on-continuous,84990,webcontent,0.0,3.710,278.938
2026-09-07T17:28:52.259402+00:00,348504.504,snapshot-settled-after-jianghu-on-continuous,84991,webcontent,0.0,3.810,279.094
2026-09-07T17:28:52.259405+00:00,348504.504,snapshot-settled-after-jianghu-on-continuous,84992,webcontent,0.0,3.780,278.812
2026-09-07T17:28:53.255938+00:00,348505.509,snapshot-settled-after-jianghu-on-continuous,84885,reader,22.2,42.250,850.750
2026-09-07T17:28:53.256002+00:00,348505.509,snapshot-settled-after-jianghu-on-continuous,84895,webcontent,0.0,3.980,278.281
2026-09-07T17:28:53.256009+00:00,348505.509,snapshot-settled-after-jianghu-on-continuous,84896,webcontent,0.0,3.890,278.266
2026-09-07T17:28:53.256013+00:00,348505.509,snapshot-settled-after-jianghu-on-continuous,84897,webcontent,0.0,3.960,278.406
2026-09-07T17:28:53.256016+00:00,348505.509,snapshot-settled-after-jianghu-on-continuous,84899,webcontent,0.0,3.850,278.516
2026-09-07T17:28:53.256020+00:00,348505.509,snapshot-settled-after-jianghu-on-continuous,84901,webkit_network,0.0,0.400,119.516
2026-09-07T17:28:53.256023+00:00,348505.509,snapshot-settled-after-jianghu-on-continuous,84988,webcontent,0.0,2.070,297.438
2026-09-07T17:28:53.256027+00:00,348505.509,snapshot-settled-after-jianghu-on-continuous,84989,webkit_gpu,0.0,0.480,159.891
2026-09-07T17:28:53.256030+00:00,348505.509,snapshot-settled-after-jianghu-on-continuous,84990,webcontent,0.0,3.710,278.938
2026-09-07T17:28:53.256033+00:00,348505.509,snapshot-settled-after-jianghu-on-continuous,84991,webcontent,0.0,3.810,279.094
2026-09-07T17:28:53.256036+00:00,348505.509,snapshot-settled-after-jianghu-on-continuous,84992,webcontent,0.0,3.780,278.812
2026-09-07T17:28:54.241313+00:00,348506.515,snapshot-settled-after-jianghu-on-continuous,84885,reader,40.5,42.570,836.203
2026-09-07T17:28:54.241360+00:00,348506.515,snapshot-settled-after-jianghu-on-continuous,84895,webcontent,0.0,3.980,278.281
2026-09-07T17:28:54.241365+00:00,348506.515,snapshot-settled-after-jianghu-on-continuous,84896,webcontent,0.0,3.890,278.266
2026-09-07T17:28:54.241368+00:00,348506.515,snapshot-settled-after-jianghu-on-continuous,84897,webcontent,0.0,3.960,278.406
2026-09-07T17:28:54.241372+00:00,348506.515,snapshot-settled-after-jianghu-on-continuous,84899,webcontent,0.0,3.850,278.516
2026-09-07T17:28:54.241375+00:00,348506.515,snapshot-settled-after-jianghu-on-continuous,84901,webkit_network,0.0,0.400,119.516
2026-09-07T17:28:54.241378+00:00,348506.515,snapshot-settled-after-jianghu-on-continuous,84988,webcontent,0.0,2.070,297.391
2026-09-07T17:28:54.241381+00:00,348506.515,snapshot-settled-after-jianghu-on-continuous,84989,webkit_gpu,0.0,0.480,159.875
2026-09-07T17:28:54.241383+00:00,348506.515,snapshot-settled-after-jianghu-on-continuous,84990,webcontent,0.0,3.710,278.938
2026-09-07T17:28:54.241386+00:00,348506.515,snapshot-settled-after-jianghu-on-continuous,84991,webcontent,0.0,3.810,279.094
2026-09-07T17:28:54.241389+00:00,348506.515,snapshot-settled-after-jianghu-on-continuous,84992,webcontent,0.0,3.780,278.812
2026-09-07T17:28:55.269938+00:00,348507.520,snapshot-settled-after-jianghu-on-continuous,84885,reader,3.9,42.670,851.641
2026-09-07T17:28:55.270013+00:00,348507.520,snapshot-settled-after-jianghu-on-continuous,84895,webcontent,0.0,3.980,278.281
2026-09-07T17:28:55.270040+00:00,348507.520,snapshot-settled-after-jianghu-on-continuous,84896,webcontent,0.0,3.890,278.266
2026-09-07T17:28:55.270049+00:00,348507.520,snapshot-settled-after-jianghu-on-continuous,84897,webcontent,0.0,3.960,278.406
2026-09-07T17:28:55.270053+00:00,348507.520,snapshot-settled-after-jianghu-on-continuous,84899,webcontent,0.0,3.850,278.516
2026-09-07T17:28:55.270059+00:00,348507.520,snapshot-settled-after-jianghu-on-continuous,84901,webkit_network,0.0,0.400,119.516
2026-09-07T17:28:55.270063+00:00,348507.520,snapshot-settled-after-jianghu-on-continuous,84988,webcontent,0.0,2.070,297.391
2026-09-07T17:28:55.270066+00:00,348507.520,snapshot-settled-after-jianghu-on-continuous,84989,webkit_gpu,0.0,0.480,159.875
2026-09-07T17:28:55.270069+00:00,348507.520,snapshot-settled-after-jianghu-on-continuous,84990,webcontent,0.0,3.710,278.938
2026-09-07T17:28:55.270074+00:00,348507.520,snapshot-settled-after-jianghu-on-continuous,84991,webcontent,0.0,3.810,279.094
2026-09-07T17:28:55.270078+00:00,348507.520,snapshot-settled-after-jianghu-on-continuous,84992,webcontent,0.0,3.780,278.812
2026-09-07T17:28:56.267276+00:00,348508.525,snapshot-settled-after-jianghu-on-continuous,84885,reader,24.7,43.030,853.828
2026-09-07T17:28:56.267327+00:00,348508.525,snapshot-settled-after-jianghu-on-continuous,84895,webcontent,0.0,3.980,278.281
2026-09-07T17:28:56.267332+00:00,348508.525,snapshot-settled-after-jianghu-on-continuous,84896,webcontent,0.0,3.890,278.266
2026-09-07T17:28:56.267336+00:00,348508.525,snapshot-settled-after-jianghu-on-continuous,84897,webcontent,0.0,3.960,278.406
2026-09-07T17:28:56.267339+00:00,348508.525,snapshot-settled-after-jianghu-on-continuous,84899,webcontent,0.0,3.850,278.516
2026-09-07T17:28:56.267343+00:00,348508.525,snapshot-settled-after-jianghu-on-continuous,84901,webkit_network,0.0,0.400,119.516
2026-09-07T17:28:56.267347+00:00,348508.525,snapshot-settled-after-jianghu-on-continuous,84988,webcontent,0.0,2.070,297.391
2026-09-07T17:28:56.267350+00:00,348508.525,snapshot-settled-after-jianghu-on-continuous,84989,webkit_gpu,0.0,0.480,159.875
2026-09-07T17:28:56.267353+00:00,348508.525,snapshot-settled-after-jianghu-on-continuous,84990,webcontent,0.0,3.710,278.938
2026-09-07T17:28:56.267356+00:00,348508.525,snapshot-settled-after-jianghu-on-continuous,84991,webcontent,0.0,3.810,279.094
2026-09-07T17:28:56.267359+00:00,348508.525,snapshot-settled-after-jianghu-on-continuous,84992,webcontent,0.0,3.780,278.812
2026-09-07T17:28:57.281378+00:00,348509.530,snapshot-settled-after-jianghu-on-continuous,84885,reader,72.6,43.360,867.547
2026-09-07T17:28:57.281440+00:00,348509.530,snapshot-settled-after-jianghu-on-continuous,84895,webcontent,0.0,3.980,278.281
2026-09-07T17:28:57.281447+00:00,348509.530,snapshot-settled-after-jianghu-on-continuous,84896,webcontent,0.0,3.890,278.266
2026-09-07T17:28:57.281451+00:00,348509.530,snapshot-settled-after-jianghu-on-continuous,84897,webcontent,0.0,3.960,278.406
2026-09-07T17:28:57.281455+00:00,348509.530,snapshot-settled-after-jianghu-on-continuous,84899,webcontent,0.0,3.850,278.516
2026-09-07T17:28:57.281458+00:00,348509.530,snapshot-settled-after-jianghu-on-continuous,84901,webkit_network,0.0,0.400,119.516
2026-09-07T17:28:57.281462+00:00,348509.530,snapshot-settled-after-jianghu-on-continuous,84988,webcontent,0.0,2.070,297.391
2026-09-07T17:28:57.281465+00:00,348509.530,snapshot-settled-after-jianghu-on-continuous,84989,webkit_gpu,0.0,0.480,159.875
2026-09-07T17:28:57.281468+00:00,348509.530,snapshot-settled-after-jianghu-on-continuous,84990,webcontent,0.0,3.710,278.938
2026-09-07T17:28:57.281472+00:00,348509.530,snapshot-settled-after-jianghu-on-continuous,84991,webcontent,0.0,3.810,279.094
2026-09-07T17:28:57.281475+00:00,348509.530,snapshot-settled-after-jianghu-on-continuous,84992,webcontent,0.0,3.780,278.812
2026-09-07T17:28:58.296818+00:00,348510.536,snapshot-settled-after-jianghu-on-continuous,84885,reader,9.2,43.500,853.016
2026-09-07T17:28:58.296944+00:00,348510.536,snapshot-settled-after-jianghu-on-continuous,84895,webcontent,0.0,3.980,278.281
2026-09-07T17:28:58.296949+00:00,348510.536,snapshot-settled-after-jianghu-on-continuous,84896,webcontent,0.0,3.890,278.266
2026-09-07T17:28:58.296953+00:00,348510.536,snapshot-settled-after-jianghu-on-continuous,84897,webcontent,0.0,3.960,278.406
2026-09-07T17:28:58.296956+00:00,348510.536,snapshot-settled-after-jianghu-on-continuous,84899,webcontent,0.0,3.850,278.516
2026-09-07T17:28:58.296967+00:00,348510.536,snapshot-settled-after-jianghu-on-continuous,84901,webkit_network,0.0,0.400,119.516
2026-09-07T17:28:58.296971+00:00,348510.536,snapshot-settled-after-jianghu-on-continuous,84988,webcontent,0.0,2.070,297.391
2026-09-07T17:28:58.296974+00:00,348510.536,snapshot-settled-after-jianghu-on-continuous,84989,webkit_gpu,0.0,0.480,159.875
2026-09-07T17:28:58.296977+00:00,348510.536,snapshot-settled-after-jianghu-on-continuous,84990,webcontent,0.0,3.710,278.938
2026-09-07T17:28:58.296980+00:00,348510.536,snapshot-settled-after-jianghu-on-continuous,84991,webcontent,0.0,3.810,279.094
2026-09-07T17:28:58.296983+00:00,348510.536,snapshot-settled-after-jianghu-on-continuous,84992,webcontent,0.0,3.780,278.812
2026-09-07T17:28:59.292934+00:00,348511.541,snapshot-settled-after-jianghu-on-continuous,84885,reader,39.6,43.860,852.984
2026-09-07T17:28:59.293011+00:00,348511.541,snapshot-settled-after-jianghu-on-continuous,84895,webcontent,0.0,3.980,278.281
2026-09-07T17:28:59.293019+00:00,348511.541,snapshot-settled-after-jianghu-on-continuous,84896,webcontent,0.0,3.890,278.266
2026-09-07T17:28:59.293023+00:00,348511.541,snapshot-settled-after-jianghu-on-continuous,84897,webcontent,0.0,3.960,278.406
2026-09-07T17:28:59.293027+00:00,348511.541,snapshot-settled-after-jianghu-on-continuous,84899,webcontent,0.0,3.850,278.516
2026-09-07T17:28:59.293031+00:00,348511.541,snapshot-settled-after-jianghu-on-continuous,84901,webkit_network,0.0,0.400,119.516
2026-09-07T17:28:59.293035+00:00,348511.541,snapshot-settled-after-jianghu-on-continuous,84988,webcontent,0.0,2.070,297.281
2026-09-07T17:28:59.293039+00:00,348511.541,snapshot-settled-after-jianghu-on-continuous,84989,webkit_gpu,0.0,0.480,159.875
2026-09-07T17:28:59.293042+00:00,348511.541,snapshot-settled-after-jianghu-on-continuous,84990,webcontent,0.0,3.710,278.938
2026-09-07T17:28:59.293046+00:00,348511.541,snapshot-settled-after-jianghu-on-continuous,84991,webcontent,0.0,3.810,279.094
2026-09-07T17:28:59.293049+00:00,348511.541,snapshot-settled-after-jianghu-on-continuous,84992,webcontent,0.0,3.780,278.812
2026-09-07T17:29:00.289997+00:00,348512.542,snapshot-settled-after-jianghu-on-continuous,84885,reader,33.4,44.100,842.688
2026-09-07T17:29:00.290067+00:00,348512.542,snapshot-settled-after-jianghu-on-continuous,84895,webcontent,0.0,3.980,278.281
2026-09-07T17:29:00.290072+00:00,348512.542,snapshot-settled-after-jianghu-on-continuous,84896,webcontent,0.0,3.890,278.266
2026-09-07T17:29:00.290075+00:00,348512.542,snapshot-settled-after-jianghu-on-continuous,84897,webcontent,0.0,3.960,278.406
2026-09-07T17:29:00.290078+00:00,348512.542,snapshot-settled-after-jianghu-on-continuous,84899,webcontent,0.0,3.850,278.516
2026-09-07T17:29:00.290080+00:00,348512.542,snapshot-settled-after-jianghu-on-continuous,84901,webkit_network,0.0,0.400,119.500
2026-09-07T17:29:00.290084+00:00,348512.542,snapshot-settled-after-jianghu-on-continuous,84988,webcontent,0.0,2.070,297.281
2026-09-07T17:29:00.290086+00:00,348512.542,snapshot-settled-after-jianghu-on-continuous,84989,webkit_gpu,0.0,0.480,159.875
2026-09-07T17:29:00.290089+00:00,348512.542,snapshot-settled-after-jianghu-on-continuous,84990,webcontent,0.0,3.710,278.938
2026-09-07T17:29:00.290092+00:00,348512.542,snapshot-settled-after-jianghu-on-continuous,84991,webcontent,0.0,3.810,279.094
2026-09-07T17:29:00.290094+00:00,348512.542,snapshot-settled-after-jianghu-on-continuous,84992,webcontent,0.0,3.780,278.812
2026-09-07T17:29:01.293851+00:00,348513.547,snapshot-settled-after-jianghu-on-continuous,84885,reader,119.6,44.950,853.156
2026-09-07T17:29:01.293907+00:00,348513.547,snapshot-settled-after-jianghu-on-continuous,84895,webcontent,0.0,3.980,278.281
2026-09-07T17:29:01.293913+00:00,348513.547,snapshot-settled-after-jianghu-on-continuous,84896,webcontent,0.0,3.890,278.266
2026-09-07T17:29:01.293917+00:00,348513.547,snapshot-settled-after-jianghu-on-continuous,84897,webcontent,0.0,3.960,278.406
2026-09-07T17:29:01.293921+00:00,348513.547,snapshot-settled-after-jianghu-on-continuous,84899,webcontent,0.0,3.850,278.516
2026-09-07T17:29:01.293925+00:00,348513.547,snapshot-settled-after-jianghu-on-continuous,84901,webkit_network,0.1,0.410,119.547
2026-09-07T17:29:01.293929+00:00,348513.547,snapshot-settled-after-jianghu-on-continuous,84988,webcontent,1.9,2.080,297.375
2026-09-07T17:29:01.293933+00:00,348513.547,snapshot-settled-after-jianghu-on-continuous,84989,webkit_gpu,0.3,0.480,159.938
2026-09-07T17:29:01.293937+00:00,348513.547,snapshot-settled-after-jianghu-on-continuous,84990,webcontent,0.0,3.710,278.938
2026-09-07T17:29:01.293940+00:00,348513.547,snapshot-settled-after-jianghu-on-continuous,84991,webcontent,0.0,3.810,279.094
2026-09-07T17:29:01.293943+00:00,348513.547,snapshot-settled-after-jianghu-on-continuous,84992,webcontent,0.0,3.780,278.812
2026-09-07T17:29:02.286076+00:00,348514.552,snapshot-settled-after-jianghu-on-continuous,84885,reader,40.6,45.620,846.141
2026-09-07T17:29:02.286127+00:00,348514.552,snapshot-settled-after-jianghu-on-continuous,84895,webcontent,0.0,3.980,278.281
2026-09-07T17:29:02.286132+00:00,348514.552,snapshot-settled-after-jianghu-on-continuous,84896,webcontent,0.0,3.890,278.266
2026-09-07T17:29:02.286136+00:00,348514.552,snapshot-settled-after-jianghu-on-continuous,84897,webcontent,0.0,3.960,278.406
2026-09-07T17:29:02.286140+00:00,348514.552,snapshot-settled-after-jianghu-on-continuous,84899,webcontent,0.0,3.850,278.516
2026-09-07T17:29:02.286144+00:00,348514.552,snapshot-settled-after-jianghu-on-continuous,84901,webkit_network,0.0,0.410,119.547
2026-09-07T17:29:02.286148+00:00,348514.552,snapshot-settled-after-jianghu-on-continuous,84988,webcontent,0.2,2.090,297.453
2026-09-07T17:29:02.286151+00:00,348514.552,snapshot-settled-after-jianghu-on-continuous,84989,webkit_gpu,0.1,0.510,160.625
2026-09-07T17:29:02.286154+00:00,348514.552,snapshot-settled-after-jianghu-on-continuous,84990,webcontent,0.0,3.710,278.938
2026-09-07T17:29:02.286157+00:00,348514.552,snapshot-settled-after-jianghu-on-continuous,84991,webcontent,0.0,3.810,279.094
2026-09-07T17:29:02.286159+00:00,348514.552,snapshot-settled-after-jianghu-on-continuous,84992,webcontent,0.0,3.780,278.812
2026-09-07T17:29:03.297687+00:00,348515.557,snapshot-settled-after-jianghu-on-continuous,84885,reader,20.5,45.850,831.906
2026-09-07T17:29:03.297749+00:00,348515.557,snapshot-settled-after-jianghu-on-continuous,84895,webcontent,0.0,3.980,278.281
2026-09-07T17:29:03.297754+00:00,348515.557,snapshot-settled-after-jianghu-on-continuous,84896,webcontent,0.0,3.890,278.266
2026-09-07T17:29:03.297758+00:00,348515.557,snapshot-settled-after-jianghu-on-continuous,84897,webcontent,0.0,3.960,278.406
2026-09-07T17:29:03.297761+00:00,348515.557,snapshot-settled-after-jianghu-on-continuous,84899,webcontent,0.0,3.850,278.516
2026-09-07T17:29:03.297763+00:00,348515.557,snapshot-settled-after-jianghu-on-continuous,84901,webkit_network,0.0,0.410,119.547
2026-09-07T17:29:03.297766+00:00,348515.557,snapshot-settled-after-jianghu-on-continuous,84988,webcontent,0.0,2.100,297.453
2026-09-07T17:29:03.297769+00:00,348515.557,snapshot-settled-after-jianghu-on-continuous,84989,webkit_gpu,0.0,0.510,160.625
2026-09-07T17:29:03.297771+00:00,348515.557,snapshot-settled-after-jianghu-on-continuous,84990,webcontent,0.0,3.710,278.938
2026-09-07T17:29:03.297774+00:00,348515.557,snapshot-settled-after-jianghu-on-continuous,84991,webcontent,0.0,3.810,279.094
2026-09-07T17:29:03.297777+00:00,348515.557,snapshot-settled-after-jianghu-on-continuous,84992,webcontent,0.0,3.780,278.812
2026-09-07T17:29:04.309291+00:00,348516.563,snapshot-settled-after-jianghu-on-continuous,84885,reader,19.3,46.200,862.125
2026-09-07T17:29:04.309355+00:00,348516.563,snapshot-settled-after-jianghu-on-continuous,84895,webcontent,0.0,3.980,278.281
2026-09-07T17:29:04.309360+00:00,348516.563,snapshot-settled-after-jianghu-on-continuous,84896,webcontent,0.0,3.890,278.266
2026-09-07T17:29:04.309364+00:00,348516.563,snapshot-settled-after-jianghu-on-continuous,84897,webcontent,0.0,3.960,278.406
2026-09-07T17:29:04.309367+00:00,348516.563,snapshot-settled-after-jianghu-on-continuous,84899,webcontent,0.0,3.850,278.516
2026-09-07T17:29:04.309371+00:00,348516.563,snapshot-settled-after-jianghu-on-continuous,84901,webkit_network,0.0,0.410,119.547
2026-09-07T17:29:04.309375+00:00,348516.563,snapshot-settled-after-jianghu-on-continuous,84988,webcontent,0.0,2.100,297.453
2026-09-07T17:29:04.309378+00:00,348516.563,snapshot-settled-after-jianghu-on-continuous,84989,webkit_gpu,0.0,0.510,160.625
2026-09-07T17:29:04.309381+00:00,348516.563,snapshot-settled-after-jianghu-on-continuous,84990,webcontent,0.0,3.710,278.938
2026-09-07T17:29:04.309384+00:00,348516.563,snapshot-settled-after-jianghu-on-continuous,84991,webcontent,0.0,3.810,279.094
2026-09-07T17:29:04.309387+00:00,348516.563,snapshot-settled-after-jianghu-on-continuous,84992,webcontent,0.0,3.780,278.812
2026-09-07T17:29:05.308702+00:00,348517.568,snapshot-settled-after-jianghu-on-continuous,84885,reader,37.3,46.490,846.953
2026-09-07T17:29:05.308742+00:00,348517.568,snapshot-settled-after-jianghu-on-continuous,84895,webcontent,0.0,3.980,278.281
2026-09-07T17:29:05.308750+00:00,348517.568,snapshot-settled-after-jianghu-on-continuous,84896,webcontent,0.0,3.890,278.266
2026-09-07T17:29:05.308753+00:00,348517.568,snapshot-settled-after-jianghu-on-continuous,84897,webcontent,0.0,3.960,278.406
2026-09-07T17:29:05.308757+00:00,348517.568,snapshot-settled-after-jianghu-on-continuous,84899,webcontent,0.0,3.850,278.516
2026-09-07T17:29:05.308760+00:00,348517.568,snapshot-settled-after-jianghu-on-continuous,84901,webkit_network,0.0,0.410,119.547
2026-09-07T17:29:05.308764+00:00,348517.568,snapshot-settled-after-jianghu-on-continuous,84988,webcontent,0.0,2.100,297.547
2026-09-07T17:29:05.308767+00:00,348517.568,snapshot-settled-after-jianghu-on-continuous,84989,webkit_gpu,0.0,0.510,160.625
2026-09-07T17:29:05.308770+00:00,348517.568,snapshot-settled-after-jianghu-on-continuous,84990,webcontent,0.0,3.710,278.938
2026-09-07T17:29:05.308773+00:00,348517.568,snapshot-settled-after-jianghu-on-continuous,84991,webcontent,0.0,3.810,279.094
2026-09-07T17:29:05.308776+00:00,348517.568,snapshot-settled-after-jianghu-on-continuous,84992,webcontent,0.0,3.780,278.812
2026-09-07T17:29:06.306279+00:00,348518.572,snapshot-settled-after-jianghu-on-continuous,84885,reader,93.9,47.300,862.828
2026-09-07T17:29:06.306321+00:00,348518.572,snapshot-settled-after-jianghu-on-continuous,84895,webcontent,0.0,3.980,278.281
2026-09-07T17:29:06.306326+00:00,348518.572,snapshot-settled-after-jianghu-on-continuous,84896,webcontent,0.0,3.890,278.266
2026-09-07T17:29:06.306329+00:00,348518.572,snapshot-settled-after-jianghu-on-continuous,84897,webcontent,0.0,3.960,278.406
2026-09-07T17:29:06.306332+00:00,348518.572,snapshot-settled-after-jianghu-on-continuous,84899,webcontent,0.0,3.850,278.516
2026-09-07T17:29:06.306335+00:00,348518.572,snapshot-settled-after-jianghu-on-continuous,84901,webkit_network,0.0,0.410,119.547
2026-09-07T17:29:06.306338+00:00,348518.572,snapshot-settled-after-jianghu-on-continuous,84988,webcontent,0.0,2.100,297.547
2026-09-07T17:29:06.306340+00:00,348518.572,snapshot-settled-after-jianghu-on-continuous,84989,webkit_gpu,0.0,0.510,160.594
2026-09-07T17:29:06.306343+00:00,348518.572,snapshot-settled-after-jianghu-on-continuous,84990,webcontent,0.0,3.710,278.938
2026-09-07T17:29:06.306346+00:00,348518.572,snapshot-settled-after-jianghu-on-continuous,84991,webcontent,0.0,3.810,279.094
2026-09-07T17:29:06.306348+00:00,348518.572,snapshot-settled-after-jianghu-on-continuous,84992,webcontent,0.0,3.780,278.812
2026-09-07T17:29:07.340707+00:00,348519.577,snapshot-settled-after-jianghu-on-continuous,84885,reader,53.9,48.260,863.266
2026-09-07T17:29:07.340800+00:00,348519.577,snapshot-settled-after-jianghu-on-continuous,84895,webcontent,0.0,3.980,278.281
2026-09-07T17:29:07.340807+00:00,348519.577,snapshot-settled-after-jianghu-on-continuous,84896,webcontent,0.0,3.890,278.266
2026-09-07T17:29:07.340811+00:00,348519.577,snapshot-settled-after-jianghu-on-continuous,84897,webcontent,0.0,3.960,278.406
2026-09-07T17:29:07.340814+00:00,348519.577,snapshot-settled-after-jianghu-on-continuous,84899,webcontent,0.0,3.850,278.516
2026-09-07T17:29:07.340818+00:00,348519.577,snapshot-settled-after-jianghu-on-continuous,84901,webkit_network,0.0,0.410,119.547
2026-09-07T17:29:07.340821+00:00,348519.577,snapshot-settled-after-jianghu-on-continuous,84988,webcontent,0.0,2.100,297.547
2026-09-07T17:29:07.340825+00:00,348519.577,snapshot-settled-after-jianghu-on-continuous,84989,webkit_gpu,0.0,0.510,160.516
2026-09-07T17:29:07.340828+00:00,348519.577,snapshot-settled-after-jianghu-on-continuous,84990,webcontent,0.0,3.710,278.938
2026-09-07T17:29:07.340831+00:00,348519.577,snapshot-settled-after-jianghu-on-continuous,84991,webcontent,0.0,3.810,279.094
2026-09-07T17:29:07.340834+00:00,348519.577,snapshot-settled-after-jianghu-on-continuous,84992,webcontent,0.0,3.780,278.812
2026-09-07T17:29:08.312227+00:00,348520.582,snapshot-settled-after-jianghu-on-continuous,84885,reader,54.0,48.570,848.469
2026-09-07T17:29:08.312321+00:00,348520.582,snapshot-settled-after-jianghu-on-continuous,84895,webcontent,0.0,3.980,278.281
2026-09-07T17:29:08.312326+00:00,348520.582,snapshot-settled-after-jianghu-on-continuous,84896,webcontent,0.0,3.890,278.266
2026-09-07T17:29:08.312329+00:00,348520.582,snapshot-settled-after-jianghu-on-continuous,84897,webcontent,0.0,3.960,278.406
2026-09-07T17:29:08.312332+00:00,348520.582,snapshot-settled-after-jianghu-on-continuous,84899,webcontent,0.0,3.850,278.516
2026-09-07T17:29:08.312335+00:00,348520.582,snapshot-settled-after-jianghu-on-continuous,84901,webkit_network,0.0,0.410,119.547
2026-09-07T17:29:08.312338+00:00,348520.582,snapshot-settled-after-jianghu-on-continuous,84988,webcontent,0.0,2.100,297.453
2026-09-07T17:29:08.312340+00:00,348520.582,snapshot-settled-after-jianghu-on-continuous,84989,webkit_gpu,0.0,0.510,160.516
2026-09-07T17:29:08.312343+00:00,348520.582,snapshot-settled-after-jianghu-on-continuous,84990,webcontent,0.0,3.710,278.938
2026-09-07T17:29:08.312346+00:00,348520.582,snapshot-settled-after-jianghu-on-continuous,84991,webcontent,0.0,3.810,279.094
2026-09-07T17:29:08.312348+00:00,348520.582,snapshot-settled-after-jianghu-on-continuous,84992,webcontent,0.0,3.780,278.812
2026-09-07T17:29:09.351228+00:00,348521.588,snapshot-settled-after-jianghu-on-continuous,84885,reader,10.0,48.710,863.984
2026-09-07T17:29:09.351295+00:00,348521.588,snapshot-settled-after-jianghu-on-continuous,84895,webcontent,0.0,3.980,278.281
2026-09-07T17:29:09.351300+00:00,348521.588,snapshot-settled-after-jianghu-on-continuous,84896,webcontent,0.0,3.890,278.266
2026-09-07T17:29:09.351305+00:00,348521.588,snapshot-settled-after-jianghu-on-continuous,84897,webcontent,0.0,3.960,278.406
2026-09-07T17:29:09.351310+00:00,348521.588,snapshot-settled-after-jianghu-on-continuous,84899,webcontent,0.0,3.850,278.516
2026-09-07T17:29:09.351313+00:00,348521.588,snapshot-settled-after-jianghu-on-continuous,84901,webkit_network,0.0,0.410,119.547
2026-09-07T17:29:09.351317+00:00,348521.588,snapshot-settled-after-jianghu-on-continuous,84988,webcontent,0.0,2.100,297.453
2026-09-07T17:29:09.351320+00:00,348521.588,snapshot-settled-after-jianghu-on-continuous,84989,webkit_gpu,0.0,0.510,160.516
2026-09-07T17:29:09.351323+00:00,348521.588,snapshot-settled-after-jianghu-on-continuous,84990,webcontent,0.0,3.710,278.938
2026-09-07T17:29:09.351327+00:00,348521.588,snapshot-settled-after-jianghu-on-continuous,84991,webcontent,0.0,3.810,279.094
2026-09-07T17:29:09.351330+00:00,348521.588,snapshot-settled-after-jianghu-on-continuous,84992,webcontent,0.0,3.780,278.812
2026-09-07T17:29:10.356457+00:00,348522.593,snapshot-settled-after-jianghu-on-continuous,84885,reader,42.3,49.120,864.531
2026-09-07T17:29:10.356531+00:00,348522.593,snapshot-settled-after-jianghu-on-continuous,84895,webcontent,0.0,3.980,278.281
2026-09-07T17:29:10.356536+00:00,348522.593,snapshot-settled-after-jianghu-on-continuous,84896,webcontent,0.0,3.890,278.266
2026-09-07T17:29:10.356540+00:00,348522.593,snapshot-settled-after-jianghu-on-continuous,84897,webcontent,0.0,3.960,278.406
2026-09-07T17:29:10.356543+00:00,348522.593,snapshot-settled-after-jianghu-on-continuous,84899,webcontent,0.0,3.850,278.516
2026-09-07T17:29:10.356546+00:00,348522.593,snapshot-settled-after-jianghu-on-continuous,84901,webkit_network,0.0,0.410,119.547
2026-09-07T17:29:10.356550+00:00,348522.593,snapshot-settled-after-jianghu-on-continuous,84988,webcontent,0.0,2.100,297.453
2026-09-07T17:29:10.356553+00:00,348522.593,snapshot-settled-after-jianghu-on-continuous,84989,webkit_gpu,0.0,0.510,160.500
2026-09-07T17:29:10.356556+00:00,348522.593,snapshot-settled-after-jianghu-on-continuous,84990,webcontent,0.0,3.710,278.938
2026-09-07T17:29:10.356560+00:00,348522.593,snapshot-settled-after-jianghu-on-continuous,84991,webcontent,0.0,3.810,279.094
2026-09-07T17:29:10.356562+00:00,348522.593,snapshot-settled-after-jianghu-on-continuous,84992,webcontent,0.0,3.780,278.812
2026-09-07T17:29:11.349952+00:00,348523.598,snapshot-settled-after-jianghu-on-continuous,84885,reader,66.3,49.460,879.141
2026-09-07T17:29:11.350091+00:00,348523.598,snapshot-settled-after-jianghu-on-continuous,84895,webcontent,0.0,3.980,278.281
2026-09-07T17:29:11.350110+00:00,348523.598,snapshot-settled-after-jianghu-on-continuous,84896,webcontent,0.0,3.890,278.266
2026-09-07T17:29:11.350116+00:00,348523.598,snapshot-settled-after-jianghu-on-continuous,84897,webcontent,0.0,3.960,278.406
2026-09-07T17:29:11.350120+00:00,348523.598,snapshot-settled-after-jianghu-on-continuous,84899,webcontent,0.0,3.850,278.516
2026-09-07T17:29:11.350126+00:00,348523.598,snapshot-settled-after-jianghu-on-continuous,84901,webkit_network,0.0,0.410,119.547
2026-09-07T17:29:11.350131+00:00,348523.598,snapshot-settled-after-jianghu-on-continuous,84988,webcontent,0.0,2.100,297.453
2026-09-07T17:29:11.350134+00:00,348523.598,snapshot-settled-after-jianghu-on-continuous,84989,webkit_gpu,0.0,0.510,160.500
2026-09-07T17:29:11.350137+00:00,348523.598,snapshot-settled-after-jianghu-on-continuous,84990,webcontent,0.0,3.710,278.938
2026-09-07T17:29:11.350141+00:00,348523.598,snapshot-settled-after-jianghu-on-continuous,84991,webcontent,0.0,3.810,279.094
2026-09-07T17:29:11.350144+00:00,348523.598,snapshot-settled-after-jianghu-on-continuous,84992,webcontent,0.0,3.780,278.812
2026-09-07T17:29:12.357878+00:00,348524.604,snapshot-settled-after-jianghu-on-continuous,84885,reader,8.8,49.590,864.609
2026-09-07T17:29:12.357949+00:00,348524.604,snapshot-settled-after-jianghu-on-continuous,84895,webcontent,0.0,3.980,278.281
2026-09-07T17:29:12.357954+00:00,348524.604,snapshot-settled-after-jianghu-on-continuous,84896,webcontent,0.0,3.890,278.266
2026-09-07T17:29:12.357960+00:00,348524.604,snapshot-settled-after-jianghu-on-continuous,84897,webcontent,0.0,3.960,278.406
2026-09-07T17:29:12.357963+00:00,348524.604,snapshot-settled-after-jianghu-on-continuous,84899,webcontent,0.0,3.850,278.516
2026-09-07T17:29:12.357967+00:00,348524.604,snapshot-settled-after-jianghu-on-continuous,84901,webkit_network,0.0,0.410,119.547
2026-09-07T17:29:12.357971+00:00,348524.604,snapshot-settled-after-jianghu-on-continuous,84988,webcontent,0.0,2.100,297.453
2026-09-07T17:29:12.357974+00:00,348524.604,snapshot-settled-after-jianghu-on-continuous,84989,webkit_gpu,0.0,0.510,160.500
2026-09-07T17:29:12.357978+00:00,348524.604,snapshot-settled-after-jianghu-on-continuous,84990,webcontent,0.0,3.710,278.938
2026-09-07T17:29:12.357981+00:00,348524.604,snapshot-settled-after-jianghu-on-continuous,84991,webcontent,0.0,3.810,279.094
2026-09-07T17:29:12.357984+00:00,348524.604,snapshot-settled-after-jianghu-on-continuous,84992,webcontent,0.0,3.780,278.812
2026-09-07T17:29:13.352996+00:00,348525.609,snapshot-settled-after-jianghu-on-continuous,84885,reader,26.4,49.940,864.422
2026-09-07T17:29:13.353055+00:00,348525.609,snapshot-settled-after-jianghu-on-continuous,84895,webcontent,0.0,3.980,278.281
2026-09-07T17:29:13.353068+00:00,348525.609,snapshot-settled-after-jianghu-on-continuous,84896,webcontent,0.0,3.890,278.266
2026-09-07T17:29:13.353073+00:00,348525.609,snapshot-settled-after-jianghu-on-continuous,84897,webcontent,0.0,3.960,278.406
2026-09-07T17:29:13.353078+00:00,348525.609,snapshot-settled-after-jianghu-on-continuous,84899,webcontent,0.0,3.850,278.516
2026-09-07T17:29:13.353084+00:00,348525.609,snapshot-settled-after-jianghu-on-continuous,84901,webkit_network,0.0,0.410,119.547
2026-09-07T17:29:13.353088+00:00,348525.609,snapshot-settled-after-jianghu-on-continuous,84988,webcontent,0.0,2.100,297.453
2026-09-07T17:29:13.353091+00:00,348525.609,snapshot-settled-after-jianghu-on-continuous,84989,webkit_gpu,0.0,0.510,160.500
2026-09-07T17:29:13.353094+00:00,348525.609,snapshot-settled-after-jianghu-on-continuous,84990,webcontent,0.0,3.710,278.938
2026-09-07T17:29:13.353098+00:00,348525.609,snapshot-settled-after-jianghu-on-continuous,84991,webcontent,0.0,3.810,279.094
2026-09-07T17:29:13.353101+00:00,348525.609,snapshot-settled-after-jianghu-on-continuous,84992,webcontent,0.0,3.780,278.812
2026-09-07T17:29:14.365437+00:00,348526.614,snapshot-settled-after-jianghu-on-continuous,84885,reader,15.9,50.100,870.562
2026-09-07T17:29:14.365501+00:00,348526.614,snapshot-settled-after-jianghu-on-continuous,84895,webcontent,0.0,3.980,278.281
2026-09-07T17:29:14.365506+00:00,348526.614,snapshot-settled-after-jianghu-on-continuous,84896,webcontent,0.0,3.890,278.266
2026-09-07T17:29:14.365510+00:00,348526.614,snapshot-settled-after-jianghu-on-continuous,84897,webcontent,0.0,3.960,278.406
2026-09-07T17:29:14.365515+00:00,348526.614,snapshot-settled-after-jianghu-on-continuous,84899,webcontent,0.0,3.850,278.516
2026-09-07T17:29:14.365519+00:00,348526.614,snapshot-settled-after-jianghu-on-continuous,84901,webkit_network,0.0,0.410,119.547
2026-09-07T17:29:14.365522+00:00,348526.614,snapshot-settled-after-jianghu-on-continuous,84988,webcontent,0.0,2.100,297.453
2026-09-07T17:29:14.365525+00:00,348526.614,snapshot-settled-after-jianghu-on-continuous,84989,webkit_gpu,0.0,0.510,160.500
2026-09-07T17:29:14.365528+00:00,348526.614,snapshot-settled-after-jianghu-on-continuous,84990,webcontent,0.0,3.710,278.938
2026-09-07T17:29:14.365530+00:00,348526.614,snapshot-settled-after-jianghu-on-continuous,84991,webcontent,0.0,3.810,279.094
2026-09-07T17:29:14.365533+00:00,348526.614,snapshot-settled-after-jianghu-on-continuous,84992,webcontent,0.0,3.780,278.812
2026-09-07T17:29:15.372236+00:00,348527.620,snapshot-settled-after-jianghu-on-continuous,84885,reader,13.9,50.370,864.469
2026-09-07T17:29:15.372306+00:00,348527.620,snapshot-settled-after-jianghu-on-continuous,84895,webcontent,0.0,3.980,278.281
2026-09-07T17:29:15.372312+00:00,348527.620,snapshot-settled-after-jianghu-on-continuous,84896,webcontent,0.0,3.890,278.266
2026-09-07T17:29:15.372316+00:00,348527.620,snapshot-settled-after-jianghu-on-continuous,84897,webcontent,0.0,3.960,278.406
2026-09-07T17:29:15.372319+00:00,348527.620,snapshot-settled-after-jianghu-on-continuous,84899,webcontent,0.0,3.850,278.516
2026-09-07T17:29:15.372331+00:00,348527.620,snapshot-settled-after-jianghu-on-continuous,84901,webkit_network,0.0,0.410,119.547
2026-09-07T17:29:15.372335+00:00,348527.620,snapshot-settled-after-jianghu-on-continuous,84988,webcontent,0.0,2.100,297.359
2026-09-07T17:29:15.372338+00:00,348527.620,snapshot-settled-after-jianghu-on-continuous,84989,webkit_gpu,0.0,0.510,160.500
2026-09-07T17:29:15.372342+00:00,348527.620,snapshot-settled-after-jianghu-on-continuous,84990,webcontent,0.0,3.710,278.938
2026-09-07T17:29:15.372345+00:00,348527.620,snapshot-settled-after-jianghu-on-continuous,84991,webcontent,0.0,3.810,279.094
2026-09-07T17:29:15.372348+00:00,348527.620,snapshot-settled-after-jianghu-on-continuous,84992,webcontent,0.0,3.780,278.812
2026-09-07T17:29:16.362287+00:00,348528.625,snapshot-settled-after-jianghu-on-continuous,84885,reader,31.2,50.660,848.906
2026-09-07T17:29:16.362346+00:00,348528.625,snapshot-settled-after-jianghu-on-continuous,84895,webcontent,0.0,3.980,278.281
2026-09-07T17:29:16.362352+00:00,348528.625,snapshot-settled-after-jianghu-on-continuous,84896,webcontent,0.0,3.890,278.266
2026-09-07T17:29:16.362357+00:00,348528.625,snapshot-settled-after-jianghu-on-continuous,84897,webcontent,0.0,3.960,278.406
2026-09-07T17:29:16.362362+00:00,348528.625,snapshot-settled-after-jianghu-on-continuous,84899,webcontent,0.0,3.850,278.516
2026-09-07T17:29:16.362366+00:00,348528.625,snapshot-settled-after-jianghu-on-continuous,84901,webkit_network,0.0,0.410,119.531
2026-09-07T17:29:16.362375+00:00,348528.625,snapshot-settled-after-jianghu-on-continuous,84988,webcontent,0.0,2.100,297.359
2026-09-07T17:29:16.362379+00:00,348528.625,snapshot-settled-after-jianghu-on-continuous,84989,webkit_gpu,0.0,0.510,160.484
2026-09-07T17:29:16.362382+00:00,348528.625,snapshot-settled-after-jianghu-on-continuous,84990,webcontent,0.0,3.710,278.938
2026-09-07T17:29:16.362385+00:00,348528.625,snapshot-settled-after-jianghu-on-continuous,84991,webcontent,0.0,3.810,279.094
2026-09-07T17:29:16.362388+00:00,348528.625,snapshot-settled-after-jianghu-on-continuous,84992,webcontent,0.0,3.780,278.812
2026-09-07T17:29:17.375182+00:00,348529.626,snapshot-settled-after-jianghu-on-continuous,84885,reader,110.3,51.750,840.688
2026-09-07T17:29:17.375244+00:00,348529.626,snapshot-settled-after-jianghu-on-continuous,84895,webcontent,0.0,3.980,278.281
2026-09-07T17:29:17.375250+00:00,348529.626,snapshot-settled-after-jianghu-on-continuous,84896,webcontent,0.0,3.890,278.266
2026-09-07T17:29:17.375254+00:00,348529.626,snapshot-settled-after-jianghu-on-continuous,84897,webcontent,0.0,3.960,278.406
2026-09-07T17:29:17.375258+00:00,348529.626,snapshot-settled-after-jianghu-on-continuous,84899,webcontent,0.0,3.850,278.516
2026-09-07T17:29:17.375262+00:00,348529.626,snapshot-settled-after-jianghu-on-continuous,84901,webkit_network,0.1,0.410,119.547
2026-09-07T17:29:17.375266+00:00,348529.626,snapshot-settled-after-jianghu-on-continuous,84988,webcontent,1.5,2.120,297.438
2026-09-07T17:29:17.375270+00:00,348529.626,snapshot-settled-after-jianghu-on-continuous,84989,webkit_gpu,1.2,0.530,160.906
2026-09-07T17:29:17.375273+00:00,348529.626,snapshot-settled-after-jianghu-on-continuous,84990,webcontent,0.0,3.710,278.938
2026-09-07T17:29:17.375276+00:00,348529.626,snapshot-settled-after-jianghu-on-continuous,84991,webcontent,0.0,3.810,279.094
2026-09-07T17:29:17.375279+00:00,348529.626,snapshot-settled-after-jianghu-on-continuous,84992,webcontent,0.0,3.780,278.812
2026-09-07T17:29:18.395187+00:00,348530.632,snapshot-settled-after-jianghu-on-continuous,84885,reader,21.7,52.100,871.859
2026-09-07T17:29:18.395257+00:00,348530.632,snapshot-settled-after-jianghu-on-continuous,84895,webcontent,0.0,3.980,278.281
2026-09-07T17:29:18.395262+00:00,348530.632,snapshot-settled-after-jianghu-on-continuous,84896,webcontent,0.0,3.890,278.266
2026-09-07T17:29:18.395266+00:00,348530.632,snapshot-settled-after-jianghu-on-continuous,84897,webcontent,0.0,3.960,278.406
2026-09-07T17:29:18.395271+00:00,348530.632,snapshot-settled-after-jianghu-on-continuous,84899,webcontent,0.0,3.850,278.516
2026-09-07T17:29:18.395274+00:00,348530.632,snapshot-settled-after-jianghu-on-continuous,84901,webkit_network,0.0,0.410,119.547
2026-09-07T17:29:18.395278+00:00,348530.632,snapshot-settled-after-jianghu-on-continuous,84988,webcontent,0.0,2.120,297.453
2026-09-07T17:29:18.395281+00:00,348530.632,snapshot-settled-after-jianghu-on-continuous,84989,webkit_gpu,0.0,0.530,160.906
2026-09-07T17:29:18.395284+00:00,348530.632,snapshot-settled-after-jianghu-on-continuous,84990,webcontent,0.0,3.710,278.938
2026-09-07T17:29:18.395287+00:00,348530.632,snapshot-settled-after-jianghu-on-continuous,84991,webcontent,0.0,3.810,279.094
2026-09-07T17:29:18.395289+00:00,348530.632,snapshot-settled-after-jianghu-on-continuous,84992,webcontent,0.0,3.780,278.812
2026-09-07T17:29:19.386003+00:00,348531.637,snapshot-settled-after-jianghu-on-continuous,84885,reader,49.3,52.490,857.234
2026-09-07T17:29:19.386053+00:00,348531.637,snapshot-settled-after-jianghu-on-continuous,84895,webcontent,0.0,3.980,278.281
2026-09-07T17:29:19.386060+00:00,348531.637,snapshot-settled-after-jianghu-on-continuous,84896,webcontent,0.0,3.890,278.266
2026-09-07T17:29:19.386066+00:00,348531.637,snapshot-settled-after-jianghu-on-continuous,84897,webcontent,0.0,3.960,278.406
2026-09-07T17:29:19.386070+00:00,348531.637,snapshot-settled-after-jianghu-on-continuous,84899,webcontent,0.0,3.850,278.516
2026-09-07T17:29:19.386073+00:00,348531.637,snapshot-settled-after-jianghu-on-continuous,84901,webkit_network,0.0,0.410,119.547
2026-09-07T17:29:19.386078+00:00,348531.637,snapshot-settled-after-jianghu-on-continuous,84988,webcontent,0.0,2.120,297.453
2026-09-07T17:29:19.386081+00:00,348531.637,snapshot-settled-after-jianghu-on-continuous,84989,webkit_gpu,0.0,0.530,160.906
2026-09-07T17:29:19.386084+00:00,348531.637,snapshot-settled-after-jianghu-on-continuous,84990,webcontent,0.0,3.710,278.938
2026-09-07T17:29:19.386088+00:00,348531.637,snapshot-settled-after-jianghu-on-continuous,84991,webcontent,0.0,3.810,279.094
2026-09-07T17:29:19.386091+00:00,348531.637,snapshot-settled-after-jianghu-on-continuous,84992,webcontent,0.0,3.780,278.812
2026-09-07T17:29:20.403709+00:00,348532.643,snapshot-settled-after-jianghu-on-continuous,84885,reader,8.6,52.660,872.734
2026-09-07T17:29:20.403802+00:00,348532.643,snapshot-settled-after-jianghu-on-continuous,84895,webcontent,0.0,3.980,278.281
2026-09-07T17:29:20.403818+00:00,348532.643,snapshot-settled-after-jianghu-on-continuous,84896,webcontent,0.0,3.890,278.266
2026-09-07T17:29:20.403823+00:00,348532.643,snapshot-settled-after-jianghu-on-continuous,84897,webcontent,0.0,3.960,278.406
2026-09-07T17:29:20.403827+00:00,348532.643,snapshot-settled-after-jianghu-on-continuous,84899,webcontent,0.0,3.850,278.516
2026-09-07T17:29:20.403832+00:00,348532.643,snapshot-settled-after-jianghu-on-continuous,84901,webkit_network,0.0,0.410,119.547
2026-09-07T17:29:20.403837+00:00,348532.643,snapshot-settled-after-jianghu-on-continuous,84988,webcontent,0.1,2.130,297.547
2026-09-07T17:29:20.403841+00:00,348532.643,snapshot-settled-after-jianghu-on-continuous,84989,webkit_gpu,0.0,0.530,160.906
2026-09-07T17:29:20.403844+00:00,348532.643,snapshot-settled-after-jianghu-on-continuous,84990,webcontent,0.0,3.710,278.938
2026-09-07T17:29:20.403847+00:00,348532.643,snapshot-settled-after-jianghu-on-continuous,84991,webcontent,0.0,3.810,279.094
2026-09-07T17:29:20.403850+00:00,348532.643,snapshot-settled-after-jianghu-on-continuous,84992,webcontent,0.0,3.780,278.812
2026-09-07T17:29:21.408195+00:00,348533.648,snapshot-settled-after-jianghu-on-continuous,84885,reader,19.2,53.040,873.359
2026-09-07T17:29:21.408266+00:00,348533.648,snapshot-settled-after-jianghu-on-continuous,84895,webcontent,0.0,3.980,278.281
2026-09-07T17:29:21.408271+00:00,348533.648,snapshot-settled-after-jianghu-on-continuous,84896,webcontent,0.0,3.890,278.266
2026-09-07T17:29:21.408275+00:00,348533.648,snapshot-settled-after-jianghu-on-continuous,84897,webcontent,0.0,3.960,278.406
2026-09-07T17:29:21.408278+00:00,348533.648,snapshot-settled-after-jianghu-on-continuous,84899,webcontent,0.0,3.850,278.516
2026-09-07T17:29:21.408282+00:00,348533.648,snapshot-settled-after-jianghu-on-continuous,84901,webkit_network,0.0,0.420,119.547
2026-09-07T17:29:21.408286+00:00,348533.648,snapshot-settled-after-jianghu-on-continuous,84988,webcontent,0.0,2.130,297.547
2026-09-07T17:29:21.408289+00:00,348533.648,snapshot-settled-after-jianghu-on-continuous,84989,webkit_gpu,0.0,0.530,160.906
2026-09-07T17:29:21.408292+00:00,348533.648,snapshot-settled-after-jianghu-on-continuous,84990,webcontent,0.0,3.710,278.938
2026-09-07T17:29:21.408295+00:00,348533.648,snapshot-settled-after-jianghu-on-continuous,84991,webcontent,0.0,3.810,279.094
2026-09-07T17:29:21.408298+00:00,348533.648,snapshot-settled-after-jianghu-on-continuous,84992,webcontent,0.0,3.780,278.812
2026-09-07T17:29:22.380728+00:00,348534.649,snapshot-settled-after-jianghu-on-continuous,84885,reader,45.7,53.330,857.906
2026-09-07T17:29:22.380773+00:00,348534.649,snapshot-settled-after-jianghu-on-continuous,84895,webcontent,0.0,3.980,278.281
2026-09-07T17:29:22.380778+00:00,348534.649,snapshot-settled-after-jianghu-on-continuous,84896,webcontent,0.0,3.890,278.266
2026-09-07T17:29:22.380781+00:00,348534.649,snapshot-settled-after-jianghu-on-continuous,84897,webcontent,0.0,3.960,278.406
2026-09-07T17:29:22.380784+00:00,348534.649,snapshot-settled-after-jianghu-on-continuous,84899,webcontent,0.0,3.850,278.516
2026-09-07T17:29:22.380787+00:00,348534.649,snapshot-settled-after-jianghu-on-continuous,84901,webkit_network,0.0,0.420,119.547
2026-09-07T17:29:22.380790+00:00,348534.649,snapshot-settled-after-jianghu-on-continuous,84988,webcontent,0.0,2.130,297.547
2026-09-07T17:29:22.380793+00:00,348534.649,snapshot-settled-after-jianghu-on-continuous,84989,webkit_gpu,0.0,0.530,160.797
2026-09-07T17:29:22.380795+00:00,348534.649,snapshot-settled-after-jianghu-on-continuous,84990,webcontent,0.0,3.710,278.938
2026-09-07T17:29:22.380798+00:00,348534.649,snapshot-settled-after-jianghu-on-continuous,84991,webcontent,0.0,3.810,279.094
2026-09-07T17:29:22.380800+00:00,348534.649,snapshot-settled-after-jianghu-on-continuous,84992,webcontent,0.0,3.780,278.812
2026-09-07T17:29:23.417359+00:00,348535.655,snapshot-settled-after-jianghu-on-continuous,84885,reader,13.8,53.520,873.453
2026-09-07T17:29:23.417422+00:00,348535.655,snapshot-settled-after-jianghu-on-continuous,84895,webcontent,0.0,3.980,278.281
2026-09-07T17:29:23.417427+00:00,348535.655,snapshot-settled-after-jianghu-on-continuous,84896,webcontent,0.0,3.890,278.266
2026-09-07T17:29:23.417430+00:00,348535.655,snapshot-settled-after-jianghu-on-continuous,84897,webcontent,0.0,3.960,278.406
2026-09-07T17:29:23.417433+00:00,348535.655,snapshot-settled-after-jianghu-on-continuous,84899,webcontent,0.0,3.850,278.516
2026-09-07T17:29:23.417436+00:00,348535.655,snapshot-settled-after-jianghu-on-continuous,84901,webkit_network,0.0,0.420,119.547
2026-09-07T17:29:23.417440+00:00,348535.655,snapshot-settled-after-jianghu-on-continuous,84988,webcontent,0.0,2.130,297.484
2026-09-07T17:29:23.417443+00:00,348535.655,snapshot-settled-after-jianghu-on-continuous,84989,webkit_gpu,0.0,0.530,160.797
2026-09-07T17:29:23.417445+00:00,348535.655,snapshot-settled-after-jianghu-on-continuous,84990,webcontent,0.0,3.710,278.938
2026-09-07T17:29:23.417448+00:00,348535.655,snapshot-settled-after-jianghu-on-continuous,84991,webcontent,0.0,3.810,279.094
2026-09-07T17:29:23.417451+00:00,348535.655,snapshot-settled-after-jianghu-on-continuous,84992,webcontent,0.0,3.780,278.812
2026-09-07T17:29:24.422356+00:00,348536.660,snapshot-settled-after-jianghu-on-continuous,84885,reader,37.2,53.930,873.516
2026-09-07T17:29:24.422476+00:00,348536.660,snapshot-settled-after-jianghu-on-continuous,84895,webcontent,0.0,3.980,278.281
2026-09-07T17:29:24.422482+00:00,348536.660,snapshot-settled-after-jianghu-on-continuous,84896,webcontent,0.0,3.890,278.266
2026-09-07T17:29:24.422485+00:00,348536.660,snapshot-settled-after-jianghu-on-continuous,84897,webcontent,0.0,3.960,278.406
2026-09-07T17:29:24.422488+00:00,348536.660,snapshot-settled-after-jianghu-on-continuous,84899,webcontent,0.0,3.850,278.516
2026-09-07T17:29:24.422492+00:00,348536.660,snapshot-settled-after-jianghu-on-continuous,84901,webkit_network,0.0,0.420,119.547
2026-09-07T17:29:24.422496+00:00,348536.660,snapshot-settled-after-jianghu-on-continuous,84988,webcontent,0.0,2.130,297.484
2026-09-07T17:29:24.422499+00:00,348536.660,snapshot-settled-after-jianghu-on-continuous,84989,webkit_gpu,0.0,0.530,160.797
2026-09-07T17:29:24.422501+00:00,348536.660,snapshot-settled-after-jianghu-on-continuous,84990,webcontent,0.0,3.710,278.938
2026-09-07T17:29:24.422505+00:00,348536.660,snapshot-settled-after-jianghu-on-continuous,84991,webcontent,0.0,3.810,279.094
2026-09-07T17:29:24.422508+00:00,348536.660,snapshot-settled-after-jianghu-on-continuous,84992,webcontent,0.0,3.780,278.812
2026-09-07T17:29:25.402842+00:00,348537.666,snapshot-settled-after-jianghu-on-continuous,84885,reader,82.2,54.260,888.297
2026-09-07T17:29:25.402879+00:00,348537.666,snapshot-settled-after-jianghu-on-continuous,84895,webcontent,0.0,3.980,278.156
2026-09-07T17:29:25.402884+00:00,348537.666,snapshot-settled-after-jianghu-on-continuous,84896,webcontent,0.0,3.890,278.141
2026-09-07T17:29:25.402887+00:00,348537.666,snapshot-settled-after-jianghu-on-continuous,84897,webcontent,0.0,3.960,278.281
2026-09-07T17:29:25.402891+00:00,348537.666,snapshot-settled-after-jianghu-on-continuous,84899,webcontent,0.0,3.850,278.391
2026-09-07T17:29:25.402894+00:00,348537.666,snapshot-settled-after-jianghu-on-continuous,84901,webkit_network,0.0,0.420,119.422
2026-09-07T17:29:25.402898+00:00,348537.666,snapshot-settled-after-jianghu-on-continuous,84988,webcontent,0.0,2.130,297.359
2026-09-07T17:29:25.402901+00:00,348537.666,snapshot-settled-after-jianghu-on-continuous,84989,webkit_gpu,0.0,0.530,160.656
2026-09-07T17:29:25.402904+00:00,348537.666,snapshot-settled-after-jianghu-on-continuous,84990,webcontent,0.0,3.710,278.812
2026-09-07T17:29:25.402907+00:00,348537.666,snapshot-settled-after-jianghu-on-continuous,84991,webcontent,0.0,3.810,278.969
2026-09-07T17:29:25.402909+00:00,348537.666,snapshot-settled-after-jianghu-on-continuous,84992,webcontent,0.0,3.780,278.688
2026-09-07T17:29:26.407240+00:00,348538.671,snapshot-settled-after-jianghu-on-continuous,84885,reader,102.7,55.340,874.281
2026-09-07T17:29:26.407284+00:00,348538.671,snapshot-settled-after-jianghu-on-continuous,84895,webcontent,0.0,3.980,278.156
2026-09-07T17:29:26.407289+00:00,348538.671,snapshot-settled-after-jianghu-on-continuous,84896,webcontent,0.0,3.890,278.141
2026-09-07T17:29:26.407292+00:00,348538.671,snapshot-settled-after-jianghu-on-continuous,84897,webcontent,0.0,3.960,278.281
2026-09-07T17:29:26.407295+00:00,348538.671,snapshot-settled-after-jianghu-on-continuous,84899,webcontent,0.0,3.850,278.391
2026-09-07T17:29:26.407298+00:00,348538.671,snapshot-settled-after-jianghu-on-continuous,84901,webkit_network,0.0,0.420,119.422
2026-09-07T17:29:26.407301+00:00,348538.671,snapshot-settled-after-jianghu-on-continuous,84988,webcontent,0.0,2.130,297.359
2026-09-07T17:29:26.407304+00:00,348538.671,snapshot-settled-after-jianghu-on-continuous,84989,webkit_gpu,0.0,0.530,160.656
2026-09-07T17:29:26.407315+00:00,348538.671,snapshot-settled-after-jianghu-on-continuous,84990,webcontent,0.0,3.710,278.812
2026-09-07T17:29:26.407318+00:00,348538.671,snapshot-settled-after-jianghu-on-continuous,84991,webcontent,0.0,3.810,278.969
2026-09-07T17:29:26.407321+00:00,348538.671,snapshot-settled-after-jianghu-on-continuous,84992,webcontent,0.0,3.780,278.688
2026-09-07T17:29:27.426359+00:00,348539.675,snapshot-settled-after-jianghu-on-continuous,84885,reader,49.8,55.990,874.359
2026-09-07T17:29:27.426441+00:00,348539.675,snapshot-settled-after-jianghu-on-continuous,84895,webcontent,0.0,3.980,278.156
2026-09-07T17:29:27.426447+00:00,348539.675,snapshot-settled-after-jianghu-on-continuous,84896,webcontent,0.0,3.890,278.141
2026-09-07T17:29:27.426451+00:00,348539.675,snapshot-settled-after-jianghu-on-continuous,84897,webcontent,0.0,3.960,278.281
2026-09-07T17:29:27.426454+00:00,348539.675,snapshot-settled-after-jianghu-on-continuous,84899,webcontent,0.0,3.850,278.391
2026-09-07T17:29:27.426458+00:00,348539.675,snapshot-settled-after-jianghu-on-continuous,84901,webkit_network,0.0,0.420,119.422
2026-09-07T17:29:27.426462+00:00,348539.675,snapshot-settled-after-jianghu-on-continuous,84988,webcontent,0.0,2.130,297.359
2026-09-07T17:29:27.426466+00:00,348539.675,snapshot-settled-after-jianghu-on-continuous,84989,webkit_gpu,0.0,0.530,160.656
2026-09-07T17:29:27.426469+00:00,348539.675,snapshot-settled-after-jianghu-on-continuous,84990,webcontent,0.0,3.710,278.812
2026-09-07T17:29:27.426472+00:00,348539.675,snapshot-settled-after-jianghu-on-continuous,84991,webcontent,0.0,3.810,278.969
2026-09-07T17:29:27.426475+00:00,348539.675,snapshot-settled-after-jianghu-on-continuous,84992,webcontent,0.0,3.780,278.688
2026-09-07T17:29:28.433371+00:00,348540.681,snapshot-settled-after-jianghu-on-continuous,84885,reader,31.6,56.230,880.312
2026-09-07T17:29:28.433443+00:00,348540.681,snapshot-settled-after-jianghu-on-continuous,84895,webcontent,0.0,3.980,278.156
2026-09-07T17:29:28.433447+00:00,348540.681,snapshot-settled-after-jianghu-on-continuous,84896,webcontent,0.0,3.890,278.141
2026-09-07T17:29:28.433451+00:00,348540.681,snapshot-settled-after-jianghu-on-continuous,84897,webcontent,0.0,3.960,278.281
2026-09-07T17:29:28.433462+00:00,348540.681,snapshot-settled-after-jianghu-on-continuous,84899,webcontent,0.0,3.850,278.391
2026-09-07T17:29:28.433465+00:00,348540.681,snapshot-settled-after-jianghu-on-continuous,84901,webkit_network,0.0,0.420,119.422
2026-09-07T17:29:28.433468+00:00,348540.681,snapshot-settled-after-jianghu-on-continuous,84988,webcontent,0.0,2.130,297.359
2026-09-07T17:29:28.433470+00:00,348540.681,snapshot-settled-after-jianghu-on-continuous,84989,webkit_gpu,0.0,0.530,160.656
2026-09-07T17:29:28.433473+00:00,348540.681,snapshot-settled-after-jianghu-on-continuous,84990,webcontent,0.0,3.710,278.812
2026-09-07T17:29:28.433475+00:00,348540.681,snapshot-settled-after-jianghu-on-continuous,84991,webcontent,0.0,3.810,278.969
2026-09-07T17:29:28.433478+00:00,348540.681,snapshot-settled-after-jianghu-on-continuous,84992,webcontent,0.0,3.780,278.688
2026-09-07T17:29:29.443194+00:00,348541.683,snapshot-settled-after-jianghu-on-continuous,84885,reader,12.5,56.450,874.391
2026-09-07T17:29:29.443259+00:00,348541.683,snapshot-settled-after-jianghu-on-continuous,84895,webcontent,0.0,3.980,278.156
2026-09-07T17:29:29.443264+00:00,348541.683,snapshot-settled-after-jianghu-on-continuous,84896,webcontent,0.0,3.890,278.141
2026-09-07T17:29:29.443270+00:00,348541.683,snapshot-settled-after-jianghu-on-continuous,84897,webcontent,0.0,3.960,278.281
2026-09-07T17:29:29.443274+00:00,348541.683,snapshot-settled-after-jianghu-on-continuous,84899,webcontent,0.0,3.850,278.391
2026-09-07T17:29:29.443277+00:00,348541.683,snapshot-settled-after-jianghu-on-continuous,84901,webkit_network,0.0,0.420,119.422
2026-09-07T17:29:29.443281+00:00,348541.683,snapshot-settled-after-jianghu-on-continuous,84988,webcontent,0.0,2.130,297.359
2026-09-07T17:29:29.443284+00:00,348541.683,snapshot-settled-after-jianghu-on-continuous,84989,webkit_gpu,0.0,0.530,160.656
2026-09-07T17:29:29.443287+00:00,348541.683,snapshot-settled-after-jianghu-on-continuous,84990,webcontent,0.0,3.710,278.812
2026-09-07T17:29:29.443291+00:00,348541.683,snapshot-settled-after-jianghu-on-continuous,84991,webcontent,0.0,3.810,278.969
2026-09-07T17:29:29.443294+00:00,348541.683,snapshot-settled-after-jianghu-on-continuous,84992,webcontent,0.0,3.780,278.688
2026-09-07T17:29:30.425352+00:00,348542.686,snapshot-settled-after-jianghu-on-continuous,84885,reader,19.8,56.730,858.703
2026-09-07T17:29:30.425411+00:00,348542.686,snapshot-settled-after-jianghu-on-continuous,84895,webcontent,0.0,3.980,278.156
2026-09-07T17:29:30.425416+00:00,348542.686,snapshot-settled-after-jianghu-on-continuous,84896,webcontent,0.0,3.890,278.141
2026-09-07T17:29:30.425419+00:00,348542.686,snapshot-settled-after-jianghu-on-continuous,84897,webcontent,0.0,3.960,278.281
2026-09-07T17:29:30.425422+00:00,348542.686,snapshot-settled-after-jianghu-on-continuous,84899,webcontent,0.0,3.850,278.391
2026-09-07T17:29:30.425426+00:00,348542.686,snapshot-settled-after-jianghu-on-continuous,84901,webkit_network,0.0,0.420,119.422
2026-09-07T17:29:30.425429+00:00,348542.686,snapshot-settled-after-jianghu-on-continuous,84988,webcontent,0.0,2.130,297.266
2026-09-07T17:29:30.425432+00:00,348542.686,snapshot-settled-after-jianghu-on-continuous,84989,webkit_gpu,0.0,0.530,160.656
2026-09-07T17:29:30.425435+00:00,348542.686,snapshot-settled-after-jianghu-on-continuous,84990,webcontent,0.0,3.710,278.812
2026-09-07T17:29:30.425438+00:00,348542.686,snapshot-settled-after-jianghu-on-continuous,84991,webcontent,0.0,3.810,278.969
2026-09-07T17:29:30.425441+00:00,348542.686,snapshot-settled-after-jianghu-on-continuous,84992,webcontent,0.0,3.780,278.688
2026-09-07T17:29:31.441533+00:00,348543.691,snapshot-settled-after-jianghu-on-continuous,84885,reader,12.8,56.890,844.172
2026-09-07T17:29:31.441602+00:00,348543.691,snapshot-settled-after-jianghu-on-continuous,84895,webcontent,0.0,3.980,278.156
2026-09-07T17:29:31.441608+00:00,348543.691,snapshot-settled-after-jianghu-on-continuous,84896,webcontent,0.0,3.890,278.141
2026-09-07T17:29:31.441612+00:00,348543.691,snapshot-settled-after-jianghu-on-continuous,84897,webcontent,0.0,3.960,278.281
2026-09-07T17:29:31.441615+00:00,348543.691,snapshot-settled-after-jianghu-on-continuous,84899,webcontent,0.0,3.850,278.391
2026-09-07T17:29:31.441619+00:00,348543.691,snapshot-settled-after-jianghu-on-continuous,84901,webkit_network,0.0,0.420,119.422
2026-09-07T17:29:31.441623+00:00,348543.691,snapshot-settled-after-jianghu-on-continuous,84988,webcontent,0.0,2.130,297.266
2026-09-07T17:29:31.441626+00:00,348543.691,snapshot-settled-after-jianghu-on-continuous,84989,webkit_gpu,0.0,0.530,160.656
2026-09-07T17:29:31.441629+00:00,348543.691,snapshot-settled-after-jianghu-on-continuous,84990,webcontent,0.0,3.710,278.812
2026-09-07T17:29:31.441633+00:00,348543.691,snapshot-settled-after-jianghu-on-continuous,84991,webcontent,0.0,3.810,278.969
2026-09-07T17:29:31.441636+00:00,348543.691,snapshot-settled-after-jianghu-on-continuous,84992,webcontent,0.0,3.780,278.688
2026-09-07T17:29:32.432672+00:00,348544.692,snapshot-settled-after-jianghu-on-continuous,84885,reader,98.1,57.640,874.156
2026-09-07T17:29:32.432712+00:00,348544.692,snapshot-settled-after-jianghu-on-continuous,84895,webcontent,0.0,3.980,278.156
2026-09-07T17:29:32.432718+00:00,348544.692,snapshot-settled-after-jianghu-on-continuous,84896,webcontent,0.0,3.890,278.141
2026-09-07T17:29:32.432721+00:00,348544.692,snapshot-settled-after-jianghu-on-continuous,84897,webcontent,0.0,3.960,278.281
2026-09-07T17:29:32.432723+00:00,348544.692,snapshot-settled-after-jianghu-on-continuous,84899,webcontent,0.0,3.850,278.391
2026-09-07T17:29:32.432726+00:00,348544.692,snapshot-settled-after-jianghu-on-continuous,84901,webkit_network,0.0,0.420,119.406
2026-09-07T17:29:32.432729+00:00,348544.692,snapshot-settled-after-jianghu-on-continuous,84988,webcontent,0.0,2.130,297.266
2026-09-07T17:29:32.432731+00:00,348544.692,snapshot-settled-after-jianghu-on-continuous,84989,webkit_gpu,0.0,0.530,160.641
2026-09-07T17:29:32.432734+00:00,348544.692,snapshot-settled-after-jianghu-on-continuous,84990,webcontent,0.0,3.710,278.812
2026-09-07T17:29:32.432737+00:00,348544.692,snapshot-settled-after-jianghu-on-continuous,84991,webcontent,0.0,3.810,278.969
2026-09-07T17:29:32.432739+00:00,348544.692,snapshot-settled-after-jianghu-on-continuous,84992,webcontent,0.0,3.780,278.688
2026-09-07T17:29:33.427525+00:00,348545.697,snapshot-settled-after-jianghu-on-continuous,84885,reader,62.0,58.490,866.250
2026-09-07T17:29:33.427573+00:00,348545.697,snapshot-settled-after-jianghu-on-continuous,84895,webcontent,0.0,3.980,278.156
2026-09-07T17:29:33.427579+00:00,348545.697,snapshot-settled-after-jianghu-on-continuous,84896,webcontent,0.0,3.890,278.141
2026-09-07T17:29:33.427582+00:00,348545.697,snapshot-settled-after-jianghu-on-continuous,84897,webcontent,0.0,3.960,278.281
2026-09-07T17:29:33.427586+00:00,348545.697,snapshot-settled-after-jianghu-on-continuous,84899,webcontent,0.0,3.850,278.391
2026-09-07T17:29:33.427590+00:00,348545.697,snapshot-settled-after-jianghu-on-continuous,84901,webkit_network,0.0,0.420,119.438
2026-09-07T17:29:33.427594+00:00,348545.697,snapshot-settled-after-jianghu-on-continuous,84988,webcontent,0.1,2.150,297.375
2026-09-07T17:29:33.427597+00:00,348545.697,snapshot-settled-after-jianghu-on-continuous,84989,webkit_gpu,0.1,0.550,161.547
2026-09-07T17:29:33.427600+00:00,348545.697,snapshot-settled-after-jianghu-on-continuous,84990,webcontent,0.0,3.710,278.812
2026-09-07T17:29:33.427603+00:00,348545.697,snapshot-settled-after-jianghu-on-continuous,84991,webcontent,0.0,3.810,278.969
2026-09-07T17:29:33.427605+00:00,348545.697,snapshot-settled-after-jianghu-on-continuous,84992,webcontent,0.0,3.780,278.688
2026-09-07T17:29:34.449517+00:00,348546.702,snapshot-settled-after-jianghu-on-continuous,84885,reader,10.0,58.670,851.797
2026-09-07T17:29:34.449563+00:00,348546.702,snapshot-settled-after-jianghu-on-continuous,84895,webcontent,0.0,3.980,278.156
2026-09-07T17:29:34.449570+00:00,348546.702,snapshot-settled-after-jianghu-on-continuous,84896,webcontent,0.0,3.890,278.141
2026-09-07T17:29:34.449574+00:00,348546.702,snapshot-settled-after-jianghu-on-continuous,84897,webcontent,0.0,3.960,278.281
2026-09-07T17:29:34.449577+00:00,348546.702,snapshot-settled-after-jianghu-on-continuous,84899,webcontent,0.0,3.850,278.391
2026-09-07T17:29:34.449581+00:00,348546.702,snapshot-settled-after-jianghu-on-continuous,84901,webkit_network,0.0,0.420,119.438
2026-09-07T17:29:34.449585+00:00,348546.702,snapshot-settled-after-jianghu-on-continuous,84988,webcontent,0.0,2.150,297.375
2026-09-07T17:29:34.449588+00:00,348546.702,snapshot-settled-after-jianghu-on-continuous,84989,webkit_gpu,0.0,0.550,161.547
2026-09-07T17:29:34.449591+00:00,348546.702,snapshot-settled-after-jianghu-on-continuous,84990,webcontent,0.0,3.710,278.812
2026-09-07T17:29:34.449595+00:00,348546.702,snapshot-settled-after-jianghu-on-continuous,84991,webcontent,0.0,3.810,278.969
2026-09-07T17:29:34.449597+00:00,348546.702,snapshot-settled-after-jianghu-on-continuous,84992,webcontent,0.0,3.780,278.688
2026-09-07T17:29:35.445152+00:00,348547.707,snapshot-settled-after-jianghu-on-continuous,84885,reader,22.9,59.030,882.500
2026-09-07T17:29:35.445195+00:00,348547.707,snapshot-settled-after-jianghu-on-continuous,84895,webcontent,0.0,3.980,278.156
2026-09-07T17:29:35.445200+00:00,348547.707,snapshot-settled-after-jianghu-on-continuous,84896,webcontent,0.0,3.890,278.141
2026-09-07T17:29:35.445203+00:00,348547.707,snapshot-settled-after-jianghu-on-continuous,84897,webcontent,0.0,3.960,278.281
2026-09-07T17:29:35.445206+00:00,348547.707,snapshot-settled-after-jianghu-on-continuous,84899,webcontent,0.0,3.850,278.391
2026-09-07T17:29:35.445209+00:00,348547.707,snapshot-settled-after-jianghu-on-continuous,84901,webkit_network,0.0,0.420,119.438
2026-09-07T17:29:35.445213+00:00,348547.707,snapshot-settled-after-jianghu-on-continuous,84988,webcontent,0.0,2.150,297.375
2026-09-07T17:29:35.445216+00:00,348547.707,snapshot-settled-after-jianghu-on-continuous,84989,webkit_gpu,0.0,0.550,161.547
2026-09-07T17:29:35.445218+00:00,348547.707,snapshot-settled-after-jianghu-on-continuous,84990,webcontent,0.0,3.710,278.812
2026-09-07T17:29:35.445221+00:00,348547.707,snapshot-settled-after-jianghu-on-continuous,84991,webcontent,0.0,3.810,278.969
2026-09-07T17:29:35.445223+00:00,348547.707,snapshot-settled-after-jianghu-on-continuous,84992,webcontent,0.0,3.780,278.688
2026-09-07T17:29:36.451144+00:00,348548.713,snapshot-settled-after-jianghu-on-continuous,84885,reader,118.2,59.880,868.578
2026-09-07T17:29:36.451218+00:00,348548.713,snapshot-settled-after-jianghu-on-continuous,84895,webcontent,0.0,3.980,278.156
2026-09-07T17:29:36.451226+00:00,348548.713,snapshot-settled-after-jianghu-on-continuous,84896,webcontent,0.0,3.890,278.141
2026-09-07T17:29:36.451230+00:00,348548.713,snapshot-settled-after-jianghu-on-continuous,84897,webcontent,0.0,3.960,278.281
2026-09-07T17:29:36.451233+00:00,348548.713,snapshot-settled-after-jianghu-on-continuous,84899,webcontent,0.0,3.850,278.391
2026-09-07T17:29:36.451238+00:00,348548.713,snapshot-settled-after-jianghu-on-continuous,84901,webkit_network,0.0,0.420,119.438
2026-09-07T17:29:36.451243+00:00,348548.713,snapshot-settled-after-jianghu-on-continuous,84988,webcontent,0.0,2.150,297.469
2026-09-07T17:29:36.451246+00:00,348548.713,snapshot-settled-after-jianghu-on-continuous,84989,webkit_gpu,0.0,0.550,161.547
2026-09-07T17:29:36.451248+00:00,348548.713,snapshot-settled-after-jianghu-on-continuous,84990,webcontent,0.0,3.710,278.812
2026-09-07T17:29:36.451251+00:00,348548.713,snapshot-settled-after-jianghu-on-continuous,84991,webcontent,0.0,3.810,278.969
2026-09-07T17:29:36.451254+00:00,348548.713,snapshot-settled-after-jianghu-on-continuous,84992,webcontent,0.0,3.780,278.688
2026-09-07T17:29:37.445231+00:00,348549.718,snapshot-settled-after-jianghu-on-continuous,84885,reader,13.2,60.650,884.625
2026-09-07T17:29:37.445272+00:00,348549.718,snapshot-settled-after-jianghu-on-continuous,84895,webcontent,0.0,3.980,278.156
2026-09-07T17:29:37.445276+00:00,348549.718,snapshot-settled-after-jianghu-on-continuous,84896,webcontent,0.0,3.890,278.141
2026-09-07T17:29:37.445280+00:00,348549.718,snapshot-settled-after-jianghu-on-continuous,84897,webcontent,0.0,3.960,278.281
2026-09-07T17:29:37.445286+00:00,348549.718,snapshot-settled-after-jianghu-on-continuous,84899,webcontent,0.0,3.850,278.391
2026-09-07T17:29:37.445289+00:00,348549.718,snapshot-settled-after-jianghu-on-continuous,84901,webkit_network,0.0,0.420,119.438
2026-09-07T17:29:37.445293+00:00,348549.718,snapshot-settled-after-jianghu-on-continuous,84988,webcontent,0.0,2.150,297.469
2026-09-07T17:29:37.445295+00:00,348549.718,snapshot-settled-after-jianghu-on-continuous,84989,webkit_gpu,0.0,0.550,161.547
2026-09-07T17:29:37.445298+00:00,348549.718,snapshot-settled-after-jianghu-on-continuous,84990,webcontent,0.0,3.710,278.812
2026-09-07T17:29:37.445300+00:00,348549.718,snapshot-settled-after-jianghu-on-continuous,84991,webcontent,0.0,3.810,278.969
2026-09-07T17:29:37.445303+00:00,348549.718,snapshot-settled-after-jianghu-on-continuous,84992,webcontent,0.0,3.780,278.688
2026-09-07T17:29:38.459516+00:00,348550.723,snapshot-settled-after-jianghu-on-continuous,84885,reader,22.1,60.980,884.672
2026-09-07T17:29:38.459559+00:00,348550.723,snapshot-settled-after-jianghu-on-continuous,84895,webcontent,0.0,3.980,278.156
2026-09-07T17:29:38.459563+00:00,348550.723,snapshot-settled-after-jianghu-on-continuous,84896,webcontent,0.0,3.890,278.141
2026-09-07T17:29:38.459566+00:00,348550.723,snapshot-settled-after-jianghu-on-continuous,84897,webcontent,0.0,3.960,278.281
2026-09-07T17:29:38.459569+00:00,348550.723,snapshot-settled-after-jianghu-on-continuous,84899,webcontent,0.0,3.850,278.391
2026-09-07T17:29:38.459572+00:00,348550.723,snapshot-settled-after-jianghu-on-continuous,84901,webkit_network,0.0,0.420,119.438
2026-09-07T17:29:38.459576+00:00,348550.723,snapshot-settled-after-jianghu-on-continuous,84988,webcontent,0.0,2.150,297.453
2026-09-07T17:29:38.459578+00:00,348550.723,snapshot-settled-after-jianghu-on-continuous,84989,webkit_gpu,0.0,0.550,161.438
2026-09-07T17:29:38.459581+00:00,348550.723,snapshot-settled-after-jianghu-on-continuous,84990,webcontent,0.0,3.710,278.812
2026-09-07T17:29:38.459583+00:00,348550.723,snapshot-settled-after-jianghu-on-continuous,84991,webcontent,0.0,3.810,278.969
2026-09-07T17:29:38.459585+00:00,348550.723,snapshot-settled-after-jianghu-on-continuous,84992,webcontent,0.0,3.780,278.688
2026-09-07T17:29:39.454895+00:00,348551.728,snapshot-settled-after-jianghu-on-continuous,84885,reader,47.0,61.280,869.250
2026-09-07T17:29:39.454936+00:00,348551.728,snapshot-settled-after-jianghu-on-continuous,84895,webcontent,0.0,3.980,278.156
2026-09-07T17:29:39.454941+00:00,348551.728,snapshot-settled-after-jianghu-on-continuous,84896,webcontent,0.0,3.890,278.141
2026-09-07T17:29:39.454944+00:00,348551.728,snapshot-settled-after-jianghu-on-continuous,84897,webcontent,0.0,3.960,278.281
2026-09-07T17:29:39.454946+00:00,348551.728,snapshot-settled-after-jianghu-on-continuous,84899,webcontent,0.0,3.850,278.391
2026-09-07T17:29:39.454949+00:00,348551.728,snapshot-settled-after-jianghu-on-continuous,84901,webkit_network,0.0,0.420,119.438
2026-09-07T17:29:39.454953+00:00,348551.728,snapshot-settled-after-jianghu-on-continuous,84988,webcontent,0.0,2.150,297.453
2026-09-07T17:29:39.454956+00:00,348551.728,snapshot-settled-after-jianghu-on-continuous,84989,webkit_gpu,0.0,0.550,161.438
2026-09-07T17:29:39.454958+00:00,348551.728,snapshot-settled-after-jianghu-on-continuous,84990,webcontent,0.0,3.710,278.812
2026-09-07T17:29:39.454961+00:00,348551.728,snapshot-settled-after-jianghu-on-continuous,84991,webcontent,0.0,3.810,278.969
2026-09-07T17:29:39.454963+00:00,348551.728,snapshot-settled-after-jianghu-on-continuous,84992,webcontent,0.0,3.780,278.688
2026-09-07T17:29:40.472745+00:00,348552.734,snapshot-settled-after-jianghu-on-continuous,84885,reader,5.4,61.390,884.750
2026-09-07T17:29:40.472790+00:00,348552.734,snapshot-settled-after-jianghu-on-continuous,84895,webcontent,0.0,3.980,278.156
2026-09-07T17:29:40.472794+00:00,348552.734,snapshot-settled-after-jianghu-on-continuous,84896,webcontent,0.0,3.890,278.141
2026-09-07T17:29:40.472799+00:00,348552.734,snapshot-settled-after-jianghu-on-continuous,84897,webcontent,0.0,3.960,278.281
2026-09-07T17:29:40.472802+00:00,348552.734,snapshot-settled-after-jianghu-on-continuous,84899,webcontent,0.0,3.850,278.391
2026-09-07T17:29:40.472804+00:00,348552.734,snapshot-settled-after-jianghu-on-continuous,84901,webkit_network,0.0,0.420,119.438
2026-09-07T17:29:40.472808+00:00,348552.734,snapshot-settled-after-jianghu-on-continuous,84988,webcontent,0.0,2.150,297.453
2026-09-07T17:29:40.472811+00:00,348552.734,snapshot-settled-after-jianghu-on-continuous,84989,webkit_gpu,0.0,0.550,161.438
2026-09-07T17:29:40.472813+00:00,348552.734,snapshot-settled-after-jianghu-on-continuous,84990,webcontent,0.0,3.710,278.812
2026-09-07T17:29:40.472816+00:00,348552.734,snapshot-settled-after-jianghu-on-continuous,84991,webcontent,0.0,3.810,278.969
2026-09-07T17:29:40.472819+00:00,348552.734,snapshot-settled-after-jianghu-on-continuous,84992,webcontent,0.0,3.780,278.688
2026-09-07T17:29:41.474667+00:00,348553.739,snapshot-settled-after-jianghu-on-continuous,84885,reader,24.3,61.720,879.625
2026-09-07T17:29:41.474717+00:00,348553.739,snapshot-settled-after-jianghu-on-continuous,84895,webcontent,0.0,3.980,277.125
2026-09-07T17:29:41.474721+00:00,348553.739,snapshot-settled-after-jianghu-on-continuous,84896,webcontent,0.0,3.890,277.125
2026-09-07T17:29:41.474725+00:00,348553.739,snapshot-settled-after-jianghu-on-continuous,84897,webcontent,0.0,3.960,277.578
2026-09-07T17:29:41.474728+00:00,348553.739,snapshot-settled-after-jianghu-on-continuous,84899,webcontent,0.0,3.850,277.312
2026-09-07T17:29:41.474732+00:00,348553.739,snapshot-settled-after-jianghu-on-continuous,84901,webkit_network,0.0,0.420,117.062
2026-09-07T17:29:41.474735+00:00,348553.739,snapshot-settled-after-jianghu-on-continuous,84988,webcontent,0.0,2.150,297.406
2026-09-07T17:29:41.474738+00:00,348553.739,snapshot-settled-after-jianghu-on-continuous,84989,webkit_gpu,0.0,0.550,161.422
2026-09-07T17:29:41.474740+00:00,348553.739,snapshot-settled-after-jianghu-on-continuous,84990,webcontent,0.0,3.710,278.812
2026-09-07T17:29:41.474743+00:00,348553.739,snapshot-settled-after-jianghu-on-continuous,84991,webcontent,0.0,3.810,278.969
2026-09-07T17:29:41.474745+00:00,348553.739,snapshot-settled-after-jianghu-on-continuous,84992,webcontent,0.0,3.780,278.688
2026-09-07T17:29:42.469372+00:00,348554.744,snapshot-settled-after-jianghu-on-continuous,84885,reader,49.4,61.970,832.594
2026-09-07T17:29:42.469416+00:00,348554.744,snapshot-settled-after-jianghu-on-continuous,84895,webcontent,0.0,3.980,274.219
2026-09-07T17:29:42.469421+00:00,348554.744,snapshot-settled-after-jianghu-on-continuous,84896,webcontent,0.0,3.890,272.328
2026-09-07T17:29:42.469424+00:00,348554.744,snapshot-settled-after-jianghu-on-continuous,84897,webcontent,0.0,3.960,272.531
2026-09-07T17:29:42.469427+00:00,348554.744,snapshot-settled-after-jianghu-on-continuous,84899,webcontent,0.0,3.850,274.172
2026-09-07T17:29:42.469430+00:00,348554.744,snapshot-settled-after-jianghu-on-continuous,84901,webkit_network,0.0,0.420,116.406
2026-09-07T17:29:42.469433+00:00,348554.744,snapshot-settled-after-jianghu-on-continuous,84988,webcontent,0.0,2.150,295.641
2026-09-07T17:29:42.469436+00:00,348554.744,snapshot-settled-after-jianghu-on-continuous,84989,webkit_gpu,0.0,0.550,158.719
2026-09-07T17:29:42.469438+00:00,348554.744,snapshot-settled-after-jianghu-on-continuous,84990,webcontent,0.0,3.710,277.719
2026-09-07T17:29:42.469441+00:00,348554.744,snapshot-settled-after-jianghu-on-continuous,84991,webcontent,0.0,3.810,278.109
2026-09-07T17:29:42.469443+00:00,348554.744,snapshot-settled-after-jianghu-on-continuous,84992,webcontent,0.0,3.780,277.688
2026-09-07T17:29:43.488601+00:00,348555.749,snapshot-settled-after-jianghu-on-continuous,84885,reader,4.4,62.070,831.078
2026-09-07T17:29:43.488639+00:00,348555.749,snapshot-settled-after-jianghu-on-continuous,84895,webcontent,0.0,3.980,274.219
2026-09-07T17:29:43.488644+00:00,348555.749,snapshot-settled-after-jianghu-on-continuous,84896,webcontent,0.0,3.890,272.328
2026-09-07T17:29:43.488647+00:00,348555.749,snapshot-settled-after-jianghu-on-continuous,84897,webcontent,0.0,3.960,272.531
2026-09-07T17:29:43.488650+00:00,348555.749,snapshot-settled-after-jianghu-on-continuous,84899,webcontent,0.0,3.850,274.172
2026-09-07T17:29:43.488653+00:00,348555.749,snapshot-settled-after-jianghu-on-continuous,84901,webkit_network,0.0,0.420,116.375
2026-09-07T17:29:43.488656+00:00,348555.749,snapshot-settled-after-jianghu-on-continuous,84988,webcontent,0.0,2.150,286.609
2026-09-07T17:29:43.488659+00:00,348555.749,snapshot-settled-after-jianghu-on-continuous,84989,webkit_gpu,0.0,0.550,154.484
2026-09-07T17:29:43.488661+00:00,348555.749,snapshot-settled-after-jianghu-on-continuous,84990,webcontent,0.0,3.710,263.312
2026-09-07T17:29:43.488664+00:00,348555.749,snapshot-settled-after-jianghu-on-continuous,84991,webcontent,0.0,3.810,262.281
2026-09-07T17:29:43.488667+00:00,348555.749,snapshot-settled-after-jianghu-on-continuous,84992,webcontent,0.0,3.780,261.312
