utc,monotonic_s,scenario,pid,kind,cpu_ps_percent,cpu_total_s,rss_mib
2026-09-07T18:02:16.671446+00:00,349843.011,snapshot-idle-diagnosis2-before-review-idle,87765,reader,0.6,17.760,825.516
2026-09-07T18:02:16.671482+00:00,349843.011,snapshot-idle-diagnosis2-before-review-idle,87771,webcontent,0.0,3.770,278.594
2026-09-07T18:02:16.671487+00:00,349843.011,snapshot-idle-diagnosis2-before-review-idle,87772,webcontent,0.0,3.650,278.547
2026-09-07T18:02:16.671490+00:00,349843.011,snapshot-idle-diagnosis2-before-review-idle,87773,webcontent,0.0,3.730,278.562
2026-09-07T18:02:16.671493+00:00,349843.011,snapshot-idle-diagnosis2-before-review-idle,87774,webcontent,0.0,3.630,278.531
2026-09-07T18:02:16.671496+00:00,349843.011,snapshot-idle-diagnosis2-before-review-idle,87776,webkit_network,0.0,0.390,119.578
2026-09-07T18:02:16.671499+00:00,349843.011,snapshot-idle-diagnosis2-before-review-idle,87785,webcontent,0.0,1.960,295.094
2026-09-07T18:02:16.671502+00:00,349843.011,snapshot-idle-diagnosis2-before-review-idle,87786,webcontent,0.0,3.480,294.656
2026-09-07T18:02:16.671504+00:00,349843.011,snapshot-idle-diagnosis2-before-review-idle,87787,webcontent,0.0,3.530,295.312
2026-09-07T18:02:16.671507+00:00,349843.011,snapshot-idle-diagnosis2-before-review-idle,87788,webcontent,0.0,3.580,278.922
2026-09-07T18:02:16.671509+00:00,349843.011,snapshot-idle-diagnosis2-before-review-idle,87793,webkit_gpu,0.0,0.420,162.875
2026-09-07T18:02:17.700863+00:00,349844.021,snapshot-idle-diagnosis2-before-review-idle,87765,reader,0.3,17.760,825.516
2026-09-07T18:02:17.700919+00:00,349844.021,snapshot-idle-diagnosis2-before-review-idle,87771,webcontent,0.0,3.770,278.594
2026-09-07T18:02:17.700925+00:00,349844.021,snapshot-idle-diagnosis2-before-review-idle,87772,webcontent,0.0,3.650,278.547
2026-09-07T18:02:17.700929+00:00,349844.021,snapshot-idle-diagnosis2-before-review-idle,87773,webcontent,0.0,3.730,278.562
2026-09-07T18:02:17.700932+00:00,349844.021,snapshot-idle-diagnosis2-before-review-idle,87774,webcontent,0.0,3.630,278.531
2026-09-07T18:02:17.700936+00:00,349844.021,snapshot-idle-diagnosis2-before-review-idle,87776,webkit_network,0.0,0.390,119.578
2026-09-07T18:02:17.700939+00:00,349844.021,snapshot-idle-diagnosis2-before-review-idle,87785,webcontent,0.0,1.960,295.094
2026-09-07T18:02:17.700942+00:00,349844.021,snapshot-idle-diagnosis2-before-review-idle,87786,webcontent,0.0,3.480,294.656
2026-09-07T18:02:17.700945+00:00,349844.021,snapshot-idle-diagnosis2-before-review-idle,87787,webcontent,0.0,3.530,295.312
2026-09-07T18:02:17.700949+00:00,349844.021,snapshot-idle-diagnosis2-before-review-idle,87788,webcontent,0.0,3.580,278.906
2026-09-07T18:02:17.700952+00:00,349844.021,snapshot-idle-diagnosis2-before-review-idle,87793,webkit_gpu,0.0,0.420,162.875
2026-09-07T18:02:18.676973+00:00,349845.022,snapshot-idle-diagnosis2-before-review-idle,87765,reader,0.0,17.770,825.500
2026-09-07T18:02:18.677015+00:00,349845.022,snapshot-idle-diagnosis2-before-review-idle,87771,webcontent,0.0,3.770,278.594
2026-09-07T18:02:18.677019+00:00,349845.022,snapshot-idle-diagnosis2-before-review-idle,87772,webcontent,0.0,3.650,278.547
2026-09-07T18:02:18.677023+00:00,349845.022,snapshot-idle-diagnosis2-before-review-idle,87773,webcontent,0.0,3.730,278.562
2026-09-07T18:02:18.677026+00:00,349845.022,snapshot-idle-diagnosis2-before-review-idle,87774,webcontent,0.0,3.630,278.531
2026-09-07T18:02:18.677029+00:00,349845.022,snapshot-idle-diagnosis2-before-review-idle,87776,webkit_network,0.0,0.390,119.578
2026-09-07T18:02:18.677031+00:00,349845.022,snapshot-idle-diagnosis2-before-review-idle,87785,webcontent,0.0,1.960,295.094
2026-09-07T18:02:18.677034+00:00,349845.022,snapshot-idle-diagnosis2-before-review-idle,87786,webcontent,0.0,3.480,294.641
2026-09-07T18:02:18.677036+00:00,349845.022,snapshot-idle-diagnosis2-before-review-idle,87787,webcontent,0.0,3.530,295.312
2026-09-07T18:02:18.677039+00:00,349845.022,snapshot-idle-diagnosis2-before-review-idle,87788,webcontent,0.0,3.580,278.906
2026-09-07T18:02:18.677041+00:00,349845.022,snapshot-idle-diagnosis2-before-review-idle,87793,webkit_gpu,0.0,0.420,162.875
2026-09-07T18:02:19.686153+00:00,349846.032,snapshot-idle-diagnosis2-before-review-idle,87765,reader,0.0,17.770,825.500
2026-09-07T18:02:19.686192+00:00,349846.032,snapshot-idle-diagnosis2-before-review-idle,87771,webcontent,0.0,3.770,278.594
2026-09-07T18:02:19.686197+00:00,349846.032,snapshot-idle-diagnosis2-before-review-idle,87772,webcontent,0.0,3.650,278.547
2026-09-07T18:02:19.686201+00:00,349846.032,snapshot-idle-diagnosis2-before-review-idle,87773,webcontent,0.0,3.730,278.562
2026-09-07T18:02:19.686204+00:00,349846.032,snapshot-idle-diagnosis2-before-review-idle,87774,webcontent,0.0,3.630,278.531
2026-09-07T18:02:19.686206+00:00,349846.032,snapshot-idle-diagnosis2-before-review-idle,87776,webkit_network,0.0,0.390,119.531
2026-09-07T18:02:19.686209+00:00,349846.032,snapshot-idle-diagnosis2-before-review-idle,87785,webcontent,0.0,1.960,295.094
2026-09-07T18:02:19.686211+00:00,349846.032,snapshot-idle-diagnosis2-before-review-idle,87786,webcontent,0.0,3.480,294.594
2026-09-07T18:02:19.686214+00:00,349846.032,snapshot-idle-diagnosis2-before-review-idle,87787,webcontent,0.0,3.530,295.266
2026-09-07T18:02:19.686216+00:00,349846.032,snapshot-idle-diagnosis2-before-review-idle,87788,webcontent,0.0,3.580,278.906
2026-09-07T18:02:19.686219+00:00,349846.032,snapshot-idle-diagnosis2-before-review-idle,87793,webkit_gpu,0.0,0.420,162.859
2026-09-07T18:02:20.725590+00:00,349847.042,snapshot-idle-diagnosis2-before-review-idle,87765,reader,2.9,17.780,825.281
2026-09-07T18:02:20.725647+00:00,349847.042,snapshot-idle-diagnosis2-before-review-idle,87771,webcontent,0.0,3.770,278.594
2026-09-07T18:02:20.725653+00:00,349847.042,snapshot-idle-diagnosis2-before-review-idle,87772,webcontent,0.0,3.650,278.547
2026-09-07T18:02:20.725657+00:00,349847.042,snapshot-idle-diagnosis2-before-review-idle,87773,webcontent,0.0,3.730,278.562
2026-09-07T18:02:20.725660+00:00,349847.042,snapshot-idle-diagnosis2-before-review-idle,87774,webcontent,0.0,3.630,278.531
2026-09-07T18:02:20.725664+00:00,349847.042,snapshot-idle-diagnosis2-before-review-idle,87776,webkit_network,0.0,0.390,119.531
2026-09-07T18:02:20.725667+00:00,349847.042,snapshot-idle-diagnosis2-before-review-idle,87785,webcontent,0.0,1.960,295.094
2026-09-07T18:02:20.725670+00:00,349847.042,snapshot-idle-diagnosis2-before-review-idle,87786,webcontent,0.0,3.480,294.594
2026-09-07T18:02:20.725673+00:00,349847.042,snapshot-idle-diagnosis2-before-review-idle,87787,webcontent,0.0,3.530,295.266
2026-09-07T18:02:20.725676+00:00,349847.042,snapshot-idle-diagnosis2-before-review-idle,87788,webcontent,0.0,3.580,278.906
2026-09-07T18:02:20.725679+00:00,349847.042,snapshot-idle-diagnosis2-before-review-idle,87793,webkit_gpu,0.0,0.420,162.859
2026-09-07T18:02:21.730733+00:00,349848.052,snapshot-idle-diagnosis2-before-review-idle,87765,reader,0.7,17.800,825.281
2026-09-07T18:02:21.730778+00:00,349848.052,snapshot-idle-diagnosis2-before-review-idle,87771,webcontent,0.0,3.770,278.594
2026-09-07T18:02:21.730789+00:00,349848.052,snapshot-idle-diagnosis2-before-review-idle,87772,webcontent,0.0,3.650,278.547
2026-09-07T18:02:21.730793+00:00,349848.052,snapshot-idle-diagnosis2-before-review-idle,87773,webcontent,0.0,3.730,278.562
2026-09-07T18:02:21.730799+00:00,349848.052,snapshot-idle-diagnosis2-before-review-idle,87774,webcontent,0.0,3.630,278.531
2026-09-07T18:02:21.730802+00:00,349848.052,snapshot-idle-diagnosis2-before-review-idle,87776,webkit_network,0.0,0.390,119.531
2026-09-07T18:02:21.730805+00:00,349848.052,snapshot-idle-diagnosis2-before-review-idle,87785,webcontent,0.0,1.960,295.094
2026-09-07T18:02:21.730808+00:00,349848.052,snapshot-idle-diagnosis2-before-review-idle,87786,webcontent,0.0,3.480,294.594
2026-09-07T18:02:21.730811+00:00,349848.052,snapshot-idle-diagnosis2-before-review-idle,87787,webcontent,0.0,3.530,295.266
2026-09-07T18:02:21.730814+00:00,349848.052,snapshot-idle-diagnosis2-before-review-idle,87788,webcontent,0.0,3.580,278.906
2026-09-07T18:02:21.730817+00:00,349848.052,snapshot-idle-diagnosis2-before-review-idle,87793,webkit_gpu,0.0,0.420,162.859
2026-09-07T18:02:22.744877+00:00,349849.063,snapshot-idle-diagnosis2-before-review-idle,87765,reader,0.6,17.810,825.281
2026-09-07T18:02:22.744914+00:00,349849.063,snapshot-idle-diagnosis2-before-review-idle,87771,webcontent,0.0,3.770,278.594
2026-09-07T18:02:22.744924+00:00,349849.063,snapshot-idle-diagnosis2-before-review-idle,87772,webcontent,0.0,3.650,278.547
2026-09-07T18:02:22.744927+00:00,349849.063,snapshot-idle-diagnosis2-before-review-idle,87773,webcontent,0.0,3.730,278.562
2026-09-07T18:02:22.744932+00:00,349849.063,snapshot-idle-diagnosis2-before-review-idle,87774,webcontent,0.0,3.630,278.531
2026-09-07T18:02:22.744936+00:00,349849.063,snapshot-idle-diagnosis2-before-review-idle,87776,webkit_network,0.0,0.390,119.531
2026-09-07T18:02:22.744939+00:00,349849.063,snapshot-idle-diagnosis2-before-review-idle,87785,webcontent,0.0,1.960,295.094
2026-09-07T18:02:22.744943+00:00,349849.063,snapshot-idle-diagnosis2-before-review-idle,87786,webcontent,0.0,3.480,294.594
2026-09-07T18:02:22.744946+00:00,349849.063,snapshot-idle-diagnosis2-before-review-idle,87787,webcontent,0.0,3.530,295.266
2026-09-07T18:02:22.744949+00:00,349849.063,snapshot-idle-diagnosis2-before-review-idle,87788,webcontent,0.0,3.580,278.906
2026-09-07T18:02:22.744951+00:00,349849.063,snapshot-idle-diagnosis2-before-review-idle,87793,webkit_gpu,0.0,0.420,162.859
2026-09-07T18:02:23.758334+00:00,349850.073,snapshot-idle-diagnosis2-before-review-idle,87765,reader,0.5,17.810,825.281
2026-09-07T18:02:23.758382+00:00,349850.073,snapshot-idle-diagnosis2-before-review-idle,87771,webcontent,0.0,3.770,278.594
2026-09-07T18:02:23.758387+00:00,349850.073,snapshot-idle-diagnosis2-before-review-idle,87772,webcontent,0.0,3.650,278.547
2026-09-07T18:02:23.758390+00:00,349850.073,snapshot-idle-diagnosis2-before-review-idle,87773,webcontent,0.0,3.730,278.562
2026-09-07T18:02:23.758394+00:00,349850.073,snapshot-idle-diagnosis2-before-review-idle,87774,webcontent,0.0,3.630,278.531
2026-09-07T18:02:23.758397+00:00,349850.073,snapshot-idle-diagnosis2-before-review-idle,87776,webkit_network,0.0,0.390,119.531
2026-09-07T18:02:23.758400+00:00,349850.073,snapshot-idle-diagnosis2-before-review-idle,87785,webcontent,0.0,1.960,295.094
2026-09-07T18:02:23.758403+00:00,349850.073,snapshot-idle-diagnosis2-before-review-idle,87786,webcontent,0.0,3.480,294.578
2026-09-07T18:02:23.758406+00:00,349850.073,snapshot-idle-diagnosis2-before-review-idle,87787,webcontent,0.0,3.530,295.266
2026-09-07T18:02:23.758409+00:00,349850.073,snapshot-idle-diagnosis2-before-review-idle,87788,webcontent,0.0,3.580,278.906
2026-09-07T18:02:23.758412+00:00,349850.073,snapshot-idle-diagnosis2-before-review-idle,87793,webkit_gpu,0.0,0.420,162.859
2026-09-07T18:02:24.742522+00:00,349851.083,snapshot-idle-diagnosis2-before-review-idle,87765,reader,0.7,17.820,825.281
2026-09-07T18:02:24.742558+00:00,349851.083,snapshot-idle-diagnosis2-before-review-idle,87771,webcontent,0.0,3.770,278.594
2026-09-07T18:02:24.742562+00:00,349851.083,snapshot-idle-diagnosis2-before-review-idle,87772,webcontent,0.0,3.650,278.547
2026-09-07T18:02:24.742565+00:00,349851.083,snapshot-idle-diagnosis2-before-review-idle,87773,webcontent,0.0,3.730,278.562
2026-09-07T18:02:24.742569+00:00,349851.083,snapshot-idle-diagnosis2-before-review-idle,87774,webcontent,0.0,3.630,278.531
2026-09-07T18:02:24.742573+00:00,349851.083,snapshot-idle-diagnosis2-before-review-idle,87776,webkit_network,0.0,0.390,119.531
2026-09-07T18:02:24.742576+00:00,349851.083,snapshot-idle-diagnosis2-before-review-idle,87785,webcontent,0.0,1.960,295.000
2026-09-07T18:02:24.742578+00:00,349851.083,snapshot-idle-diagnosis2-before-review-idle,87786,webcontent,0.0,3.480,294.500
2026-09-07T18:02:24.742581+00:00,349851.083,snapshot-idle-diagnosis2-before-review-idle,87787,webcontent,0.0,3.530,295.172
2026-09-07T18:02:24.742583+00:00,349851.083,snapshot-idle-diagnosis2-before-review-idle,87788,webcontent,0.0,3.580,278.906
2026-09-07T18:02:24.742586+00:00,349851.083,snapshot-idle-diagnosis2-before-review-idle,87793,webkit_gpu,0.0,0.420,162.859
2026-09-07T18:02:25.775339+00:00,349852.094,snapshot-idle-diagnosis2-before-review-idle,87765,reader,0.7,17.830,825.047
2026-09-07T18:02:25.775374+00:00,349852.094,snapshot-idle-diagnosis2-before-review-idle,87771,webcontent,0.0,3.770,278.594
2026-09-07T18:02:25.775378+00:00,349852.094,snapshot-idle-diagnosis2-before-review-idle,87772,webcontent,0.0,3.650,278.547
2026-09-07T18:02:25.775382+00:00,349852.094,snapshot-idle-diagnosis2-before-review-idle,87773,webcontent,0.0,3.730,278.562
2026-09-07T18:02:25.775385+00:00,349852.094,snapshot-idle-diagnosis2-before-review-idle,87774,webcontent,0.0,3.630,278.531
2026-09-07T18:02:25.775388+00:00,349852.094,snapshot-idle-diagnosis2-before-review-idle,87776,webkit_network,0.0,0.390,119.531
2026-09-07T18:02:25.775391+00:00,349852.094,snapshot-idle-diagnosis2-before-review-idle,87785,webcontent,0.0,1.960,295.000
2026-09-07T18:02:25.775394+00:00,349852.094,snapshot-idle-diagnosis2-before-review-idle,87786,webcontent,0.0,3.480,294.500
2026-09-07T18:02:25.775397+00:00,349852.094,snapshot-idle-diagnosis2-before-review-idle,87787,webcontent,0.0,3.530,295.172
2026-09-07T18:02:25.775399+00:00,349852.094,snapshot-idle-diagnosis2-before-review-idle,87788,webcontent,0.0,3.580,278.906
2026-09-07T18:02:25.775402+00:00,349852.094,snapshot-idle-diagnosis2-before-review-idle,87793,webkit_gpu,0.0,0.420,162.859
2026-09-07T18:02:26.789758+00:00,349853.104,snapshot-idle-diagnosis2-before-review-idle,87765,reader,0.6,17.840,825.047
2026-09-07T18:02:26.789810+00:00,349853.104,snapshot-idle-diagnosis2-before-review-idle,87771,webcontent,0.0,3.770,278.594
2026-09-07T18:02:26.789816+00:00,349853.104,snapshot-idle-diagnosis2-before-review-idle,87772,webcontent,0.0,3.650,278.547
2026-09-07T18:02:26.789819+00:00,349853.104,snapshot-idle-diagnosis2-before-review-idle,87773,webcontent,0.0,3.730,278.562
2026-09-07T18:02:26.789823+00:00,349853.104,snapshot-idle-diagnosis2-before-review-idle,87774,webcontent,0.0,3.630,278.531
2026-09-07T18:02:26.789826+00:00,349853.104,snapshot-idle-diagnosis2-before-review-idle,87776,webkit_network,0.0,0.390,119.516
2026-09-07T18:02:26.789829+00:00,349853.104,snapshot-idle-diagnosis2-before-review-idle,87785,webcontent,0.0,1.960,295.000
2026-09-07T18:02:26.789832+00:00,349853.104,snapshot-idle-diagnosis2-before-review-idle,87786,webcontent,0.0,3.480,294.500
2026-09-07T18:02:26.789835+00:00,349853.104,snapshot-idle-diagnosis2-before-review-idle,87787,webcontent,0.0,3.530,295.172
2026-09-07T18:02:26.789838+00:00,349853.104,snapshot-idle-diagnosis2-before-review-idle,87788,webcontent,0.0,3.580,278.906
2026-09-07T18:02:26.789841+00:00,349853.104,snapshot-idle-diagnosis2-before-review-idle,87793,webkit_gpu,0.0,0.420,162.859
2026-09-07T18:02:27.798153+00:00,349854.114,snapshot-idle-diagnosis2-before-review-idle,87765,reader,0.6,17.850,825.016
2026-09-07T18:02:27.798190+00:00,349854.114,snapshot-idle-diagnosis2-before-review-idle,87771,webcontent,0.0,3.770,278.594
2026-09-07T18:02:27.798194+00:00,349854.114,snapshot-idle-diagnosis2-before-review-idle,87772,webcontent,0.0,3.650,278.547
2026-09-07T18:02:27.798197+00:00,349854.114,snapshot-idle-diagnosis2-before-review-idle,87773,webcontent,0.0,3.730,278.562
2026-09-07T18:02:27.798201+00:00,349854.114,snapshot-idle-diagnosis2-before-review-idle,87774,webcontent,0.0,3.630,278.531
2026-09-07T18:02:27.798204+00:00,349854.114,snapshot-idle-diagnosis2-before-review-idle,87776,webkit_network,0.0,0.390,119.516
2026-09-07T18:02:27.798207+00:00,349854.114,snapshot-idle-diagnosis2-before-review-idle,87785,webcontent,0.0,1.960,295.000
2026-09-07T18:02:27.798210+00:00,349854.114,snapshot-idle-diagnosis2-before-review-idle,87786,webcontent,0.0,3.480,294.500
2026-09-07T18:02:27.798212+00:00,349854.114,snapshot-idle-diagnosis2-before-review-idle,87787,webcontent,0.0,3.530,295.172
2026-09-07T18:02:27.798215+00:00,349854.114,snapshot-idle-diagnosis2-before-review-idle,87788,webcontent,0.0,3.580,278.906
2026-09-07T18:02:27.798218+00:00,349854.114,snapshot-idle-diagnosis2-before-review-idle,87793,webkit_gpu,0.0,0.420,162.844
2026-09-07T18:02:28.807686+00:00,349855.125,snapshot-idle-diagnosis2-before-review-idle,87765,reader,0.6,17.860,825.016
2026-09-07T18:02:28.807717+00:00,349855.125,snapshot-idle-diagnosis2-before-review-idle,87771,webcontent,0.0,3.770,278.594
2026-09-07T18:02:28.807720+00:00,349855.125,snapshot-idle-diagnosis2-before-review-idle,87772,webcontent,0.0,3.650,278.547
2026-09-07T18:02:28.807723+00:00,349855.125,snapshot-idle-diagnosis2-before-review-idle,87773,webcontent,0.0,3.730,278.562
2026-09-07T18:02:28.807730+00:00,349855.125,snapshot-idle-diagnosis2-before-review-idle,87774,webcontent,0.0,3.630,278.531
2026-09-07T18:02:28.807733+00:00,349855.125,snapshot-idle-diagnosis2-before-review-idle,87776,webkit_network,0.0,0.390,119.516
2026-09-07T18:02:28.807736+00:00,349855.125,snapshot-idle-diagnosis2-before-review-idle,87785,webcontent,0.0,1.960,295.000
2026-09-07T18:02:28.807739+00:00,349855.125,snapshot-idle-diagnosis2-before-review-idle,87786,webcontent,0.0,3.480,294.500
2026-09-07T18:02:28.807741+00:00,349855.125,snapshot-idle-diagnosis2-before-review-idle,87787,webcontent,0.0,3.530,295.172
2026-09-07T18:02:28.807744+00:00,349855.125,snapshot-idle-diagnosis2-before-review-idle,87788,webcontent,0.0,3.580,278.906
2026-09-07T18:02:28.807747+00:00,349855.125,snapshot-idle-diagnosis2-before-review-idle,87793,webkit_gpu,0.0,0.420,162.844
2026-09-07T18:02:29.816828+00:00,349856.135,snapshot-idle-diagnosis2-before-review-idle,87765,reader,1.5,17.870,825.016
2026-09-07T18:02:29.816870+00:00,349856.135,snapshot-idle-diagnosis2-before-review-idle,87771,webcontent,0.0,3.770,278.594
2026-09-07T18:02:29.816876+00:00,349856.135,snapshot-idle-diagnosis2-before-review-idle,87772,webcontent,0.0,3.650,278.547
2026-09-07T18:02:29.816879+00:00,349856.135,snapshot-idle-diagnosis2-before-review-idle,87773,webcontent,0.0,3.730,278.562
2026-09-07T18:02:29.816883+00:00,349856.135,snapshot-idle-diagnosis2-before-review-idle,87774,webcontent,0.0,3.630,278.531
2026-09-07T18:02:29.816886+00:00,349856.135,snapshot-idle-diagnosis2-before-review-idle,87776,webkit_network,0.0,0.390,119.516
2026-09-07T18:02:29.816889+00:00,349856.135,snapshot-idle-diagnosis2-before-review-idle,87785,webcontent,0.0,1.960,295.000
2026-09-07T18:02:29.816892+00:00,349856.135,snapshot-idle-diagnosis2-before-review-idle,87786,webcontent,0.0,3.480,294.500
2026-09-07T18:02:29.816895+00:00,349856.135,snapshot-idle-diagnosis2-before-review-idle,87787,webcontent,0.0,3.530,295.172
2026-09-07T18:02:29.816898+00:00,349856.135,snapshot-idle-diagnosis2-before-review-idle,87788,webcontent,0.0,3.580,278.906
2026-09-07T18:02:29.816901+00:00,349856.135,snapshot-idle-diagnosis2-before-review-idle,87793,webkit_gpu,0.0,0.420,162.844
2026-09-07T18:02:30.830406+00:00,349857.145,snapshot-idle-diagnosis2-before-review-idle,87765,reader,0.6,17.880,824.953
2026-09-07T18:02:30.830444+00:00,349857.145,snapshot-idle-diagnosis2-before-review-idle,87771,webcontent,0.0,3.770,278.594
2026-09-07T18:02:30.830448+00:00,349857.145,snapshot-idle-diagnosis2-before-review-idle,87772,webcontent,0.0,3.650,278.547
2026-09-07T18:02:30.830451+00:00,349857.145,snapshot-idle-diagnosis2-before-review-idle,87773,webcontent,0.0,3.730,278.562
2026-09-07T18:02:30.830454+00:00,349857.145,snapshot-idle-diagnosis2-before-review-idle,87774,webcontent,0.0,3.630,278.531
2026-09-07T18:02:30.830458+00:00,349857.145,snapshot-idle-diagnosis2-before-review-idle,87776,webkit_network,0.0,0.390,119.516
2026-09-07T18:02:30.830460+00:00,349857.145,snapshot-idle-diagnosis2-before-review-idle,87785,webcontent,0.0,1.960,295.000
2026-09-07T18:02:30.830463+00:00,349857.145,snapshot-idle-diagnosis2-before-review-idle,87786,webcontent,0.0,3.480,294.500
2026-09-07T18:02:30.830466+00:00,349857.145,snapshot-idle-diagnosis2-before-review-idle,87787,webcontent,0.0,3.530,295.172
2026-09-07T18:02:30.830469+00:00,349857.145,snapshot-idle-diagnosis2-before-review-idle,87788,webcontent,0.0,3.580,278.906
2026-09-07T18:02:30.830472+00:00,349857.145,snapshot-idle-diagnosis2-before-review-idle,87793,webkit_gpu,0.0,0.420,162.844
2026-09-07T18:02:31.827070+00:00,349858.152,snapshot-idle-diagnosis2-before-review-idle,87765,reader,0.4,17.880,824.953
2026-09-07T18:02:31.827109+00:00,349858.152,snapshot-idle-diagnosis2-before-review-idle,87771,webcontent,0.0,3.770,278.594
2026-09-07T18:02:31.827113+00:00,349858.152,snapshot-idle-diagnosis2-before-review-idle,87772,webcontent,0.0,3.650,278.547
2026-09-07T18:02:31.827116+00:00,349858.152,snapshot-idle-diagnosis2-before-review-idle,87773,webcontent,0.0,3.730,278.562
2026-09-07T18:02:31.827120+00:00,349858.152,snapshot-idle-diagnosis2-before-review-idle,87774,webcontent,0.0,3.630,278.531
2026-09-07T18:02:31.827123+00:00,349858.152,snapshot-idle-diagnosis2-before-review-idle,87776,webkit_network,0.0,0.390,119.516
2026-09-07T18:02:31.827126+00:00,349858.152,snapshot-idle-diagnosis2-before-review-idle,87785,webcontent,0.0,1.960,295.000
2026-09-07T18:02:31.827129+00:00,349858.152,snapshot-idle-diagnosis2-before-review-idle,87786,webcontent,0.0,3.480,294.500
2026-09-07T18:02:31.827132+00:00,349858.152,snapshot-idle-diagnosis2-before-review-idle,87787,webcontent,0.0,3.530,295.172
2026-09-07T18:02:31.827135+00:00,349858.152,snapshot-idle-diagnosis2-before-review-idle,87788,webcontent,0.0,3.580,278.906
2026-09-07T18:02:31.827138+00:00,349858.152,snapshot-idle-diagnosis2-before-review-idle,87793,webkit_gpu,0.0,0.420,162.844
2026-09-07T18:02:32.842687+00:00,349859.163,snapshot-idle-diagnosis2-before-review-idle,87765,reader,0.6,17.890,824.953
2026-09-07T18:02:32.842744+00:00,349859.163,snapshot-idle-diagnosis2-before-review-idle,87771,webcontent,0.0,3.770,278.594
2026-09-07T18:02:32.842750+00:00,349859.163,snapshot-idle-diagnosis2-before-review-idle,87772,webcontent,0.0,3.650,278.547
2026-09-07T18:02:32.842754+00:00,349859.163,snapshot-idle-diagnosis2-before-review-idle,87773,webcontent,0.0,3.730,278.562
2026-09-07T18:02:32.842757+00:00,349859.163,snapshot-idle-diagnosis2-before-review-idle,87774,webcontent,0.0,3.630,278.531
2026-09-07T18:02:32.842761+00:00,349859.163,snapshot-idle-diagnosis2-before-review-idle,87776,webkit_network,0.0,0.390,119.516
2026-09-07T18:02:32.842764+00:00,349859.163,snapshot-idle-diagnosis2-before-review-idle,87785,webcontent,0.0,1.960,295.000
2026-09-07T18:02:32.842767+00:00,349859.163,snapshot-idle-diagnosis2-before-review-idle,87786,webcontent,0.0,3.480,294.500
2026-09-07T18:02:32.842770+00:00,349859.163,snapshot-idle-diagnosis2-before-review-idle,87787,webcontent,0.0,3.530,295.172
2026-09-07T18:02:32.842773+00:00,349859.163,snapshot-idle-diagnosis2-before-review-idle,87788,webcontent,0.0,3.580,278.906
2026-09-07T18:02:32.842776+00:00,349859.163,snapshot-idle-diagnosis2-before-review-idle,87793,webkit_gpu,0.0,0.420,162.844
2026-09-07T18:02:33.852415+00:00,349860.173,snapshot-idle-diagnosis2-before-review-idle,87765,reader,0.3,17.890,824.953
2026-09-07T18:02:33.852459+00:00,349860.173,snapshot-idle-diagnosis2-before-review-idle,87771,webcontent,0.0,3.770,278.594
2026-09-07T18:02:33.852464+00:00,349860.173,snapshot-idle-diagnosis2-before-review-idle,87772,webcontent,0.0,3.650,278.547
2026-09-07T18:02:33.852467+00:00,349860.173,snapshot-idle-diagnosis2-before-review-idle,87773,webcontent,0.0,3.730,278.562
2026-09-07T18:02:33.852471+00:00,349860.173,snapshot-idle-diagnosis2-before-review-idle,87774,webcontent,0.0,3.630,278.531
2026-09-07T18:02:33.852474+00:00,349860.173,snapshot-idle-diagnosis2-before-review-idle,87776,webkit_network,0.0,0.390,119.516
2026-09-07T18:02:33.852477+00:00,349860.173,snapshot-idle-diagnosis2-before-review-idle,87785,webcontent,0.0,1.960,295.000
2026-09-07T18:02:33.852480+00:00,349860.173,snapshot-idle-diagnosis2-before-review-idle,87786,webcontent,0.0,3.480,294.500
2026-09-07T18:02:33.852483+00:00,349860.173,snapshot-idle-diagnosis2-before-review-idle,87787,webcontent,0.0,3.530,295.172
2026-09-07T18:02:33.852485+00:00,349860.173,snapshot-idle-diagnosis2-before-review-idle,87788,webcontent,0.0,3.580,278.906
2026-09-07T18:02:33.852488+00:00,349860.173,snapshot-idle-diagnosis2-before-review-idle,87793,webkit_gpu,0.0,0.420,162.844
2026-09-07T18:02:34.864779+00:00,349861.183,snapshot-idle-diagnosis2-before-review-idle,87765,reader,0.4,17.900,824.953
2026-09-07T18:02:34.864847+00:00,349861.183,snapshot-idle-diagnosis2-before-review-idle,87771,webcontent,0.0,3.770,278.594
2026-09-07T18:02:34.864854+00:00,349861.183,snapshot-idle-diagnosis2-before-review-idle,87772,webcontent,0.0,3.650,278.547
2026-09-07T18:02:34.864857+00:00,349861.183,snapshot-idle-diagnosis2-before-review-idle,87773,webcontent,0.0,3.730,278.562
2026-09-07T18:02:34.864861+00:00,349861.183,snapshot-idle-diagnosis2-before-review-idle,87774,webcontent,0.0,3.630,278.531
2026-09-07T18:02:34.864864+00:00,349861.183,snapshot-idle-diagnosis2-before-review-idle,87776,webkit_network,0.0,0.390,119.516
2026-09-07T18:02:34.864867+00:00,349861.183,snapshot-idle-diagnosis2-before-review-idle,87785,webcontent,0.0,1.960,295.000
2026-09-07T18:02:34.864870+00:00,349861.183,snapshot-idle-diagnosis2-before-review-idle,87786,webcontent,0.0,3.480,294.500
2026-09-07T18:02:34.864873+00:00,349861.183,snapshot-idle-diagnosis2-before-review-idle,87787,webcontent,0.0,3.530,295.172
2026-09-07T18:02:34.864876+00:00,349861.183,snapshot-idle-diagnosis2-before-review-idle,87788,webcontent,0.0,3.580,278.906
2026-09-07T18:02:34.864879+00:00,349861.183,snapshot-idle-diagnosis2-before-review-idle,87793,webkit_gpu,0.0,0.420,162.844
2026-09-07T18:02:35.875967+00:00,349862.193,snapshot-idle-diagnosis2-before-review-idle,87765,reader,0.5,17.910,824.922
2026-09-07T18:02:35.876009+00:00,349862.193,snapshot-idle-diagnosis2-before-review-idle,87771,webcontent,0.0,3.770,278.594
2026-09-07T18:02:35.876015+00:00,349862.193,snapshot-idle-diagnosis2-before-review-idle,87772,webcontent,0.0,3.650,278.547
2026-09-07T18:02:35.876018+00:00,349862.193,snapshot-idle-diagnosis2-before-review-idle,87773,webcontent,0.0,3.730,278.562
2026-09-07T18:02:35.876021+00:00,349862.193,snapshot-idle-diagnosis2-before-review-idle,87774,webcontent,0.0,3.630,278.531
2026-09-07T18:02:35.876024+00:00,349862.193,snapshot-idle-diagnosis2-before-review-idle,87776,webkit_network,0.0,0.390,119.516
2026-09-07T18:02:35.876027+00:00,349862.193,snapshot-idle-diagnosis2-before-review-idle,87785,webcontent,0.0,1.960,295.000
2026-09-07T18:02:35.876030+00:00,349862.193,snapshot-idle-diagnosis2-before-review-idle,87786,webcontent,0.0,3.480,294.500
2026-09-07T18:02:35.876033+00:00,349862.193,snapshot-idle-diagnosis2-before-review-idle,87787,webcontent,0.0,3.530,295.172
2026-09-07T18:02:35.876036+00:00,349862.193,snapshot-idle-diagnosis2-before-review-idle,87788,webcontent,0.0,3.580,278.906
2026-09-07T18:02:35.876039+00:00,349862.193,snapshot-idle-diagnosis2-before-review-idle,87793,webkit_gpu,0.0,0.420,162.844
2026-09-07T18:02:36.865254+00:00,349863.203,snapshot-idle-diagnosis2-before-review-idle,87765,reader,0.4,17.910,818.984
2026-09-07T18:02:36.865290+00:00,349863.203,snapshot-idle-diagnosis2-before-review-idle,87771,webcontent,0.0,3.770,278.562
2026-09-07T18:02:36.865296+00:00,349863.203,snapshot-idle-diagnosis2-before-review-idle,87772,webcontent,0.0,3.650,278.531
2026-09-07T18:02:36.865299+00:00,349863.203,snapshot-idle-diagnosis2-before-review-idle,87773,webcontent,0.0,3.730,278.562
2026-09-07T18:02:36.865302+00:00,349863.203,snapshot-idle-diagnosis2-before-review-idle,87774,webcontent,0.0,3.630,278.531
2026-09-07T18:02:36.865304+00:00,349863.203,snapshot-idle-diagnosis2-before-review-idle,87776,webkit_network,0.0,0.390,119.516
2026-09-07T18:02:36.865307+00:00,349863.203,snapshot-idle-diagnosis2-before-review-idle,87785,webcontent,0.0,1.960,295.000
2026-09-07T18:02:36.865309+00:00,349863.203,snapshot-idle-diagnosis2-before-review-idle,87786,webcontent,0.0,3.480,294.500
2026-09-07T18:02:36.865311+00:00,349863.203,snapshot-idle-diagnosis2-before-review-idle,87787,webcontent,0.0,3.530,295.172
2026-09-07T18:02:36.865314+00:00,349863.203,snapshot-idle-diagnosis2-before-review-idle,87788,webcontent,0.0,3.580,278.906
2026-09-07T18:02:36.865316+00:00,349863.203,snapshot-idle-diagnosis2-before-review-idle,87793,webkit_gpu,0.0,0.420,162.844
2026-09-07T18:02:37.893997+00:00,349864.214,snapshot-idle-diagnosis2-before-review-idle,87765,reader,0.4,17.910,809.531
2026-09-07T18:02:37.894053+00:00,349864.214,snapshot-idle-diagnosis2-before-review-idle,87771,webcontent,0.0,3.770,277.266
2026-09-07T18:02:37.894060+00:00,349864.214,snapshot-idle-diagnosis2-before-review-idle,87772,webcontent,0.0,3.650,276.562
2026-09-07T18:02:37.894065+00:00,349864.214,snapshot-idle-diagnosis2-before-review-idle,87773,webcontent,0.0,3.730,276.828
2026-09-07T18:02:37.894068+00:00,349864.214,snapshot-idle-diagnosis2-before-review-idle,87774,webcontent,0.0,3.630,277.125
2026-09-07T18:02:37.894072+00:00,349864.214,snapshot-idle-diagnosis2-before-review-idle,87776,webkit_network,0.0,0.390,116.078
2026-09-07T18:02:37.894075+00:00,349864.214,snapshot-idle-diagnosis2-before-review-idle,87785,webcontent,0.0,1.960,294.984
2026-09-07T18:02:37.894079+00:00,349864.214,snapshot-idle-diagnosis2-before-review-idle,87786,webcontent,0.0,3.480,294.500
2026-09-07T18:02:37.894082+00:00,349864.214,snapshot-idle-diagnosis2-before-review-idle,87787,webcontent,0.0,3.530,295.172
2026-09-07T18:02:37.894085+00:00,349864.214,snapshot-idle-diagnosis2-before-review-idle,87788,webcontent,0.0,3.580,278.906
2026-09-07T18:02:37.894089+00:00,349864.214,snapshot-idle-diagnosis2-before-review-idle,87793,webkit_gpu,0.0,0.420,162.844
2026-09-07T18:02:38.904399+00:00,349865.224,snapshot-idle-diagnosis2-before-review-idle,87765,reader,0.4,17.920,809.531
2026-09-07T18:02:38.904439+00:00,349865.224,snapshot-idle-diagnosis2-before-review-idle,87771,webcontent,0.0,3.770,277.266
2026-09-07T18:02:38.904445+00:00,349865.224,snapshot-idle-diagnosis2-before-review-idle,87772,webcontent,0.0,3.650,276.562
2026-09-07T18:02:38.904449+00:00,349865.224,snapshot-idle-diagnosis2-before-review-idle,87773,webcontent,0.0,3.730,276.828
2026-09-07T18:02:38.904452+00:00,349865.224,snapshot-idle-diagnosis2-before-review-idle,87774,webcontent,0.0,3.630,277.125
2026-09-07T18:02:38.904455+00:00,349865.224,snapshot-idle-diagnosis2-before-review-idle,87776,webkit_network,0.0,0.390,116.078
2026-09-07T18:02:38.904458+00:00,349865.224,snapshot-idle-diagnosis2-before-review-idle,87785,webcontent,0.0,1.960,294.984
2026-09-07T18:02:38.904461+00:00,349865.224,snapshot-idle-diagnosis2-before-review-idle,87786,webcontent,0.0,3.480,294.484
2026-09-07T18:02:38.904464+00:00,349865.224,snapshot-idle-diagnosis2-before-review-idle,87787,webcontent,0.0,3.530,295.156
2026-09-07T18:02:38.904467+00:00,349865.224,snapshot-idle-diagnosis2-before-review-idle,87788,webcontent,0.0,3.580,278.906
2026-09-07T18:02:38.904469+00:00,349865.224,snapshot-idle-diagnosis2-before-review-idle,87793,webkit_gpu,0.0,0.420,162.844
2026-09-07T18:02:39.915527+00:00,349866.234,snapshot-idle-diagnosis2-before-review-idle,87765,reader,0.9,17.930,809.531
2026-09-07T18:02:39.915629+00:00,349866.234,snapshot-idle-diagnosis2-before-review-idle,87771,webcontent,0.0,3.770,277.266
2026-09-07T18:02:39.915635+00:00,349866.234,snapshot-idle-diagnosis2-before-review-idle,87772,webcontent,0.0,3.650,276.562
2026-09-07T18:02:39.915641+00:00,349866.234,snapshot-idle-diagnosis2-before-review-idle,87773,webcontent,0.0,3.730,276.828
2026-09-07T18:02:39.915644+00:00,349866.234,snapshot-idle-diagnosis2-before-review-idle,87774,webcontent,0.0,3.630,277.125
2026-09-07T18:02:39.915649+00:00,349866.234,snapshot-idle-diagnosis2-before-review-idle,87776,webkit_network,0.0,0.390,116.078
2026-09-07T18:02:39.915653+00:00,349866.234,snapshot-idle-diagnosis2-before-review-idle,87785,webcontent,0.0,1.960,294.984
2026-09-07T18:02:39.915656+00:00,349866.234,snapshot-idle-diagnosis2-before-review-idle,87786,webcontent,0.0,3.480,294.484
2026-09-07T18:02:39.915658+00:00,349866.234,snapshot-idle-diagnosis2-before-review-idle,87787,webcontent,0.0,3.530,295.156
2026-09-07T18:02:39.915661+00:00,349866.234,snapshot-idle-diagnosis2-before-review-idle,87788,webcontent,0.0,3.580,278.906
2026-09-07T18:02:39.915664+00:00,349866.234,snapshot-idle-diagnosis2-before-review-idle,87793,webkit_gpu,0.0,0.420,162.844
2026-09-07T18:02:40.924697+00:00,349867.244,snapshot-idle-diagnosis2-before-review-idle,87765,reader,0.8,17.940,809.531
2026-09-07T18:02:40.924766+00:00,349867.244,snapshot-idle-diagnosis2-before-review-idle,87771,webcontent,0.0,3.770,277.266
2026-09-07T18:02:40.924772+00:00,349867.244,snapshot-idle-diagnosis2-before-review-idle,87772,webcontent,0.0,3.650,276.562
2026-09-07T18:02:40.924778+00:00,349867.244,snapshot-idle-diagnosis2-before-review-idle,87773,webcontent,0.0,3.730,276.828
2026-09-07T18:02:40.924781+00:00,349867.244,snapshot-idle-diagnosis2-before-review-idle,87774,webcontent,0.0,3.630,277.125
2026-09-07T18:02:40.924785+00:00,349867.244,snapshot-idle-diagnosis2-before-review-idle,87776,webkit_network,0.0,0.390,116.078
2026-09-07T18:02:40.924788+00:00,349867.244,snapshot-idle-diagnosis2-before-review-idle,87785,webcontent,0.0,1.960,294.984
2026-09-07T18:02:40.924792+00:00,349867.244,snapshot-idle-diagnosis2-before-review-idle,87786,webcontent,0.0,3.480,294.484
2026-09-07T18:02:40.924795+00:00,349867.244,snapshot-idle-diagnosis2-before-review-idle,87787,webcontent,0.0,3.530,295.156
2026-09-07T18:02:40.924798+00:00,349867.244,snapshot-idle-diagnosis2-before-review-idle,87788,webcontent,0.0,3.580,278.906
2026-09-07T18:02:40.924801+00:00,349867.244,snapshot-idle-diagnosis2-before-review-idle,87793,webkit_gpu,0.0,0.420,162.844
2026-09-07T18:02:41.915947+00:00,349868.254,snapshot-idle-diagnosis2-before-review-idle,87765,reader,0.7,17.950,809.531
2026-09-07T18:02:41.915978+00:00,349868.254,snapshot-idle-diagnosis2-before-review-idle,87771,webcontent,0.0,3.770,277.266
2026-09-07T18:02:41.915983+00:00,349868.254,snapshot-idle-diagnosis2-before-review-idle,87772,webcontent,0.0,3.650,276.562
2026-09-07T18:02:41.915985+00:00,349868.254,snapshot-idle-diagnosis2-before-review-idle,87773,webcontent,0.0,3.730,276.828
2026-09-07T18:02:41.915989+00:00,349868.254,snapshot-idle-diagnosis2-before-review-idle,87774,webcontent,0.0,3.630,277.125
2026-09-07T18:02:41.915991+00:00,349868.254,snapshot-idle-diagnosis2-before-review-idle,87776,webkit_network,0.0,0.390,116.078
2026-09-07T18:02:41.915994+00:00,349868.254,snapshot-idle-diagnosis2-before-review-idle,87785,webcontent,0.0,1.960,294.984
2026-09-07T18:02:41.915996+00:00,349868.254,snapshot-idle-diagnosis2-before-review-idle,87786,webcontent,0.0,3.480,294.484
2026-09-07T18:02:41.915998+00:00,349868.254,snapshot-idle-diagnosis2-before-review-idle,87787,webcontent,0.0,3.530,295.156
2026-09-07T18:02:41.916000+00:00,349868.254,snapshot-idle-diagnosis2-before-review-idle,87788,webcontent,0.0,3.580,278.906
2026-09-07T18:02:41.916003+00:00,349868.254,snapshot-idle-diagnosis2-before-review-idle,87793,webkit_gpu,0.0,0.420,162.844
2026-09-07T18:02:42.945998+00:00,349869.265,snapshot-idle-diagnosis2-before-review-idle,87765,reader,0.7,17.950,809.531
2026-09-07T18:02:42.946041+00:00,349869.265,snapshot-idle-diagnosis2-before-review-idle,87771,webcontent,0.0,3.770,277.266
2026-09-07T18:02:42.946046+00:00,349869.265,snapshot-idle-diagnosis2-before-review-idle,87772,webcontent,0.0,3.650,276.562
2026-09-07T18:02:42.946051+00:00,349869.265,snapshot-idle-diagnosis2-before-review-idle,87773,webcontent,0.0,3.730,276.828
2026-09-07T18:02:42.946054+00:00,349869.265,snapshot-idle-diagnosis2-before-review-idle,87774,webcontent,0.0,3.630,277.125
2026-09-07T18:02:42.946057+00:00,349869.265,snapshot-idle-diagnosis2-before-review-idle,87776,webkit_network,0.0,0.390,116.078
2026-09-07T18:02:42.946060+00:00,349869.265,snapshot-idle-diagnosis2-before-review-idle,87785,webcontent,0.0,1.960,294.984
2026-09-07T18:02:42.946063+00:00,349869.265,snapshot-idle-diagnosis2-before-review-idle,87786,webcontent,0.0,3.480,294.484
2026-09-07T18:02:42.946066+00:00,349869.265,snapshot-idle-diagnosis2-before-review-idle,87787,webcontent,0.0,3.530,295.156
2026-09-07T18:02:42.946069+00:00,349869.265,snapshot-idle-diagnosis2-before-review-idle,87788,webcontent,0.0,3.580,278.906
2026-09-07T18:02:42.946071+00:00,349869.265,snapshot-idle-diagnosis2-before-review-idle,87793,webkit_gpu,0.0,0.420,162.844
2026-09-07T18:02:43.960448+00:00,349870.275,snapshot-idle-diagnosis2-before-review-idle,87765,reader,0.4,17.960,809.531
2026-09-07T18:02:43.960503+00:00,349870.275,snapshot-idle-diagnosis2-before-review-idle,87771,webcontent,0.0,3.770,277.266
2026-09-07T18:02:43.960508+00:00,349870.275,snapshot-idle-diagnosis2-before-review-idle,87772,webcontent,0.0,3.650,276.562
2026-09-07T18:02:43.960512+00:00,349870.275,snapshot-idle-diagnosis2-before-review-idle,87773,webcontent,0.0,3.730,276.828
2026-09-07T18:02:43.960515+00:00,349870.275,snapshot-idle-diagnosis2-before-review-idle,87774,webcontent,0.0,3.630,277.125
2026-09-07T18:02:43.960519+00:00,349870.275,snapshot-idle-diagnosis2-before-review-idle,87776,webkit_network,0.0,0.390,116.078
2026-09-07T18:02:43.960521+00:00,349870.275,snapshot-idle-diagnosis2-before-review-idle,87785,webcontent,0.0,1.960,294.984
2026-09-07T18:02:43.960524+00:00,349870.275,snapshot-idle-diagnosis2-before-review-idle,87786,webcontent,0.0,3.480,294.484
2026-09-07T18:02:43.960527+00:00,349870.275,snapshot-idle-diagnosis2-before-review-idle,87787,webcontent,0.0,3.530,295.156
2026-09-07T18:02:43.960530+00:00,349870.275,snapshot-idle-diagnosis2-before-review-idle,87788,webcontent,0.0,3.580,278.906
2026-09-07T18:02:43.960533+00:00,349870.275,snapshot-idle-diagnosis2-before-review-idle,87793,webkit_gpu,0.0,0.420,162.844
2026-09-07T18:02:44.971516+00:00,349871.285,snapshot-idle-diagnosis2-before-review-idle,87765,reader,0.6,17.970,809.531
2026-09-07T18:02:44.971566+00:00,349871.285,snapshot-idle-diagnosis2-before-review-idle,87771,webcontent,0.0,3.770,277.266
2026-09-07T18:02:44.971571+00:00,349871.285,snapshot-idle-diagnosis2-before-review-idle,87772,webcontent,0.0,3.650,276.562
2026-09-07T18:02:44.971576+00:00,349871.285,snapshot-idle-diagnosis2-before-review-idle,87773,webcontent,0.0,3.730,276.828
2026-09-07T18:02:44.971579+00:00,349871.285,snapshot-idle-diagnosis2-before-review-idle,87774,webcontent,0.0,3.630,277.125
2026-09-07T18:02:44.971582+00:00,349871.285,snapshot-idle-diagnosis2-before-review-idle,87776,webkit_network,0.0,0.390,116.078
2026-09-07T18:02:44.971586+00:00,349871.285,snapshot-idle-diagnosis2-before-review-idle,87785,webcontent,0.0,1.960,294.984
2026-09-07T18:02:44.971589+00:00,349871.285,snapshot-idle-diagnosis2-before-review-idle,87786,webcontent,0.0,3.480,294.484
2026-09-07T18:02:44.971592+00:00,349871.285,snapshot-idle-diagnosis2-before-review-idle,87787,webcontent,0.0,3.530,295.156
2026-09-07T18:02:44.971595+00:00,349871.285,snapshot-idle-diagnosis2-before-review-idle,87788,webcontent,0.0,3.580,278.906
2026-09-07T18:02:44.971598+00:00,349871.285,snapshot-idle-diagnosis2-before-review-idle,87793,webkit_gpu,0.0,0.420,162.844
2026-09-07T18:02:45.979102+00:00,349872.296,snapshot-idle-diagnosis2-before-review-idle,87765,reader,0.6,17.970,809.531
2026-09-07T18:02:45.979140+00:00,349872.296,snapshot-idle-diagnosis2-before-review-idle,87771,webcontent,0.0,3.770,277.266
2026-09-07T18:02:45.979144+00:00,349872.296,snapshot-idle-diagnosis2-before-review-idle,87772,webcontent,0.0,3.650,276.562
2026-09-07T18:02:45.979148+00:00,349872.296,snapshot-idle-diagnosis2-before-review-idle,87773,webcontent,0.0,3.730,276.828
2026-09-07T18:02:45.979150+00:00,349872.296,snapshot-idle-diagnosis2-before-review-idle,87774,webcontent,0.0,3.630,277.125
2026-09-07T18:02:45.979154+00:00,349872.296,snapshot-idle-diagnosis2-before-review-idle,87776,webkit_network,0.0,0.390,116.078
2026-09-07T18:02:45.979157+00:00,349872.296,snapshot-idle-diagnosis2-before-review-idle,87785,webcontent,0.0,1.960,294.984
2026-09-07T18:02:45.979159+00:00,349872.296,snapshot-idle-diagnosis2-before-review-idle,87786,webcontent,0.0,3.480,294.484
2026-09-07T18:02:45.979162+00:00,349872.296,snapshot-idle-diagnosis2-before-review-idle,87787,webcontent,0.0,3.530,295.156
2026-09-07T18:02:45.979165+00:00,349872.296,snapshot-idle-diagnosis2-before-review-idle,87788,webcontent,0.0,3.580,278.906
2026-09-07T18:02:45.979168+00:00,349872.296,snapshot-idle-diagnosis2-before-review-idle,87793,webkit_gpu,0.0,0.420,162.844
2026-09-07T18:02:46.956657+00:00,349873.306,snapshot-idle-diagnosis2-before-review-idle,87765,reader,0.4,17.980,809.531
2026-09-07T18:02:46.956696+00:00,349873.306,snapshot-idle-diagnosis2-before-review-idle,87771,webcontent,0.0,3.770,277.266
2026-09-07T18:02:46.956699+00:00,349873.306,snapshot-idle-diagnosis2-before-review-idle,87772,webcontent,0.0,3.650,276.562
2026-09-07T18:02:46.956702+00:00,349873.306,snapshot-idle-diagnosis2-before-review-idle,87773,webcontent,0.0,3.730,276.828
2026-09-07T18:02:46.956705+00:00,349873.306,snapshot-idle-diagnosis2-before-review-idle,87774,webcontent,0.0,3.630,277.125
2026-09-07T18:02:46.956707+00:00,349873.306,snapshot-idle-diagnosis2-before-review-idle,87776,webkit_network,0.0,0.390,116.078
2026-09-07T18:02:46.956710+00:00,349873.306,snapshot-idle-diagnosis2-before-review-idle,87785,webcontent,0.0,1.960,294.984
2026-09-07T18:02:46.956712+00:00,349873.306,snapshot-idle-diagnosis2-before-review-idle,87786,webcontent,0.0,3.480,294.484
2026-09-07T18:02:46.956714+00:00,349873.306,snapshot-idle-diagnosis2-before-review-idle,87787,webcontent,0.0,3.530,295.156
2026-09-07T18:02:46.956716+00:00,349873.306,snapshot-idle-diagnosis2-before-review-idle,87788,webcontent,0.0,3.580,278.906
2026-09-07T18:02:46.956718+00:00,349873.306,snapshot-idle-diagnosis2-before-review-idle,87793,webkit_gpu,0.0,0.420,162.844
2026-09-07T18:02:47.969081+00:00,349874.316,snapshot-idle-diagnosis2-before-review-idle,87765,reader,0.3,17.980,809.562
2026-09-07T18:02:47.969123+00:00,349874.316,snapshot-idle-diagnosis2-before-review-idle,87771,webcontent,0.0,3.770,277.266
2026-09-07T18:02:47.969128+00:00,349874.316,snapshot-idle-diagnosis2-before-review-idle,87772,webcontent,0.0,3.650,276.562
2026-09-07T18:02:47.969131+00:00,349874.316,snapshot-idle-diagnosis2-before-review-idle,87773,webcontent,0.0,3.730,276.828
2026-09-07T18:02:47.969134+00:00,349874.316,snapshot-idle-diagnosis2-before-review-idle,87774,webcontent,0.0,3.630,277.125
2026-09-07T18:02:47.969137+00:00,349874.316,snapshot-idle-diagnosis2-before-review-idle,87776,webkit_network,0.0,0.390,116.078
2026-09-07T18:02:47.969139+00:00,349874.316,snapshot-idle-diagnosis2-before-review-idle,87785,webcontent,0.0,1.960,294.984
2026-09-07T18:02:47.969142+00:00,349874.316,snapshot-idle-diagnosis2-before-review-idle,87786,webcontent,0.0,3.480,294.484
2026-09-07T18:02:47.969144+00:00,349874.316,snapshot-idle-diagnosis2-before-review-idle,87787,webcontent,0.0,3.530,295.156
2026-09-07T18:02:47.969146+00:00,349874.316,snapshot-idle-diagnosis2-before-review-idle,87788,webcontent,0.0,3.580,278.906
2026-09-07T18:02:47.969149+00:00,349874.316,snapshot-idle-diagnosis2-before-review-idle,87793,webkit_gpu,0.0,0.420,162.844
2026-09-07T18:02:48.987257+00:00,349875.326,snapshot-idle-diagnosis2-before-review-idle,87765,reader,3.6,18.000,809.672
2026-09-07T18:02:48.987297+00:00,349875.326,snapshot-idle-diagnosis2-before-review-idle,87771,webcontent,0.0,3.770,277.266
2026-09-07T18:02:48.987303+00:00,349875.326,snapshot-idle-diagnosis2-before-review-idle,87772,webcontent,0.0,3.650,276.562
2026-09-07T18:02:48.987306+00:00,349875.326,snapshot-idle-diagnosis2-before-review-idle,87773,webcontent,0.0,3.730,276.828
2026-09-07T18:02:48.987309+00:00,349875.326,snapshot-idle-diagnosis2-before-review-idle,87774,webcontent,0.0,3.630,277.125
2026-09-07T18:02:48.987312+00:00,349875.326,snapshot-idle-diagnosis2-before-review-idle,87776,webkit_network,0.0,0.390,116.078
2026-09-07T18:02:48.987314+00:00,349875.326,snapshot-idle-diagnosis2-before-review-idle,87785,webcontent,0.0,1.960,294.984
2026-09-07T18:02:48.987317+00:00,349875.326,snapshot-idle-diagnosis2-before-review-idle,87786,webcontent,0.0,3.480,294.484
2026-09-07T18:02:48.987319+00:00,349875.326,snapshot-idle-diagnosis2-before-review-idle,87787,webcontent,0.0,3.530,295.156
2026-09-07T18:02:48.987321+00:00,349875.326,snapshot-idle-diagnosis2-before-review-idle,87788,webcontent,0.0,3.580,278.906
2026-09-07T18:02:48.987324+00:00,349875.326,snapshot-idle-diagnosis2-before-review-idle,87793,webkit_gpu,0.0,0.420,162.844
2026-09-07T18:03:27.376972+00:00,349913.691,snapshot-idle-diagnosis2-after-review-idle,87765,reader,1.2,21.130,768.453
2026-09-07T18:03:27.377022+00:00,349913.691,snapshot-idle-diagnosis2-after-review-idle,87771,webcontent,0.0,3.770,271.203
2026-09-07T18:03:27.377027+00:00,349913.691,snapshot-idle-diagnosis2-after-review-idle,87772,webcontent,0.0,3.650,271.109
2026-09-07T18:03:27.377030+00:00,349913.691,snapshot-idle-diagnosis2-after-review-idle,87773,webcontent,0.0,3.730,271.375
2026-09-07T18:03:27.377033+00:00,349913.691,snapshot-idle-diagnosis2-after-review-idle,87774,webcontent,0.0,3.630,271.141
2026-09-07T18:03:27.377036+00:00,349913.691,snapshot-idle-diagnosis2-after-review-idle,87776,webkit_network,0.0,0.590,146.500
2026-09-07T18:03:27.377039+00:00,349913.691,snapshot-idle-diagnosis2-after-review-idle,87785,webcontent,0.0,1.960,294.656
2026-09-07T18:03:27.377042+00:00,349913.691,snapshot-idle-diagnosis2-after-review-idle,87786,webcontent,0.0,3.480,294.156
2026-09-07T18:03:27.377044+00:00,349913.691,snapshot-idle-diagnosis2-after-review-idle,87787,webcontent,0.0,3.530,294.828
2026-09-07T18:03:27.377047+00:00,349913.691,snapshot-idle-diagnosis2-after-review-idle,87788,webcontent,0.0,3.580,278.578
2026-09-07T18:03:27.377050+00:00,349913.691,snapshot-idle-diagnosis2-after-review-idle,87793,webkit_gpu,0.0,1.460,180.422
2026-09-07T18:03:28.342937+00:00,349914.692,snapshot-idle-diagnosis2-after-review-idle,87765,reader,0.9,21.140,768.453
2026-09-07T18:03:28.342972+00:00,349914.692,snapshot-idle-diagnosis2-after-review-idle,87771,webcontent,0.0,3.770,271.203
2026-09-07T18:03:28.342976+00:00,349914.692,snapshot-idle-diagnosis2-after-review-idle,87772,webcontent,0.0,3.650,271.109
2026-09-07T18:03:28.342979+00:00,349914.692,snapshot-idle-diagnosis2-after-review-idle,87773,webcontent,0.0,3.730,271.375
2026-09-07T18:03:28.342981+00:00,349914.692,snapshot-idle-diagnosis2-after-review-idle,87774,webcontent,0.0,3.630,271.141
2026-09-07T18:03:28.342984+00:00,349914.692,snapshot-idle-diagnosis2-after-review-idle,87776,webkit_network,0.0,0.590,146.500
2026-09-07T18:03:28.342986+00:00,349914.692,snapshot-idle-diagnosis2-after-review-idle,87785,webcontent,0.0,1.960,294.656
2026-09-07T18:03:28.342989+00:00,349914.692,snapshot-idle-diagnosis2-after-review-idle,87786,webcontent,0.0,3.480,294.156
2026-09-07T18:03:28.342991+00:00,349914.692,snapshot-idle-diagnosis2-after-review-idle,87787,webcontent,0.0,3.530,294.828
2026-09-07T18:03:28.342993+00:00,349914.692,snapshot-idle-diagnosis2-after-review-idle,87788,webcontent,0.0,3.580,278.578
2026-09-07T18:03:28.342995+00:00,349914.692,snapshot-idle-diagnosis2-after-review-idle,87793,webkit_gpu,0.0,1.460,180.422
2026-09-07T18:03:29.384984+00:00,349915.702,snapshot-idle-diagnosis2-after-review-idle,87765,reader,0.9,21.150,768.453
2026-09-07T18:03:29.385020+00:00,349915.702,snapshot-idle-diagnosis2-after-review-idle,87771,webcontent,0.0,3.770,271.203
2026-09-07T18:03:29.385026+00:00,349915.702,snapshot-idle-diagnosis2-after-review-idle,87772,webcontent,0.0,3.650,271.109
2026-09-07T18:03:29.385029+00:00,349915.702,snapshot-idle-diagnosis2-after-review-idle,87773,webcontent,0.0,3.730,271.375
2026-09-07T18:03:29.385032+00:00,349915.702,snapshot-idle-diagnosis2-after-review-idle,87774,webcontent,0.0,3.630,271.141
2026-09-07T18:03:29.385035+00:00,349915.702,snapshot-idle-diagnosis2-after-review-idle,87776,webkit_network,0.0,0.590,146.500
2026-09-07T18:03:29.385038+00:00,349915.702,snapshot-idle-diagnosis2-after-review-idle,87785,webcontent,0.0,1.960,294.656
2026-09-07T18:03:29.385041+00:00,349915.702,snapshot-idle-diagnosis2-after-review-idle,87786,webcontent,0.0,3.480,294.156
2026-09-07T18:03:29.385044+00:00,349915.702,snapshot-idle-diagnosis2-after-review-idle,87787,webcontent,0.0,3.530,294.828
2026-09-07T18:03:29.385047+00:00,349915.702,snapshot-idle-diagnosis2-after-review-idle,87788,webcontent,0.0,3.580,278.578
2026-09-07T18:03:29.385049+00:00,349915.702,snapshot-idle-diagnosis2-after-review-idle,87793,webkit_gpu,0.0,1.460,180.422
2026-09-07T18:03:30.394833+00:00,349916.713,snapshot-idle-diagnosis2-after-review-idle,87765,reader,1.2,21.160,768.453
2026-09-07T18:03:30.394874+00:00,349916.713,snapshot-idle-diagnosis2-after-review-idle,87771,webcontent,0.0,3.770,271.203
2026-09-07T18:03:30.394879+00:00,349916.713,snapshot-idle-diagnosis2-after-review-idle,87772,webcontent,0.0,3.650,271.109
2026-09-07T18:03:30.394882+00:00,349916.713,snapshot-idle-diagnosis2-after-review-idle,87773,webcontent,0.0,3.730,271.375
2026-09-07T18:03:30.394885+00:00,349916.713,snapshot-idle-diagnosis2-after-review-idle,87774,webcontent,0.0,3.630,271.141
2026-09-07T18:03:30.394888+00:00,349916.713,snapshot-idle-diagnosis2-after-review-idle,87776,webkit_network,0.0,0.590,146.547
2026-09-07T18:03:30.394891+00:00,349916.713,snapshot-idle-diagnosis2-after-review-idle,87785,webcontent,0.0,1.960,294.656
2026-09-07T18:03:30.394894+00:00,349916.713,snapshot-idle-diagnosis2-after-review-idle,87786,webcontent,0.0,3.480,294.156
2026-09-07T18:03:30.394897+00:00,349916.713,snapshot-idle-diagnosis2-after-review-idle,87787,webcontent,0.0,3.530,294.828
2026-09-07T18:03:30.394900+00:00,349916.713,snapshot-idle-diagnosis2-after-review-idle,87788,webcontent,0.0,3.580,278.578
2026-09-07T18:03:30.394902+00:00,349916.713,snapshot-idle-diagnosis2-after-review-idle,87793,webkit_gpu,0.0,1.460,180.422
2026-09-07T18:03:31.405836+00:00,349917.723,snapshot-idle-diagnosis2-after-review-idle,87765,reader,1.0,21.170,768.422
2026-09-07T18:03:31.405867+00:00,349917.723,snapshot-idle-diagnosis2-after-review-idle,87771,webcontent,0.0,3.770,271.203
2026-09-07T18:03:31.405872+00:00,349917.723,snapshot-idle-diagnosis2-after-review-idle,87772,webcontent,0.0,3.650,271.109
2026-09-07T18:03:31.405875+00:00,349917.723,snapshot-idle-diagnosis2-after-review-idle,87773,webcontent,0.0,3.730,271.375
2026-09-07T18:03:31.405878+00:00,349917.723,snapshot-idle-diagnosis2-after-review-idle,87774,webcontent,0.0,3.630,271.141
2026-09-07T18:03:31.405881+00:00,349917.723,snapshot-idle-diagnosis2-after-review-idle,87776,webkit_network,0.0,0.590,146.547
2026-09-07T18:03:31.405884+00:00,349917.723,snapshot-idle-diagnosis2-after-review-idle,87785,webcontent,0.0,1.960,294.656
2026-09-07T18:03:31.405887+00:00,349917.723,snapshot-idle-diagnosis2-after-review-idle,87786,webcontent,0.0,3.480,294.156
2026-09-07T18:03:31.405889+00:00,349917.723,snapshot-idle-diagnosis2-after-review-idle,87787,webcontent,0.0,3.530,294.828
2026-09-07T18:03:31.405892+00:00,349917.723,snapshot-idle-diagnosis2-after-review-idle,87788,webcontent,0.0,3.580,278.578
2026-09-07T18:03:31.405895+00:00,349917.723,snapshot-idle-diagnosis2-after-review-idle,87793,webkit_gpu,0.0,1.460,180.328
2026-09-07T18:03:32.415530+00:00,349918.733,snapshot-idle-diagnosis2-after-review-idle,87765,reader,1.0,21.180,768.422
2026-09-07T18:03:32.415560+00:00,349918.733,snapshot-idle-diagnosis2-after-review-idle,87771,webcontent,0.0,3.770,271.203
2026-09-07T18:03:32.415564+00:00,349918.733,snapshot-idle-diagnosis2-after-review-idle,87772,webcontent,0.0,3.650,271.109
2026-09-07T18:03:32.415567+00:00,349918.733,snapshot-idle-diagnosis2-after-review-idle,87773,webcontent,0.0,3.730,271.375
2026-09-07T18:03:32.415570+00:00,349918.733,snapshot-idle-diagnosis2-after-review-idle,87774,webcontent,0.0,3.630,271.141
2026-09-07T18:03:32.415573+00:00,349918.733,snapshot-idle-diagnosis2-after-review-idle,87776,webkit_network,0.0,0.590,146.547
2026-09-07T18:03:32.415576+00:00,349918.733,snapshot-idle-diagnosis2-after-review-idle,87785,webcontent,0.0,1.960,294.656
2026-09-07T18:03:32.415579+00:00,349918.733,snapshot-idle-diagnosis2-after-review-idle,87786,webcontent,0.0,3.480,294.156
2026-09-07T18:03:32.415581+00:00,349918.733,snapshot-idle-diagnosis2-after-review-idle,87787,webcontent,0.0,3.530,294.828
2026-09-07T18:03:32.415584+00:00,349918.733,snapshot-idle-diagnosis2-after-review-idle,87788,webcontent,0.0,3.580,278.578
2026-09-07T18:03:32.415587+00:00,349918.733,snapshot-idle-diagnosis2-after-review-idle,87793,webkit_gpu,0.0,1.460,180.250
2026-09-07T18:03:33.429213+00:00,349919.744,snapshot-idle-diagnosis2-after-review-idle,87765,reader,0.9,21.190,768.422
2026-09-07T18:03:33.429275+00:00,349919.744,snapshot-idle-diagnosis2-after-review-idle,87771,webcontent,0.0,3.770,271.203
2026-09-07T18:03:33.429282+00:00,349919.744,snapshot-idle-diagnosis2-after-review-idle,87772,webcontent,0.0,3.650,271.109
2026-09-07T18:03:33.429286+00:00,349919.744,snapshot-idle-diagnosis2-after-review-idle,87773,webcontent,0.0,3.730,271.375
2026-09-07T18:03:33.429289+00:00,349919.744,snapshot-idle-diagnosis2-after-review-idle,87774,webcontent,0.0,3.630,271.141
2026-09-07T18:03:33.429292+00:00,349919.744,snapshot-idle-diagnosis2-after-review-idle,87776,webkit_network,0.0,0.590,146.547
2026-09-07T18:03:33.429295+00:00,349919.744,snapshot-idle-diagnosis2-after-review-idle,87785,webcontent,0.0,1.960,294.656
2026-09-07T18:03:33.429298+00:00,349919.744,snapshot-idle-diagnosis2-after-review-idle,87786,webcontent,0.0,3.480,294.156
2026-09-07T18:03:33.429301+00:00,349919.744,snapshot-idle-diagnosis2-after-review-idle,87787,webcontent,0.0,3.530,294.828
2026-09-07T18:03:33.429304+00:00,349919.744,snapshot-idle-diagnosis2-after-review-idle,87788,webcontent,0.0,3.580,278.578
2026-09-07T18:03:33.429307+00:00,349919.744,snapshot-idle-diagnosis2-after-review-idle,87793,webkit_gpu,0.0,1.460,180.250
2026-09-07T18:03:34.436863+00:00,349920.754,snapshot-idle-diagnosis2-after-review-idle,87765,reader,1.0,21.200,768.422
2026-09-07T18:03:34.436904+00:00,349920.754,snapshot-idle-diagnosis2-after-review-idle,87771,webcontent,0.0,3.770,271.203
2026-09-07T18:03:34.436911+00:00,349920.754,snapshot-idle-diagnosis2-after-review-idle,87772,webcontent,0.0,3.650,271.109
2026-09-07T18:03:34.436915+00:00,349920.754,snapshot-idle-diagnosis2-after-review-idle,87773,webcontent,0.0,3.730,271.375
2026-09-07T18:03:34.436918+00:00,349920.754,snapshot-idle-diagnosis2-after-review-idle,87774,webcontent,0.0,3.630,271.141
2026-09-07T18:03:34.436921+00:00,349920.754,snapshot-idle-diagnosis2-after-review-idle,87776,webkit_network,0.0,0.590,146.547
2026-09-07T18:03:34.436924+00:00,349920.754,snapshot-idle-diagnosis2-after-review-idle,87785,webcontent,0.0,1.960,294.656
2026-09-07T18:03:34.436927+00:00,349920.754,snapshot-idle-diagnosis2-after-review-idle,87786,webcontent,0.0,3.480,294.156
2026-09-07T18:03:34.436930+00:00,349920.754,snapshot-idle-diagnosis2-after-review-idle,87787,webcontent,0.0,3.530,294.828
2026-09-07T18:03:34.436933+00:00,349920.754,snapshot-idle-diagnosis2-after-review-idle,87788,webcontent,0.0,3.580,278.578
2026-09-07T18:03:34.436936+00:00,349920.754,snapshot-idle-diagnosis2-after-review-idle,87793,webkit_gpu,0.0,1.460,180.250
2026-09-07T18:03:35.450710+00:00,349921.764,snapshot-idle-diagnosis2-after-review-idle,87765,reader,0.9,21.210,768.344
2026-09-07T18:03:35.450760+00:00,349921.764,snapshot-idle-diagnosis2-after-review-idle,87771,webcontent,0.0,3.770,271.203
2026-09-07T18:03:35.450765+00:00,349921.764,snapshot-idle-diagnosis2-after-review-idle,87772,webcontent,0.0,3.650,271.109
2026-09-07T18:03:35.450768+00:00,349921.764,snapshot-idle-diagnosis2-after-review-idle,87773,webcontent,0.0,3.730,271.375
2026-09-07T18:03:35.450771+00:00,349921.764,snapshot-idle-diagnosis2-after-review-idle,87774,webcontent,0.0,3.630,271.141
2026-09-07T18:03:35.450774+00:00,349921.764,snapshot-idle-diagnosis2-after-review-idle,87776,webkit_network,0.0,0.590,146.547
2026-09-07T18:03:35.450777+00:00,349921.764,snapshot-idle-diagnosis2-after-review-idle,87785,webcontent,0.0,1.960,294.656
2026-09-07T18:03:35.450780+00:00,349921.764,snapshot-idle-diagnosis2-after-review-idle,87786,webcontent,0.0,3.480,294.156
2026-09-07T18:03:35.450783+00:00,349921.764,snapshot-idle-diagnosis2-after-review-idle,87787,webcontent,0.0,3.530,294.828
2026-09-07T18:03:35.450786+00:00,349921.764,snapshot-idle-diagnosis2-after-review-idle,87788,webcontent,0.0,3.580,278.578
2026-09-07T18:03:35.450789+00:00,349921.764,snapshot-idle-diagnosis2-after-review-idle,87793,webkit_gpu,0.0,1.460,180.250
2026-09-07T18:03:36.459409+00:00,349922.775,snapshot-idle-diagnosis2-after-review-idle,87765,reader,1.0,21.230,768.281
2026-09-07T18:03:36.459450+00:00,349922.775,snapshot-idle-diagnosis2-after-review-idle,87771,webcontent,0.0,3.770,271.203
2026-09-07T18:03:36.459456+00:00,349922.775,snapshot-idle-diagnosis2-after-review-idle,87772,webcontent,0.0,3.650,271.109
2026-09-07T18:03:36.459459+00:00,349922.775,snapshot-idle-diagnosis2-after-review-idle,87773,webcontent,0.0,3.730,271.375
2026-09-07T18:03:36.459462+00:00,349922.775,snapshot-idle-diagnosis2-after-review-idle,87774,webcontent,0.0,3.630,271.141
2026-09-07T18:03:36.459466+00:00,349922.775,snapshot-idle-diagnosis2-after-review-idle,87776,webkit_network,0.0,0.590,146.547
2026-09-07T18:03:36.459469+00:00,349922.775,snapshot-idle-diagnosis2-after-review-idle,87785,webcontent,0.0,1.960,294.656
2026-09-07T18:03:36.459472+00:00,349922.775,snapshot-idle-diagnosis2-after-review-idle,87786,webcontent,0.0,3.480,294.156
2026-09-07T18:03:36.459475+00:00,349922.775,snapshot-idle-diagnosis2-after-review-idle,87787,webcontent,0.0,3.530,294.828
2026-09-07T18:03:36.459477+00:00,349922.775,snapshot-idle-diagnosis2-after-review-idle,87788,webcontent,0.0,3.580,278.578
2026-09-07T18:03:36.459480+00:00,349922.775,snapshot-idle-diagnosis2-after-review-idle,87793,webkit_gpu,0.0,1.460,180.250
2026-09-07T18:03:37.469122+00:00,349923.785,snapshot-idle-diagnosis2-after-review-idle,87765,reader,1.0,21.240,768.266
2026-09-07T18:03:37.469157+00:00,349923.785,snapshot-idle-diagnosis2-after-review-idle,87771,webcontent,0.0,3.770,271.203
2026-09-07T18:03:37.469162+00:00,349923.785,snapshot-idle-diagnosis2-after-review-idle,87772,webcontent,0.0,3.650,271.109
2026-09-07T18:03:37.469165+00:00,349923.785,snapshot-idle-diagnosis2-after-review-idle,87773,webcontent,0.0,3.730,271.375
2026-09-07T18:03:37.469168+00:00,349923.785,snapshot-idle-diagnosis2-after-review-idle,87774,webcontent,0.0,3.630,271.141
2026-09-07T18:03:37.469172+00:00,349923.785,snapshot-idle-diagnosis2-after-review-idle,87776,webkit_network,0.0,0.590,146.547
2026-09-07T18:03:37.469175+00:00,349923.785,snapshot-idle-diagnosis2-after-review-idle,87785,webcontent,0.0,1.960,294.656
2026-09-07T18:03:37.469177+00:00,349923.785,snapshot-idle-diagnosis2-after-review-idle,87786,webcontent,0.0,3.480,294.156
2026-09-07T18:03:37.469180+00:00,349923.785,snapshot-idle-diagnosis2-after-review-idle,87787,webcontent,0.0,3.530,294.828
2026-09-07T18:03:37.469183+00:00,349923.785,snapshot-idle-diagnosis2-after-review-idle,87788,webcontent,0.0,3.580,278.578
2026-09-07T18:03:37.469186+00:00,349923.785,snapshot-idle-diagnosis2-after-review-idle,87793,webkit_gpu,0.0,1.460,180.234
2026-09-07T18:03:38.478029+00:00,349924.795,snapshot-idle-diagnosis2-after-review-idle,87765,reader,1.0,21.250,768.266
2026-09-07T18:03:38.478060+00:00,349924.795,snapshot-idle-diagnosis2-after-review-idle,87771,webcontent,0.0,3.770,271.203
2026-09-07T18:03:38.478064+00:00,349924.795,snapshot-idle-diagnosis2-after-review-idle,87772,webcontent,0.0,3.650,271.109
2026-09-07T18:03:38.478067+00:00,349924.795,snapshot-idle-diagnosis2-after-review-idle,87773,webcontent,0.0,3.730,271.375
2026-09-07T18:03:38.478070+00:00,349924.795,snapshot-idle-diagnosis2-after-review-idle,87774,webcontent,0.0,3.630,271.141
2026-09-07T18:03:38.478073+00:00,349924.795,snapshot-idle-diagnosis2-after-review-idle,87776,webkit_network,0.0,0.590,146.547
2026-09-07T18:03:38.478076+00:00,349924.795,snapshot-idle-diagnosis2-after-review-idle,87785,webcontent,0.0,1.960,294.656
2026-09-07T18:03:38.478079+00:00,349924.795,snapshot-idle-diagnosis2-after-review-idle,87786,webcontent,0.0,3.480,294.156
2026-09-07T18:03:38.478082+00:00,349924.795,snapshot-idle-diagnosis2-after-review-idle,87787,webcontent,0.0,3.530,294.828
2026-09-07T18:03:38.478085+00:00,349924.795,snapshot-idle-diagnosis2-after-review-idle,87788,webcontent,0.0,3.580,278.578
2026-09-07T18:03:38.478087+00:00,349924.795,snapshot-idle-diagnosis2-after-review-idle,87793,webkit_gpu,0.0,1.460,180.234
2026-09-07T18:03:39.487282+00:00,349925.806,snapshot-idle-diagnosis2-after-review-idle,87765,reader,1.0,21.260,768.266
2026-09-07T18:03:39.487315+00:00,349925.806,snapshot-idle-diagnosis2-after-review-idle,87771,webcontent,0.0,3.770,271.203
2026-09-07T18:03:39.487320+00:00,349925.806,snapshot-idle-diagnosis2-after-review-idle,87772,webcontent,0.0,3.650,271.109
2026-09-07T18:03:39.487323+00:00,349925.806,snapshot-idle-diagnosis2-after-review-idle,87773,webcontent,0.0,3.730,271.375
2026-09-07T18:03:39.487326+00:00,349925.806,snapshot-idle-diagnosis2-after-review-idle,87774,webcontent,0.0,3.630,271.141
2026-09-07T18:03:39.487329+00:00,349925.806,snapshot-idle-diagnosis2-after-review-idle,87776,webkit_network,0.0,0.590,146.531
2026-09-07T18:03:39.487332+00:00,349925.806,snapshot-idle-diagnosis2-after-review-idle,87785,webcontent,0.0,1.960,294.656
2026-09-07T18:03:39.487335+00:00,349925.806,snapshot-idle-diagnosis2-after-review-idle,87786,webcontent,0.0,3.480,294.156
2026-09-07T18:03:39.487337+00:00,349925.806,snapshot-idle-diagnosis2-after-review-idle,87787,webcontent,0.0,3.530,294.828
2026-09-07T18:03:39.487340+00:00,349925.806,snapshot-idle-diagnosis2-after-review-idle,87788,webcontent,0.0,3.580,278.578
2026-09-07T18:03:39.487343+00:00,349925.806,snapshot-idle-diagnosis2-after-review-idle,87793,webkit_gpu,0.0,1.460,180.234
2026-09-07T18:03:40.498353+00:00,349926.816,snapshot-idle-diagnosis2-after-review-idle,87765,reader,1.1,21.270,768.266
2026-09-07T18:03:40.498395+00:00,349926.816,snapshot-idle-diagnosis2-after-review-idle,87771,webcontent,0.0,3.770,271.203
2026-09-07T18:03:40.498401+00:00,349926.816,snapshot-idle-diagnosis2-after-review-idle,87772,webcontent,0.0,3.650,271.109
2026-09-07T18:03:40.498405+00:00,349926.816,snapshot-idle-diagnosis2-after-review-idle,87773,webcontent,0.0,3.730,271.375
2026-09-07T18:03:40.498408+00:00,349926.816,snapshot-idle-diagnosis2-after-review-idle,87774,webcontent,0.0,3.630,271.141
2026-09-07T18:03:40.498411+00:00,349926.816,snapshot-idle-diagnosis2-after-review-idle,87776,webkit_network,0.0,0.590,146.531
2026-09-07T18:03:40.498414+00:00,349926.816,snapshot-idle-diagnosis2-after-review-idle,87785,webcontent,0.0,1.960,294.656
2026-09-07T18:03:40.498417+00:00,349926.816,snapshot-idle-diagnosis2-after-review-idle,87786,webcontent,0.0,3.480,294.156
2026-09-07T18:03:40.498420+00:00,349926.816,snapshot-idle-diagnosis2-after-review-idle,87787,webcontent,0.0,3.530,294.828
2026-09-07T18:03:40.498423+00:00,349926.816,snapshot-idle-diagnosis2-after-review-idle,87788,webcontent,0.0,3.580,278.578
2026-09-07T18:03:40.498426+00:00,349926.816,snapshot-idle-diagnosis2-after-review-idle,87793,webkit_gpu,0.0,1.460,180.234
2026-09-07T18:03:41.508780+00:00,349927.826,snapshot-idle-diagnosis2-after-review-idle,87765,reader,1.0,21.280,768.266
2026-09-07T18:03:41.508818+00:00,349927.826,snapshot-idle-diagnosis2-after-review-idle,87771,webcontent,0.0,3.770,271.203
2026-09-07T18:03:41.508823+00:00,349927.826,snapshot-idle-diagnosis2-after-review-idle,87772,webcontent,0.0,3.650,271.109
2026-09-07T18:03:41.508826+00:00,349927.826,snapshot-idle-diagnosis2-after-review-idle,87773,webcontent,0.0,3.730,271.375
2026-09-07T18:03:41.508829+00:00,349927.826,snapshot-idle-diagnosis2-after-review-idle,87774,webcontent,0.0,3.630,271.141
2026-09-07T18:03:41.508831+00:00,349927.826,snapshot-idle-diagnosis2-after-review-idle,87776,webkit_network,0.0,0.590,146.531
2026-09-07T18:03:41.508834+00:00,349927.826,snapshot-idle-diagnosis2-after-review-idle,87785,webcontent,0.0,1.960,294.656
2026-09-07T18:03:41.508837+00:00,349927.826,snapshot-idle-diagnosis2-after-review-idle,87786,webcontent,0.0,3.480,294.156
2026-09-07T18:03:41.508840+00:00,349927.826,snapshot-idle-diagnosis2-after-review-idle,87787,webcontent,0.0,3.530,294.828
2026-09-07T18:03:41.508843+00:00,349927.826,snapshot-idle-diagnosis2-after-review-idle,87788,webcontent,0.0,3.580,278.578
2026-09-07T18:03:41.508846+00:00,349927.826,snapshot-idle-diagnosis2-after-review-idle,87793,webkit_gpu,0.0,1.460,180.234
2026-09-07T18:03:42.522054+00:00,349928.837,snapshot-idle-diagnosis2-after-review-idle,87765,reader,0.9,21.290,768.266
2026-09-07T18:03:42.522084+00:00,349928.837,snapshot-idle-diagnosis2-after-review-idle,87771,webcontent,0.0,3.770,271.203
2026-09-07T18:03:42.522088+00:00,349928.837,snapshot-idle-diagnosis2-after-review-idle,87772,webcontent,0.0,3.650,271.109
2026-09-07T18:03:42.522092+00:00,349928.837,snapshot-idle-diagnosis2-after-review-idle,87773,webcontent,0.0,3.730,271.375
2026-09-07T18:03:42.522094+00:00,349928.837,snapshot-idle-diagnosis2-after-review-idle,87774,webcontent,0.0,3.630,271.141
2026-09-07T18:03:42.522097+00:00,349928.837,snapshot-idle-diagnosis2-after-review-idle,87776,webkit_network,0.0,0.590,146.531
2026-09-07T18:03:42.522100+00:00,349928.837,snapshot-idle-diagnosis2-after-review-idle,87785,webcontent,0.0,1.960,294.656
2026-09-07T18:03:42.522103+00:00,349928.837,snapshot-idle-diagnosis2-after-review-idle,87786,webcontent,0.0,3.480,294.156
2026-09-07T18:03:42.522106+00:00,349928.837,snapshot-idle-diagnosis2-after-review-idle,87787,webcontent,0.0,3.530,294.828
2026-09-07T18:03:42.522109+00:00,349928.837,snapshot-idle-diagnosis2-after-review-idle,87788,webcontent,0.0,3.580,278.578
2026-09-07T18:03:42.522112+00:00,349928.837,snapshot-idle-diagnosis2-after-review-idle,87793,webkit_gpu,0.0,1.460,180.234
2026-09-07T18:03:43.531636+00:00,349929.847,snapshot-idle-diagnosis2-after-review-idle,87765,reader,0.9,21.300,768.266
2026-09-07T18:03:43.531666+00:00,349929.847,snapshot-idle-diagnosis2-after-review-idle,87771,webcontent,0.0,3.770,271.203
2026-09-07T18:03:43.531671+00:00,349929.847,snapshot-idle-diagnosis2-after-review-idle,87772,webcontent,0.0,3.650,271.109
2026-09-07T18:03:43.531674+00:00,349929.847,snapshot-idle-diagnosis2-after-review-idle,87773,webcontent,0.0,3.730,271.375
2026-09-07T18:03:43.531677+00:00,349929.847,snapshot-idle-diagnosis2-after-review-idle,87774,webcontent,0.0,3.630,271.141
2026-09-07T18:03:43.531680+00:00,349929.847,snapshot-idle-diagnosis2-after-review-idle,87776,webkit_network,0.0,0.590,146.531
2026-09-07T18:03:43.531683+00:00,349929.847,snapshot-idle-diagnosis2-after-review-idle,87785,webcontent,0.0,1.960,294.656
2026-09-07T18:03:43.531686+00:00,349929.847,snapshot-idle-diagnosis2-after-review-idle,87786,webcontent,0.0,3.480,294.156
2026-09-07T18:03:43.531689+00:00,349929.847,snapshot-idle-diagnosis2-after-review-idle,87787,webcontent,0.0,3.530,294.828
2026-09-07T18:03:43.531691+00:00,349929.847,snapshot-idle-diagnosis2-after-review-idle,87788,webcontent,0.0,3.580,278.578
2026-09-07T18:03:43.531694+00:00,349929.847,snapshot-idle-diagnosis2-after-review-idle,87793,webkit_gpu,0.0,1.460,180.234
2026-09-07T18:03:44.544590+00:00,349930.857,snapshot-idle-diagnosis2-after-review-idle,87765,reader,0.9,21.310,768.266
2026-09-07T18:03:44.544629+00:00,349930.857,snapshot-idle-diagnosis2-after-review-idle,87771,webcontent,0.0,3.770,271.203
2026-09-07T18:03:44.544634+00:00,349930.857,snapshot-idle-diagnosis2-after-review-idle,87772,webcontent,0.0,3.650,271.109
2026-09-07T18:03:44.544637+00:00,349930.857,snapshot-idle-diagnosis2-after-review-idle,87773,webcontent,0.0,3.730,271.375
2026-09-07T18:03:44.544640+00:00,349930.857,snapshot-idle-diagnosis2-after-review-idle,87774,webcontent,0.0,3.630,271.141
2026-09-07T18:03:44.544643+00:00,349930.857,snapshot-idle-diagnosis2-after-review-idle,87776,webkit_network,0.0,0.590,146.531
2026-09-07T18:03:44.544646+00:00,349930.857,snapshot-idle-diagnosis2-after-review-idle,87785,webcontent,0.0,1.960,294.656
2026-09-07T18:03:44.544649+00:00,349930.857,snapshot-idle-diagnosis2-after-review-idle,87786,webcontent,0.0,3.480,294.156
2026-09-07T18:03:44.544651+00:00,349930.857,snapshot-idle-diagnosis2-after-review-idle,87787,webcontent,0.0,3.530,294.828
2026-09-07T18:03:44.544654+00:00,349930.857,snapshot-idle-diagnosis2-after-review-idle,87788,webcontent,0.0,3.580,278.578
2026-09-07T18:03:44.544657+00:00,349930.857,snapshot-idle-diagnosis2-after-review-idle,87793,webkit_gpu,0.0,1.460,180.234
2026-09-07T18:03:45.554619+00:00,349931.868,snapshot-idle-diagnosis2-after-review-idle,87765,reader,0.9,21.320,768.266
2026-09-07T18:03:45.554664+00:00,349931.868,snapshot-idle-diagnosis2-after-review-idle,87771,webcontent,0.0,3.770,271.203
2026-09-07T18:03:45.554669+00:00,349931.868,snapshot-idle-diagnosis2-after-review-idle,87772,webcontent,0.0,3.650,271.109
2026-09-07T18:03:45.554672+00:00,349931.868,snapshot-idle-diagnosis2-after-review-idle,87773,webcontent,0.0,3.730,271.375
2026-09-07T18:03:45.554674+00:00,349931.868,snapshot-idle-diagnosis2-after-review-idle,87774,webcontent,0.0,3.630,271.141
2026-09-07T18:03:45.554678+00:00,349931.868,snapshot-idle-diagnosis2-after-review-idle,87776,webkit_network,0.0,0.590,146.531
2026-09-07T18:03:45.554680+00:00,349931.868,snapshot-idle-diagnosis2-after-review-idle,87785,webcontent,0.0,1.960,294.656
2026-09-07T18:03:45.554683+00:00,349931.868,snapshot-idle-diagnosis2-after-review-idle,87786,webcontent,0.0,3.480,294.156
2026-09-07T18:03:45.554686+00:00,349931.868,snapshot-idle-diagnosis2-after-review-idle,87787,webcontent,0.0,3.530,294.828
2026-09-07T18:03:45.554689+00:00,349931.868,snapshot-idle-diagnosis2-after-review-idle,87788,webcontent,0.0,3.580,278.578
2026-09-07T18:03:45.554692+00:00,349931.868,snapshot-idle-diagnosis2-after-review-idle,87793,webkit_gpu,0.0,1.460,180.234
2026-09-07T18:03:46.562972+00:00,349932.878,snapshot-idle-diagnosis2-after-review-idle,87765,reader,1.0,21.330,768.266
2026-09-07T18:03:46.563014+00:00,349932.878,snapshot-idle-diagnosis2-after-review-idle,87771,webcontent,0.0,3.770,271.203
2026-09-07T18:03:46.563019+00:00,349932.878,snapshot-idle-diagnosis2-after-review-idle,87772,webcontent,0.0,3.650,271.109
2026-09-07T18:03:46.563022+00:00,349932.878,snapshot-idle-diagnosis2-after-review-idle,87773,webcontent,0.0,3.730,271.375
2026-09-07T18:03:46.563025+00:00,349932.878,snapshot-idle-diagnosis2-after-review-idle,87774,webcontent,0.0,3.630,271.141
2026-09-07T18:03:46.563027+00:00,349932.878,snapshot-idle-diagnosis2-after-review-idle,87776,webkit_network,0.0,0.590,146.531
2026-09-07T18:03:46.563030+00:00,349932.878,snapshot-idle-diagnosis2-after-review-idle,87785,webcontent,0.0,1.960,294.656
2026-09-07T18:03:46.563033+00:00,349932.878,snapshot-idle-diagnosis2-after-review-idle,87786,webcontent,0.0,3.480,294.156
2026-09-07T18:03:46.563036+00:00,349932.878,snapshot-idle-diagnosis2-after-review-idle,87787,webcontent,0.0,3.530,294.828
2026-09-07T18:03:46.563038+00:00,349932.878,snapshot-idle-diagnosis2-after-review-idle,87788,webcontent,0.0,3.580,278.578
2026-09-07T18:03:46.563041+00:00,349932.878,snapshot-idle-diagnosis2-after-review-idle,87793,webkit_gpu,0.0,1.460,180.234
2026-09-07T18:03:47.572673+00:00,349933.888,snapshot-idle-diagnosis2-after-review-idle,87765,reader,0.9,21.340,768.266
2026-09-07T18:03:47.572705+00:00,349933.888,snapshot-idle-diagnosis2-after-review-idle,87771,webcontent,0.0,3.770,271.203
2026-09-07T18:03:47.572710+00:00,349933.888,snapshot-idle-diagnosis2-after-review-idle,87772,webcontent,0.0,3.650,271.109
2026-09-07T18:03:47.572713+00:00,349933.888,snapshot-idle-diagnosis2-after-review-idle,87773,webcontent,0.0,3.730,271.375
2026-09-07T18:03:47.572716+00:00,349933.888,snapshot-idle-diagnosis2-after-review-idle,87774,webcontent,0.0,3.630,271.141
2026-09-07T18:03:47.572719+00:00,349933.888,snapshot-idle-diagnosis2-after-review-idle,87776,webkit_network,0.0,0.590,146.531
2026-09-07T18:03:47.572722+00:00,349933.888,snapshot-idle-diagnosis2-after-review-idle,87785,webcontent,0.0,1.960,294.656
2026-09-07T18:03:47.572725+00:00,349933.888,snapshot-idle-diagnosis2-after-review-idle,87786,webcontent,0.0,3.480,294.156
2026-09-07T18:03:47.572728+00:00,349933.888,snapshot-idle-diagnosis2-after-review-idle,87787,webcontent,0.0,3.530,294.828
2026-09-07T18:03:47.572730+00:00,349933.888,snapshot-idle-diagnosis2-after-review-idle,87788,webcontent,0.0,3.580,278.578
2026-09-07T18:03:47.572733+00:00,349933.888,snapshot-idle-diagnosis2-after-review-idle,87793,webkit_gpu,0.0,1.460,180.234
2026-09-07T18:03:48.582601+00:00,349934.899,snapshot-idle-diagnosis2-after-review-idle,87765,reader,1.0,21.350,768.266
2026-09-07T18:03:48.582632+00:00,349934.899,snapshot-idle-diagnosis2-after-review-idle,87771,webcontent,0.0,3.770,271.203
2026-09-07T18:03:48.582636+00:00,349934.899,snapshot-idle-diagnosis2-after-review-idle,87772,webcontent,0.0,3.650,271.109
2026-09-07T18:03:48.582639+00:00,349934.899,snapshot-idle-diagnosis2-after-review-idle,87773,webcontent,0.0,3.730,271.375
2026-09-07T18:03:48.582642+00:00,349934.899,snapshot-idle-diagnosis2-after-review-idle,87774,webcontent,0.0,3.630,271.141
2026-09-07T18:03:48.582645+00:00,349934.899,snapshot-idle-diagnosis2-after-review-idle,87776,webkit_network,0.0,0.590,146.531
2026-09-07T18:03:48.582648+00:00,349934.899,snapshot-idle-diagnosis2-after-review-idle,87785,webcontent,0.0,1.960,294.656
2026-09-07T18:03:48.582651+00:00,349934.899,snapshot-idle-diagnosis2-after-review-idle,87786,webcontent,0.0,3.480,294.156
2026-09-07T18:03:48.582653+00:00,349934.899,snapshot-idle-diagnosis2-after-review-idle,87787,webcontent,0.0,3.530,294.828
2026-09-07T18:03:48.582656+00:00,349934.899,snapshot-idle-diagnosis2-after-review-idle,87788,webcontent,0.0,3.580,278.578
2026-09-07T18:03:48.582659+00:00,349934.899,snapshot-idle-diagnosis2-after-review-idle,87793,webkit_gpu,0.0,1.460,180.234
2026-09-07T18:03:49.592330+00:00,349935.909,snapshot-idle-diagnosis2-after-review-idle,87765,reader,0.9,21.360,768.266
2026-09-07T18:03:49.592361+00:00,349935.909,snapshot-idle-diagnosis2-after-review-idle,87771,webcontent,0.0,3.770,271.203
2026-09-07T18:03:49.592365+00:00,349935.909,snapshot-idle-diagnosis2-after-review-idle,87772,webcontent,0.0,3.650,271.109
2026-09-07T18:03:49.592368+00:00,349935.909,snapshot-idle-diagnosis2-after-review-idle,87773,webcontent,0.0,3.730,271.375
2026-09-07T18:03:49.592371+00:00,349935.909,snapshot-idle-diagnosis2-after-review-idle,87774,webcontent,0.0,3.630,271.141
2026-09-07T18:03:49.592374+00:00,349935.909,snapshot-idle-diagnosis2-after-review-idle,87776,webkit_network,0.0,0.590,146.531
2026-09-07T18:03:49.592377+00:00,349935.909,snapshot-idle-diagnosis2-after-review-idle,87785,webcontent,0.0,1.960,294.656
2026-09-07T18:03:49.592380+00:00,349935.909,snapshot-idle-diagnosis2-after-review-idle,87786,webcontent,0.0,3.480,294.156
2026-09-07T18:03:49.592382+00:00,349935.909,snapshot-idle-diagnosis2-after-review-idle,87787,webcontent,0.0,3.530,294.828
2026-09-07T18:03:49.592385+00:00,349935.909,snapshot-idle-diagnosis2-after-review-idle,87788,webcontent,0.0,3.580,278.578
2026-09-07T18:03:49.592388+00:00,349935.909,snapshot-idle-diagnosis2-after-review-idle,87793,webkit_gpu,0.0,1.460,180.234
2026-09-07T18:03:50.604120+00:00,349936.919,snapshot-idle-diagnosis2-after-review-idle,87765,reader,1.3,21.380,768.266
2026-09-07T18:03:50.604165+00:00,349936.919,snapshot-idle-diagnosis2-after-review-idle,87771,webcontent,0.0,3.770,271.203
2026-09-07T18:03:50.604170+00:00,349936.919,snapshot-idle-diagnosis2-after-review-idle,87772,webcontent,0.0,3.650,271.109
2026-09-07T18:03:50.604173+00:00,349936.919,snapshot-idle-diagnosis2-after-review-idle,87773,webcontent,0.0,3.730,271.375
2026-09-07T18:03:50.604176+00:00,349936.919,snapshot-idle-diagnosis2-after-review-idle,87774,webcontent,0.0,3.630,271.141
2026-09-07T18:03:50.604179+00:00,349936.919,snapshot-idle-diagnosis2-after-review-idle,87776,webkit_network,0.0,0.590,146.531
2026-09-07T18:03:50.604182+00:00,349936.919,snapshot-idle-diagnosis2-after-review-idle,87785,webcontent,0.0,1.960,294.656
2026-09-07T18:03:50.604185+00:00,349936.919,snapshot-idle-diagnosis2-after-review-idle,87786,webcontent,0.0,3.480,294.156
2026-09-07T18:03:50.604188+00:00,349936.919,snapshot-idle-diagnosis2-after-review-idle,87787,webcontent,0.0,3.530,294.828
2026-09-07T18:03:50.604190+00:00,349936.919,snapshot-idle-diagnosis2-after-review-idle,87788,webcontent,0.0,3.580,278.578
2026-09-07T18:03:50.604193+00:00,349936.919,snapshot-idle-diagnosis2-after-review-idle,87793,webkit_gpu,0.0,1.460,180.234
2026-09-07T18:03:51.613441+00:00,349937.930,snapshot-idle-diagnosis2-after-review-idle,87765,reader,3.6,21.420,768.891
2026-09-07T18:03:51.613479+00:00,349937.930,snapshot-idle-diagnosis2-after-review-idle,87771,webcontent,0.0,3.770,271.203
2026-09-07T18:03:51.613484+00:00,349937.930,snapshot-idle-diagnosis2-after-review-idle,87772,webcontent,0.0,3.650,271.109
2026-09-07T18:03:51.613487+00:00,349937.930,snapshot-idle-diagnosis2-after-review-idle,87773,webcontent,0.0,3.730,271.375
2026-09-07T18:03:51.613490+00:00,349937.930,snapshot-idle-diagnosis2-after-review-idle,87774,webcontent,0.0,3.630,271.141
2026-09-07T18:03:51.613493+00:00,349937.930,snapshot-idle-diagnosis2-after-review-idle,87776,webkit_network,0.0,0.590,146.531
2026-09-07T18:03:51.613496+00:00,349937.930,snapshot-idle-diagnosis2-after-review-idle,87785,webcontent,0.0,1.960,294.656
2026-09-07T18:03:51.613499+00:00,349937.930,snapshot-idle-diagnosis2-after-review-idle,87786,webcontent,0.0,3.480,294.156
2026-09-07T18:03:51.613501+00:00,349937.930,snapshot-idle-diagnosis2-after-review-idle,87787,webcontent,0.0,3.530,294.828
2026-09-07T18:03:51.613504+00:00,349937.930,snapshot-idle-diagnosis2-after-review-idle,87788,webcontent,0.0,3.580,278.578
2026-09-07T18:03:51.613507+00:00,349937.930,snapshot-idle-diagnosis2-after-review-idle,87793,webkit_gpu,0.0,1.460,180.234
2026-09-07T18:03:52.623588+00:00,349938.940,snapshot-idle-diagnosis2-after-review-idle,87765,reader,0.9,21.430,768.891
2026-09-07T18:03:52.623622+00:00,349938.940,snapshot-idle-diagnosis2-after-review-idle,87771,webcontent,0.0,3.770,271.203
2026-09-07T18:03:52.623626+00:00,349938.940,snapshot-idle-diagnosis2-after-review-idle,87772,webcontent,0.0,3.650,271.109
2026-09-07T18:03:52.623629+00:00,349938.940,snapshot-idle-diagnosis2-after-review-idle,87773,webcontent,0.0,3.730,271.375
2026-09-07T18:03:52.623632+00:00,349938.940,snapshot-idle-diagnosis2-after-review-idle,87774,webcontent,0.0,3.630,271.141
2026-09-07T18:03:52.623635+00:00,349938.940,snapshot-idle-diagnosis2-after-review-idle,87776,webkit_network,0.0,0.590,146.531
2026-09-07T18:03:52.623638+00:00,349938.940,snapshot-idle-diagnosis2-after-review-idle,87785,webcontent,0.0,1.960,294.656
2026-09-07T18:03:52.623640+00:00,349938.940,snapshot-idle-diagnosis2-after-review-idle,87786,webcontent,0.0,3.480,294.156
2026-09-07T18:03:52.623643+00:00,349938.940,snapshot-idle-diagnosis2-after-review-idle,87787,webcontent,0.0,3.530,294.828
2026-09-07T18:03:52.623646+00:00,349938.940,snapshot-idle-diagnosis2-after-review-idle,87788,webcontent,0.0,3.580,278.578
2026-09-07T18:03:52.623648+00:00,349938.940,snapshot-idle-diagnosis2-after-review-idle,87793,webkit_gpu,0.0,1.460,180.234
2026-09-07T18:03:53.633159+00:00,349939.950,snapshot-idle-diagnosis2-after-review-idle,87765,reader,0.8,21.440,769.031
2026-09-07T18:03:53.633195+00:00,349939.950,snapshot-idle-diagnosis2-after-review-idle,87771,webcontent,0.0,3.770,271.203
2026-09-07T18:03:53.633200+00:00,349939.950,snapshot-idle-diagnosis2-after-review-idle,87772,webcontent,0.0,3.650,271.109
2026-09-07T18:03:53.633204+00:00,349939.950,snapshot-idle-diagnosis2-after-review-idle,87773,webcontent,0.0,3.730,271.375
2026-09-07T18:03:53.633207+00:00,349939.950,snapshot-idle-diagnosis2-after-review-idle,87774,webcontent,0.0,3.630,271.141
2026-09-07T18:03:53.633210+00:00,349939.950,snapshot-idle-diagnosis2-after-review-idle,87776,webkit_network,0.0,0.590,146.531
2026-09-07T18:03:53.633213+00:00,349939.950,snapshot-idle-diagnosis2-after-review-idle,87785,webcontent,0.0,1.960,294.656
2026-09-07T18:03:53.633216+00:00,349939.950,snapshot-idle-diagnosis2-after-review-idle,87786,webcontent,0.0,3.480,294.156
2026-09-07T18:03:53.633219+00:00,349939.950,snapshot-idle-diagnosis2-after-review-idle,87787,webcontent,0.0,3.530,294.828
2026-09-07T18:03:53.633221+00:00,349939.950,snapshot-idle-diagnosis2-after-review-idle,87788,webcontent,0.0,3.580,278.578
2026-09-07T18:03:53.633224+00:00,349939.950,snapshot-idle-diagnosis2-after-review-idle,87793,webkit_gpu,0.0,1.460,180.234
2026-09-07T18:03:54.644495+00:00,349940.961,snapshot-idle-diagnosis2-after-review-idle,87765,reader,0.9,21.460,769.031
2026-09-07T18:03:54.644539+00:00,349940.961,snapshot-idle-diagnosis2-after-review-idle,87771,webcontent,0.0,3.770,271.203
2026-09-07T18:03:54.644545+00:00,349940.961,snapshot-idle-diagnosis2-after-review-idle,87772,webcontent,0.0,3.650,271.109
2026-09-07T18:03:54.644548+00:00,349940.961,snapshot-idle-diagnosis2-after-review-idle,87773,webcontent,0.0,3.730,271.375
2026-09-07T18:03:54.644551+00:00,349940.961,snapshot-idle-diagnosis2-after-review-idle,87774,webcontent,0.0,3.630,271.141
2026-09-07T18:03:54.644554+00:00,349940.961,snapshot-idle-diagnosis2-after-review-idle,87776,webkit_network,0.0,0.590,146.531
2026-09-07T18:03:54.644557+00:00,349940.961,snapshot-idle-diagnosis2-after-review-idle,87785,webcontent,0.0,1.960,294.656
2026-09-07T18:03:54.644560+00:00,349940.961,snapshot-idle-diagnosis2-after-review-idle,87786,webcontent,0.0,3.480,294.156
2026-09-07T18:03:54.644563+00:00,349940.961,snapshot-idle-diagnosis2-after-review-idle,87787,webcontent,0.0,3.530,294.828
2026-09-07T18:03:54.644566+00:00,349940.961,snapshot-idle-diagnosis2-after-review-idle,87788,webcontent,0.0,3.580,278.578
2026-09-07T18:03:54.644568+00:00,349940.961,snapshot-idle-diagnosis2-after-review-idle,87793,webkit_gpu,0.0,1.460,180.234
2026-09-07T18:03:55.655256+00:00,349941.969,snapshot-idle-diagnosis2-after-review-idle,87765,reader,1.0,21.470,769.047
2026-09-07T18:03:55.655291+00:00,349941.969,snapshot-idle-diagnosis2-after-review-idle,87771,webcontent,0.0,3.770,271.203
2026-09-07T18:03:55.655296+00:00,349941.969,snapshot-idle-diagnosis2-after-review-idle,87772,webcontent,0.0,3.650,271.109
2026-09-07T18:03:55.655299+00:00,349941.969,snapshot-idle-diagnosis2-after-review-idle,87773,webcontent,0.0,3.730,271.375
2026-09-07T18:03:55.655302+00:00,349941.969,snapshot-idle-diagnosis2-after-review-idle,87774,webcontent,0.0,3.630,271.141
2026-09-07T18:03:55.655305+00:00,349941.969,snapshot-idle-diagnosis2-after-review-idle,87776,webkit_network,0.0,0.590,146.531
2026-09-07T18:03:55.655308+00:00,349941.969,snapshot-idle-diagnosis2-after-review-idle,87785,webcontent,0.0,1.960,294.656
2026-09-07T18:03:55.655311+00:00,349941.969,snapshot-idle-diagnosis2-after-review-idle,87786,webcontent,0.0,3.480,294.156
2026-09-07T18:03:55.655314+00:00,349941.969,snapshot-idle-diagnosis2-after-review-idle,87787,webcontent,0.0,3.530,294.828
2026-09-07T18:03:55.655317+00:00,349941.969,snapshot-idle-diagnosis2-after-review-idle,87788,webcontent,0.0,3.580,278.578
2026-09-07T18:03:55.655319+00:00,349941.969,snapshot-idle-diagnosis2-after-review-idle,87793,webkit_gpu,0.0,1.460,180.234
2026-09-07T18:03:56.666709+00:00,349942.979,snapshot-idle-diagnosis2-after-review-idle,87765,reader,0.9,21.480,769.047
2026-09-07T18:03:56.666745+00:00,349942.979,snapshot-idle-diagnosis2-after-review-idle,87771,webcontent,0.0,3.770,271.203
2026-09-07T18:03:56.666750+00:00,349942.979,snapshot-idle-diagnosis2-after-review-idle,87772,webcontent,0.0,3.650,271.109
2026-09-07T18:03:56.666753+00:00,349942.979,snapshot-idle-diagnosis2-after-review-idle,87773,webcontent,0.0,3.730,271.375
2026-09-07T18:03:56.666756+00:00,349942.979,snapshot-idle-diagnosis2-after-review-idle,87774,webcontent,0.0,3.630,271.141
2026-09-07T18:03:56.666759+00:00,349942.979,snapshot-idle-diagnosis2-after-review-idle,87776,webkit_network,0.0,0.590,146.531
2026-09-07T18:03:56.666762+00:00,349942.979,snapshot-idle-diagnosis2-after-review-idle,87785,webcontent,0.0,1.960,294.656
2026-09-07T18:03:56.666765+00:00,349942.979,snapshot-idle-diagnosis2-after-review-idle,87786,webcontent,0.0,3.480,294.156
2026-09-07T18:03:56.666768+00:00,349942.979,snapshot-idle-diagnosis2-after-review-idle,87787,webcontent,0.0,3.530,294.828
2026-09-07T18:03:56.666771+00:00,349942.979,snapshot-idle-diagnosis2-after-review-idle,87788,webcontent,0.0,3.580,278.578
2026-09-07T18:03:56.666773+00:00,349942.979,snapshot-idle-diagnosis2-after-review-idle,87793,webkit_gpu,0.0,1.460,180.234
2026-09-07T18:03:57.677685+00:00,349943.990,snapshot-idle-diagnosis2-after-review-idle,87765,reader,0.9,21.490,769.047
2026-09-07T18:03:57.677721+00:00,349943.990,snapshot-idle-diagnosis2-after-review-idle,87771,webcontent,0.0,3.770,271.203
2026-09-07T18:03:57.677726+00:00,349943.990,snapshot-idle-diagnosis2-after-review-idle,87772,webcontent,0.0,3.650,271.109
2026-09-07T18:03:57.677729+00:00,349943.990,snapshot-idle-diagnosis2-after-review-idle,87773,webcontent,0.0,3.730,271.375
2026-09-07T18:03:57.677731+00:00,349943.990,snapshot-idle-diagnosis2-after-review-idle,87774,webcontent,0.0,3.630,271.141
2026-09-07T18:03:57.677735+00:00,349943.990,snapshot-idle-diagnosis2-after-review-idle,87776,webkit_network,0.0,0.590,146.531
2026-09-07T18:03:57.677737+00:00,349943.990,snapshot-idle-diagnosis2-after-review-idle,87785,webcontent,0.0,1.960,294.656
2026-09-07T18:03:57.677740+00:00,349943.990,snapshot-idle-diagnosis2-after-review-idle,87786,webcontent,0.0,3.480,294.156
2026-09-07T18:03:57.677743+00:00,349943.990,snapshot-idle-diagnosis2-after-review-idle,87787,webcontent,0.0,3.530,294.828
2026-09-07T18:03:57.677746+00:00,349943.990,snapshot-idle-diagnosis2-after-review-idle,87788,webcontent,0.0,3.580,278.578
2026-09-07T18:03:57.677748+00:00,349943.990,snapshot-idle-diagnosis2-after-review-idle,87793,webkit_gpu,0.0,1.460,180.234
2026-09-07T18:03:58.686208+00:00,349945.000,snapshot-idle-diagnosis2-after-review-idle,87765,reader,0.9,21.500,768.938
2026-09-07T18:03:58.686240+00:00,349945.000,snapshot-idle-diagnosis2-after-review-idle,87771,webcontent,0.0,3.770,271.203
2026-09-07T18:03:58.686244+00:00,349945.000,snapshot-idle-diagnosis2-after-review-idle,87772,webcontent,0.0,3.650,271.109
2026-09-07T18:03:58.686247+00:00,349945.000,snapshot-idle-diagnosis2-after-review-idle,87773,webcontent,0.0,3.730,271.375
2026-09-07T18:03:58.686250+00:00,349945.000,snapshot-idle-diagnosis2-after-review-idle,87774,webcontent,0.0,3.630,271.141
2026-09-07T18:03:58.686253+00:00,349945.000,snapshot-idle-diagnosis2-after-review-idle,87776,webkit_network,0.0,0.590,146.531
2026-09-07T18:03:58.686256+00:00,349945.000,snapshot-idle-diagnosis2-after-review-idle,87785,webcontent,0.0,1.960,294.656
2026-09-07T18:03:58.686259+00:00,349945.000,snapshot-idle-diagnosis2-after-review-idle,87786,webcontent,0.0,3.480,294.156
2026-09-07T18:03:58.686261+00:00,349945.000,snapshot-idle-diagnosis2-after-review-idle,87787,webcontent,0.0,3.530,294.828
2026-09-07T18:03:58.686264+00:00,349945.000,snapshot-idle-diagnosis2-after-review-idle,87788,webcontent,0.0,3.580,278.578
2026-09-07T18:03:58.686267+00:00,349945.000,snapshot-idle-diagnosis2-after-review-idle,87793,webkit_gpu,0.0,1.460,180.234
2026-09-07T18:03:59.695174+00:00,349946.010,snapshot-idle-diagnosis2-after-review-idle,87765,reader,0.9,21.510,768.938
2026-09-07T18:03:59.695204+00:00,349946.010,snapshot-idle-diagnosis2-after-review-idle,87771,webcontent,0.0,3.770,271.203
2026-09-07T18:03:59.695208+00:00,349946.010,snapshot-idle-diagnosis2-after-review-idle,87772,webcontent,0.0,3.650,271.109
2026-09-07T18:03:59.695211+00:00,349946.010,snapshot-idle-diagnosis2-after-review-idle,87773,webcontent,0.0,3.730,271.375
2026-09-07T18:03:59.695214+00:00,349946.010,snapshot-idle-diagnosis2-after-review-idle,87774,webcontent,0.0,3.630,271.141
2026-09-07T18:03:59.695217+00:00,349946.010,snapshot-idle-diagnosis2-after-review-idle,87776,webkit_network,0.0,0.590,146.531
2026-09-07T18:03:59.695220+00:00,349946.010,snapshot-idle-diagnosis2-after-review-idle,87785,webcontent,0.0,1.960,294.656
2026-09-07T18:03:59.695222+00:00,349946.010,snapshot-idle-diagnosis2-after-review-idle,87786,webcontent,0.0,3.480,294.156
2026-09-07T18:03:59.695225+00:00,349946.010,snapshot-idle-diagnosis2-after-review-idle,87787,webcontent,0.0,3.530,294.828
2026-09-07T18:03:59.695228+00:00,349946.010,snapshot-idle-diagnosis2-after-review-idle,87788,webcontent,0.0,3.580,278.578
2026-09-07T18:03:59.695231+00:00,349946.010,snapshot-idle-diagnosis2-after-review-idle,87793,webkit_gpu,0.0,1.460,180.234
2026-09-07T18:04:00.705101+00:00,349947.021,snapshot-idle-diagnosis2-after-review-idle,87765,reader,16.9,21.710,799.047
2026-09-07T18:04:00.705147+00:00,349947.021,snapshot-idle-diagnosis2-after-review-idle,87771,webcontent,0.0,3.770,271.203
2026-09-07T18:04:00.705153+00:00,349947.021,snapshot-idle-diagnosis2-after-review-idle,87772,webcontent,0.0,3.650,271.109
2026-09-07T18:04:00.705156+00:00,349947.021,snapshot-idle-diagnosis2-after-review-idle,87773,webcontent,0.0,3.730,271.375
2026-09-07T18:04:00.705159+00:00,349947.021,snapshot-idle-diagnosis2-after-review-idle,87774,webcontent,0.0,3.630,271.141
2026-09-07T18:04:00.705162+00:00,349947.021,snapshot-idle-diagnosis2-after-review-idle,87776,webkit_network,0.0,0.590,146.531
2026-09-07T18:04:00.705165+00:00,349947.021,snapshot-idle-diagnosis2-after-review-idle,87785,webcontent,0.0,1.960,294.656
2026-09-07T18:04:00.705168+00:00,349947.021,snapshot-idle-diagnosis2-after-review-idle,87786,webcontent,0.0,3.480,294.156
2026-09-07T18:04:00.705171+00:00,349947.021,snapshot-idle-diagnosis2-after-review-idle,87787,webcontent,0.0,3.530,294.828
2026-09-07T18:04:00.705174+00:00,349947.021,snapshot-idle-diagnosis2-after-review-idle,87788,webcontent,0.0,3.580,278.578
2026-09-07T18:04:00.705177+00:00,349947.021,snapshot-idle-diagnosis2-after-review-idle,87793,webkit_gpu,0.0,1.460,180.234
2026-09-07T18:04:01.716630+00:00,349948.031,snapshot-idle-diagnosis2-after-review-idle,87765,reader,1.3,21.720,799.047
2026-09-07T18:04:01.716664+00:00,349948.031,snapshot-idle-diagnosis2-after-review-idle,87771,webcontent,0.0,3.770,271.203
2026-09-07T18:04:01.716667+00:00,349948.031,snapshot-idle-diagnosis2-after-review-idle,87772,webcontent,0.0,3.650,271.109
2026-09-07T18:04:01.716670+00:00,349948.031,snapshot-idle-diagnosis2-after-review-idle,87773,webcontent,0.0,3.730,271.375
2026-09-07T18:04:01.716673+00:00,349948.031,snapshot-idle-diagnosis2-after-review-idle,87774,webcontent,0.0,3.630,271.141
2026-09-07T18:04:01.716676+00:00,349948.031,snapshot-idle-diagnosis2-after-review-idle,87776,webkit_network,0.0,0.590,146.531
2026-09-07T18:04:01.716679+00:00,349948.031,snapshot-idle-diagnosis2-after-review-idle,87785,webcontent,0.0,1.960,294.656
2026-09-07T18:04:01.716682+00:00,349948.031,snapshot-idle-diagnosis2-after-review-idle,87786,webcontent,0.0,3.480,294.156
2026-09-07T18:04:01.716685+00:00,349948.031,snapshot-idle-diagnosis2-after-review-idle,87787,webcontent,0.0,3.530,294.828
2026-09-07T18:04:01.716687+00:00,349948.031,snapshot-idle-diagnosis2-after-review-idle,87788,webcontent,0.0,3.580,278.578
2026-09-07T18:04:01.716690+00:00,349948.031,snapshot-idle-diagnosis2-after-review-idle,87793,webkit_gpu,0.0,1.460,180.234
2026-09-07T18:04:02.726255+00:00,349949.041,snapshot-idle-diagnosis2-after-review-idle,87765,reader,0.9,21.730,799.047
2026-09-07T18:04:02.726289+00:00,349949.041,snapshot-idle-diagnosis2-after-review-idle,87771,webcontent,0.0,3.770,271.203
2026-09-07T18:04:02.726293+00:00,349949.041,snapshot-idle-diagnosis2-after-review-idle,87772,webcontent,0.0,3.650,271.109
2026-09-07T18:04:02.726296+00:00,349949.041,snapshot-idle-diagnosis2-after-review-idle,87773,webcontent,0.0,3.730,271.375
2026-09-07T18:04:02.726299+00:00,349949.041,snapshot-idle-diagnosis2-after-review-idle,87774,webcontent,0.0,3.630,271.141
2026-09-07T18:04:02.726301+00:00,349949.041,snapshot-idle-diagnosis2-after-review-idle,87776,webkit_network,0.0,0.590,146.531
2026-09-07T18:04:02.726304+00:00,349949.041,snapshot-idle-diagnosis2-after-review-idle,87785,webcontent,0.0,1.960,294.656
2026-09-07T18:04:02.726307+00:00,349949.041,snapshot-idle-diagnosis2-after-review-idle,87786,webcontent,0.0,3.480,294.156
2026-09-07T18:04:02.726310+00:00,349949.041,snapshot-idle-diagnosis2-after-review-idle,87787,webcontent,0.0,3.530,294.828
2026-09-07T18:04:02.726312+00:00,349949.041,snapshot-idle-diagnosis2-after-review-idle,87788,webcontent,0.0,3.580,278.578
2026-09-07T18:04:02.726315+00:00,349949.041,snapshot-idle-diagnosis2-after-review-idle,87793,webkit_gpu,0.0,1.460,180.234
2026-09-07T18:04:03.734170+00:00,349950.052,snapshot-idle-diagnosis2-after-review-idle,87765,reader,0.9,21.740,799.047
2026-09-07T18:04:03.734206+00:00,349950.052,snapshot-idle-diagnosis2-after-review-idle,87771,webcontent,0.0,3.770,271.203
2026-09-07T18:04:03.734211+00:00,349950.052,snapshot-idle-diagnosis2-after-review-idle,87772,webcontent,0.0,3.650,271.109
2026-09-07T18:04:03.734214+00:00,349950.052,snapshot-idle-diagnosis2-after-review-idle,87773,webcontent,0.0,3.730,271.375
2026-09-07T18:04:03.734217+00:00,349950.052,snapshot-idle-diagnosis2-after-review-idle,87774,webcontent,0.0,3.630,271.141
2026-09-07T18:04:03.734221+00:00,349950.052,snapshot-idle-diagnosis2-after-review-idle,87776,webkit_network,0.0,0.590,146.531
2026-09-07T18:04:03.734223+00:00,349950.052,snapshot-idle-diagnosis2-after-review-idle,87785,webcontent,0.0,1.960,294.656
2026-09-07T18:04:03.734226+00:00,349950.052,snapshot-idle-diagnosis2-after-review-idle,87786,webcontent,0.0,3.480,294.156
2026-09-07T18:04:03.734229+00:00,349950.052,snapshot-idle-diagnosis2-after-review-idle,87787,webcontent,0.0,3.530,294.828
2026-09-07T18:04:03.734232+00:00,349950.052,snapshot-idle-diagnosis2-after-review-idle,87788,webcontent,0.0,3.580,278.578
2026-09-07T18:04:03.734235+00:00,349950.052,snapshot-idle-diagnosis2-after-review-idle,87793,webkit_gpu,0.0,1.460,180.234
2026-09-07T18:04:04.744870+00:00,349951.062,snapshot-idle-diagnosis2-after-review-idle,87765,reader,0.9,21.750,799.047
2026-09-07T18:04:04.744904+00:00,349951.062,snapshot-idle-diagnosis2-after-review-idle,87771,webcontent,0.0,3.770,271.203
2026-09-07T18:04:04.744908+00:00,349951.062,snapshot-idle-diagnosis2-after-review-idle,87772,webcontent,0.0,3.650,271.109
2026-09-07T18:04:04.744911+00:00,349951.062,snapshot-idle-diagnosis2-after-review-idle,87773,webcontent,0.0,3.730,271.375
2026-09-07T18:04:04.744914+00:00,349951.062,snapshot-idle-diagnosis2-after-review-idle,87774,webcontent,0.0,3.630,271.141
2026-09-07T18:04:04.744917+00:00,349951.062,snapshot-idle-diagnosis2-after-review-idle,87776,webkit_network,0.0,0.590,146.531
2026-09-07T18:04:04.744920+00:00,349951.062,snapshot-idle-diagnosis2-after-review-idle,87785,webcontent,0.0,1.960,294.656
2026-09-07T18:04:04.744923+00:00,349951.062,snapshot-idle-diagnosis2-after-review-idle,87786,webcontent,0.0,3.480,294.156
2026-09-07T18:04:04.744926+00:00,349951.062,snapshot-idle-diagnosis2-after-review-idle,87787,webcontent,0.0,3.530,294.828
2026-09-07T18:04:04.744928+00:00,349951.062,snapshot-idle-diagnosis2-after-review-idle,87788,webcontent,0.0,3.580,278.578
2026-09-07T18:04:04.744931+00:00,349951.062,snapshot-idle-diagnosis2-after-review-idle,87793,webkit_gpu,0.0,1.460,180.234
2026-09-07T18:04:05.755291+00:00,349952.072,snapshot-idle-diagnosis2-after-review-idle,87765,reader,0.9,21.760,798.906
2026-09-07T18:04:05.755328+00:00,349952.072,snapshot-idle-diagnosis2-after-review-idle,87771,webcontent,0.0,3.770,271.203
2026-09-07T18:04:05.755333+00:00,349952.072,snapshot-idle-diagnosis2-after-review-idle,87772,webcontent,0.0,3.650,271.109
2026-09-07T18:04:05.755336+00:00,349952.072,snapshot-idle-diagnosis2-after-review-idle,87773,webcontent,0.0,3.730,271.375
2026-09-07T18:04:05.755339+00:00,349952.072,snapshot-idle-diagnosis2-after-review-idle,87774,webcontent,0.0,3.630,271.141
2026-09-07T18:04:05.755342+00:00,349952.072,snapshot-idle-diagnosis2-after-review-idle,87776,webkit_network,0.1,0.600,146.531
2026-09-07T18:04:05.755345+00:00,349952.072,snapshot-idle-diagnosis2-after-review-idle,87785,webcontent,0.0,1.960,294.656
2026-09-07T18:04:05.755348+00:00,349952.072,snapshot-idle-diagnosis2-after-review-idle,87786,webcontent,0.0,3.480,294.156
2026-09-07T18:04:05.755350+00:00,349952.072,snapshot-idle-diagnosis2-after-review-idle,87787,webcontent,0.0,3.530,294.828
2026-09-07T18:04:05.755353+00:00,349952.072,snapshot-idle-diagnosis2-after-review-idle,87788,webcontent,0.0,3.580,278.578
2026-09-07T18:04:05.755356+00:00,349952.072,snapshot-idle-diagnosis2-after-review-idle,87793,webkit_gpu,0.0,1.460,180.234
2026-09-07T18:04:06.797103+00:00,349953.072,snapshot-idle-diagnosis2-after-review-idle,87765,reader,0.8,21.770,798.891
2026-09-07T18:04:06.797156+00:00,349953.072,snapshot-idle-diagnosis2-after-review-idle,87771,webcontent,0.0,3.770,271.203
2026-09-07T18:04:06.797167+00:00,349953.072,snapshot-idle-diagnosis2-after-review-idle,87772,webcontent,0.0,3.650,271.109
2026-09-07T18:04:06.797173+00:00,349953.072,snapshot-idle-diagnosis2-after-review-idle,87773,webcontent,0.0,3.730,271.375
2026-09-07T18:04:06.797178+00:00,349953.072,snapshot-idle-diagnosis2-after-review-idle,87774,webcontent,0.0,3.630,271.141
2026-09-07T18:04:06.797184+00:00,349953.072,snapshot-idle-diagnosis2-after-review-idle,87776,webkit_network,0.0,0.600,146.531
2026-09-07T18:04:06.797189+00:00,349953.072,snapshot-idle-diagnosis2-after-review-idle,87785,webcontent,0.0,1.960,294.656
2026-09-07T18:04:06.797195+00:00,349953.072,snapshot-idle-diagnosis2-after-review-idle,87786,webcontent,0.0,3.480,294.156
2026-09-07T18:04:06.797200+00:00,349953.072,snapshot-idle-diagnosis2-after-review-idle,87787,webcontent,0.0,3.530,294.828
2026-09-07T18:04:06.797205+00:00,349953.072,snapshot-idle-diagnosis2-after-review-idle,87788,webcontent,0.0,3.580,278.578
2026-09-07T18:04:06.797211+00:00,349953.072,snapshot-idle-diagnosis2-after-review-idle,87793,webkit_gpu,0.0,1.460,180.234
2026-09-07T18:04:07.734949+00:00,349954.083,snapshot-idle-diagnosis2-after-review-idle,87765,reader,0.6,21.780,798.891
2026-09-07T18:04:07.734987+00:00,349954.083,snapshot-idle-diagnosis2-after-review-idle,87771,webcontent,0.0,3.770,271.203
2026-09-07T18:04:07.734992+00:00,349954.083,snapshot-idle-diagnosis2-after-review-idle,87772,webcontent,0.0,3.650,271.109
2026-09-07T18:04:07.734995+00:00,349954.083,snapshot-idle-diagnosis2-after-review-idle,87773,webcontent,0.0,3.730,271.375
2026-09-07T18:04:07.734997+00:00,349954.083,snapshot-idle-diagnosis2-after-review-idle,87774,webcontent,0.0,3.630,271.141
2026-09-07T18:04:07.735000+00:00,349954.083,snapshot-idle-diagnosis2-after-review-idle,87776,webkit_network,0.0,0.600,146.531
2026-09-07T18:04:07.735002+00:00,349954.083,snapshot-idle-diagnosis2-after-review-idle,87785,webcontent,0.0,1.960,294.656
2026-09-07T18:04:07.735005+00:00,349954.083,snapshot-idle-diagnosis2-after-review-idle,87786,webcontent,0.0,3.480,294.156
2026-09-07T18:04:07.735007+00:00,349954.083,snapshot-idle-diagnosis2-after-review-idle,87787,webcontent,0.0,3.530,294.828
2026-09-07T18:04:07.735009+00:00,349954.083,snapshot-idle-diagnosis2-after-review-idle,87788,webcontent,0.0,3.580,278.578
2026-09-07T18:04:07.735011+00:00,349954.083,snapshot-idle-diagnosis2-after-review-idle,87793,webkit_gpu,0.0,1.460,180.234
2026-09-07T18:04:08.746741+00:00,349955.093,snapshot-idle-diagnosis2-after-review-idle,87765,reader,0.4,21.790,798.828
2026-09-07T18:04:08.746773+00:00,349955.093,snapshot-idle-diagnosis2-after-review-idle,87771,webcontent,0.0,3.770,271.203
2026-09-07T18:04:08.746777+00:00,349955.093,snapshot-idle-diagnosis2-after-review-idle,87772,webcontent,0.0,3.650,271.109
2026-09-07T18:04:08.746780+00:00,349955.093,snapshot-idle-diagnosis2-after-review-idle,87773,webcontent,0.0,3.730,271.375
2026-09-07T18:04:08.746783+00:00,349955.093,snapshot-idle-diagnosis2-after-review-idle,87774,webcontent,0.0,3.630,271.141
2026-09-07T18:04:08.746786+00:00,349955.093,snapshot-idle-diagnosis2-after-review-idle,87776,webkit_network,0.0,0.600,146.531
2026-09-07T18:04:08.746788+00:00,349955.093,snapshot-idle-diagnosis2-after-review-idle,87785,webcontent,0.0,1.960,294.656
2026-09-07T18:04:08.746790+00:00,349955.093,snapshot-idle-diagnosis2-after-review-idle,87786,webcontent,0.0,3.480,294.156
2026-09-07T18:04:08.746793+00:00,349955.093,snapshot-idle-diagnosis2-after-review-idle,87787,webcontent,0.0,3.530,294.828
2026-09-07T18:04:08.746795+00:00,349955.093,snapshot-idle-diagnosis2-after-review-idle,87788,webcontent,0.0,3.580,278.578
2026-09-07T18:04:08.746797+00:00,349955.093,snapshot-idle-diagnosis2-after-review-idle,87793,webkit_gpu,0.0,1.460,180.234
